state,city,neighborhood,address,name,date
AZ,Scottsdale,,"7240 E Main St","Nonna Urban Eatery","2017-07-10 00:00:00"
AZ,"Paradise Valley",,"5532 N Palo Cristi Rd","The Hermosa Inn","2017-07-05 00:00:00"
AZ,Phoenix,,"4325 East Indian School Rd, Ste 130","Current Meditation","2017-07-05 00:00:00"
AZ,Chandler,,"5594 W Wild Horse Pass Blvd","Sheraton Grand at Wild Horse Pass","2017-07-05 00:00:00"
AZ,Phoenix,,"3950 E Indian School Rd","Tacos Tequila Whiskey","2017-07-05 00:00:00"
AZ,Chandler,,"5594 W Wild Horse Pass Blvd","Ko'sin Restaurant","2017-07-05 00:00:00"
AZ,Phoenix,,"6107 7th St","Camp Social","2017-07-05 00:00:00"
AZ,"Paradise Valley",,"6208 N Scottsdale Rd","Rancho Pinot","2017-06-27 00:00:00"
AZ,Phoenix,,"6106 S 32nd St","Quiessence Restaurant","2017-06-27 00:00:00"
AZ,Phoenix,,"540 W McDowell Rd","Rubio's Coastal Grill","2017-06-16 00:00:00"
AZ,Scottsdale,,"6114 N Scottsdale Rd","Andaz Scottsdale Resort & Spa","2017-06-12 00:00:00"
AZ,Scottsdale,,"7116 E Mercer Ln, Ste 101","Pasto di Forno","2017-06-12 00:00:00"
AZ,Phoenix,,"201 E Washington St, Ste 104","The Whining Pig - Downtown","2017-06-12 00:00:00"
AZ,Phoenix,,"1923 E Mcdowell Rd","Tacos Chiwas","2017-06-12 00:00:00"
AZ,Scottsdale,,"6114 North Scottsdale Rd","Weft & Warp Art Bar + Kitchen","2017-06-11 00:00:00"
AZ,Phoenix,,"2325 North 7th St","Urban Cookies","2017-06-11 00:00:00"
AZ,Phoenix,,"1028 Grand Ave",ThirdSpace,"2017-05-22 00:00:00"
AZ,Phoenix,,"4700 N 12th St, Ste 101","Original Gravity","2017-05-22 00:00:00"
AZ,Phoenix,,"100 E Camelback Rd, Ste 166","Elly's Brunch & Cafe","2017-05-22 00:00:00"
AZ,"Paradise Valley",,"5445 E Lincoln Dr","Hearth '61","2017-05-22 00:00:00"
AZ,Phoenix,,"11111 N 7th St","Different Pointe of View","2017-05-22 00:00:00"
AZ,Phoenix,,"5600 N 7th St, Ste 100","Casa Anejo","2017-05-19 00:00:00"
NV,"Las Vegas","The Strip","3950 S Las Vegas Blvd","Libertine Social","2017-05-19 00:00:00"
NV,"Las Vegas",Downtown,"Downtown Container Park, 707 Fremont St","The Perch","2017-05-17 00:00:00"
AZ,Phoenix,,"6106 S 32nd St","Morning Glory Cafe","2017-05-17 00:00:00"
NV,"Las Vegas",Downtown,"111 Las Vegas Blvd S","Downtown Cocktail Room","2017-05-17 00:00:00"
AZ,Phoenix,,"3738 E Indian School Rd","Thai Lahna Restaurant","2017-05-15 00:00:00"
AZ,Phoenix,,"3752 E Indian School Rd","Autumn Court","2017-05-12 00:00:00"
AZ,Phoenix,,"1125 E Glendale Ave","Panera Bread","2017-05-09 00:00:00"
AZ,Phoenix,,"3375 E Shea Blvd","The Joy Bus Diner","2017-05-07 00:00:00"
AZ,Phoenix,,"114 W Adams St, Ste C-103","Noodle Bar","2017-05-07 00:00:00"
AZ,Phoenix,,"1028 Grand Ave, Ste 6","Novel Ice Cream","2017-05-01 00:00:00"
AZ,Tempe,,"526 South Mill Ave","The Funky Monk","2017-05-01 00:00:00"
AZ,Phoenix,,"1031 Grand Ave","Grand Avenue Pizza Company","2017-05-01 00:00:00"
AZ,Phoenix,,"50 W Jefferson St, Ste 100","Chico Malo","2017-05-01 00:00:00"
AZ,Phoenix,,"3701 E Indian School Rd","The Smith","2017-05-01 00:00:00"
AZ,Phoenix,,"5651 N 7th St","Mora Italian","2017-05-01 00:00:00"
AZ,Scottsdale,,"7323 E Shoeman Ln","El Panzon Y Frida","2017-04-27 00:00:00"
AZ,Phoenix,,"4325 E Indian School Rd, Ste 150",Uberrito,"2017-04-27 00:00:00"
AZ,Scottsdale,,"8977 North Scottsdale Rd, Ste 500","La Sala Tequila Cantina","2017-04-27 00:00:00"
AZ,Phoenix,,"3630 E Indian School Rd","Pie Snob","2017-04-22 00:00:00"
AZ,Phoenix,,"100 East Camelback Rd, Ste 160","Huss Brewing Co. Uptown Taproom","2017-04-22 00:00:00"
NV,"Las Vegas","The Strip","3655 Las Vegas Blvd S",Martorano's,"2017-04-20 00:00:00"
NV,"Las Vegas",,"4515 Dean Martin Dr, Ste 1","The Blind Pig","2017-04-20 00:00:00"
NV,"Las Vegas","The Strip","3400 Las Vegas Blvd S","Yoga Among The Dolphins","2017-04-20 00:00:00"
NV,"Las Vegas",Downtown,"124 S 6th St, Ste 100","Carson Kitchen","2017-04-20 00:00:00"
NV,"Las Vegas",Downtown,"1218 S Main St","Velveteen Rabbit","2017-04-20 00:00:00"
NV,"Las Vegas","The Strip","3655 Las Vegas Blvd S","Gordon Ramsay Steak","2017-04-20 00:00:00"
NV,"Las Vegas",Downtown,"518 E Fremont St",Therapy,"2017-04-20 00:00:00"
NV,"Las Vegas",Downtown,"217 Las Vegas Blvd N","Gold Spike","2017-04-20 00:00:00"
NV,"Las Vegas","The Strip","2535 Las Vegas Blvd S","SLS Las Vegas Hotel & Casino","2017-04-20 00:00:00"
NV,"Las Vegas",Downtown,"525 E Fremont St","The Laundry Room","2017-04-20 00:00:00"
NV,"Las Vegas","The Strip","3377 S Las Vegas Blvd","The Dorsey","2017-04-20 00:00:00"
NV,"Las Vegas","The Strip","3645 Las Vegas Blvd S","SEA: The Thai Experience","2017-04-20 00:00:00"
AZ,Phoenix,,"4385 E Indian School Rd",Doughbird,"2017-04-19 00:00:00"
AZ,Phoenix,,"1002 N 7th Ave","El Norteño","2017-04-19 00:00:00"
AZ,Scottsdale,,"6830 E 5th Ave, Ste 108","La Locanda","2017-04-19 00:00:00"
AZ,Phoenix,,"2501 E Telawa Trl","Jamie's Wine Bar","2017-04-19 00:00:00"
AZ,Phoenix,,"702 W Montecito Ave","Restaurant Progress","2017-04-19 00:00:00"
AZ,Phoenix,,"555 N Central Ave","Vera Icon","2017-04-17 00:00:00"
AZ,Tempe,,"65 S McClintock Dr","Portillo's Hot Dogs","2017-04-17 00:00:00"
AZ,Phoenix,,"2544 N 7th St","New India Bazaar","2017-04-17 00:00:00"
AZ,Phoenix,,"7000 E Mayo Blvd","The White Chocolate Grill","2017-04-17 00:00:00"
AZ,Phoenix,,"1660 E Camelback Rd","Massage Envy - Camelback","2017-04-17 00:00:00"
AZ,Scottsdale,,"6114 North Scottsdale Rd","Weft & Warp Art Bar + Kitchen","2017-04-17 00:00:00"
AZ,Phoenix,,"7 W Monroe St","Cornish Pasty Company","2017-03-03 00:00:00"
AZ,Phoenix,,"2417 E Indian School Rd","The Wandering Tortoise","2017-03-03 00:00:00"
AZ,Phoenix,,"3 S 2nd St, Ste 114","The Park","2017-03-03 00:00:00"
AZ,Phoenix,,"8729 N Central Ave","Ladera Taverna y Cocina","2017-03-03 00:00:00"
AZ,Phoenix,,"6106 S 32nd St","The Farm Kitchen","2017-03-03 00:00:00"
AZ,Phoenix,,"220 E Roosevelt St","The Dressing Room","2017-03-03 00:00:00"
AZ,Scottsdale,,"8977 N Scottsdale Rd, Ste 500","The Living Room","2017-03-03 00:00:00"
AZ,Phoenix,,"3174 E Indian School Rd","The Bar","2017-03-03 00:00:00"
NV,"Las Vegas","The Strip","Caesars Palace, 3500 Las Vegas Blvd S","The Palm Las Vegas","2017-02-27 00:00:00"
NV,"Las Vegas","The Strip","2985 Las Vegas Blvd S","The Peppermill Restaurant & Fireside Lounge","2017-02-27 00:00:00"
NV,"Las Vegas","The Strip","Caesars Palace Las Vegas Hotel & Casino, 3570 Las Vegas Boulevard South","Fizz Las Vegas","2017-02-27 00:00:00"
AZ,Phoenix,,"333 E Roosevelt St","Jobot Coffee & Diner","2017-02-27 00:00:00"
AZ,Phoenix,,"2501 E Camelback Rd, Ste 24",Dieci,"2017-02-27 00:00:00"
AZ,Phoenix,,"915 N Central Ave","Tea & Toast","2017-02-26 00:00:00"
AZ,Scottsdale,,"8777 N Scottsdale Rd","Panera Bread","2017-02-26 00:00:00"
AZ,Tempe,,"601 W Rio Salado Pkwy","Press Coffee","2017-01-17 00:00:00"
AZ,Phoenix,,"3 S 2nd St, Ste 107","Athens Pita & Greek Grill","2017-01-16 00:00:00"
AZ,Phoenix,,"333 E Jefferson St","Willie's Taco Joint","2017-01-16 00:00:00"
AZ,Phoenix,,"101 E Jackson St","Alice Cooperstown","2017-01-16 00:00:00"
AZ,Phoenix,,"102 N Central Ave","Dunkin Donuts","2017-01-09 00:00:00"
AZ,Phoenix,,"3550 N Central Ave, Ste 120","Alexi's Grill","2017-01-07 00:00:00"
AZ,"Paradise Valley",,"5700 E McDonald Dr","Sanctuary Camelback Mountain Resort","2017-01-07 00:00:00"
AZ,Tempe,,"715 S Rural Rd","Cafe Rio","2017-01-06 00:00:00"
AZ,Scottsdale,,"6316 N Scottsdale Rd","Fat Ox","2016-12-24 00:00:00"
AZ,"Paradise Valley",,"5402 E Lincoln Dr","Lincoln & Bar 1936","2016-12-24 00:00:00"
AZ,Scottsdale,,"7318 E Shea Blvd, Ste 101","The Grand Blue","2016-12-24 00:00:00"
AZ,Scottsdale,,"6107 N Scottsdale Rd, Ste 110","Char Kitchen + Bar","2016-12-24 00:00:00"
AZ,Phoenix,,"4041 E Thomas Rd, Ste 124","Maria's Frybread & Mexican Food","2016-12-24 00:00:00"
AZ,Phoenix,,"333 E Roosevelt St, Ste 110","Oliver's Sophisticated Bean","2016-12-24 00:00:00"
AZ,Phoenix,,"3400 E Sky Harbor Blvd","Wildflower Bread Company","2016-12-24 00:00:00"
AZ,Phoenix,,"2050 S 16th St","Arizona Flower Market","2016-12-19 00:00:00"
AZ,Phoenix,,"4130 N 19th Ave","My Mother's Restaurant","2016-12-19 00:00:00"
AZ,Chandler,,"1986 N Alma School Rd","Sweeties Candy of Arizona","2016-12-19 00:00:00"
AZ,Phoenix,,"1024 E Buckeye Rd, Ste 180",WtfExp,"2016-12-16 00:00:00"
AZ,Phoenix,,"128 E Roosevelt St","Carly's Bistro","2016-12-16 00:00:00"
AZ,Phoenix,,"10810 N Tatum Blvd, Ste 126","OHSO Brewery - Paradise Valley","2016-12-12 00:00:00"
AZ,Scottsdale,,"14344 N Scottsdale Rd",Sapporo,"2016-12-12 00:00:00"
AZ,Scottsdale,,"10050 N Scottsdale Rd, Ste 127","Sonata's Restaurant","2016-12-12 00:00:00"
AZ,Phoenix,,"21 W Van Buren St","Even Stevens Sandwiches","2016-12-09 00:00:00"
AZ,Scottsdale,,"7700 E Mccormick Pkwy","Kitchen West Restaurant","2016-12-09 00:00:00"
AZ,Scottsdale,,"4200 N Scottsdale Rd","Bourbon & Bones","2016-12-09 00:00:00"
AZ,Phoenix,,"4041 E Thomas Rd","Jewel's Bakery & Cafe","2016-12-06 00:00:00"
AZ,Phoenix,,"4750 N Central Ave","Rott n' Grapes Wine & Beer Bar","2016-12-03 00:00:00"
AZ,"Paradise Valley",,"5700 E McDonald Dr","The Sanctuary Elements","2016-12-03 00:00:00"
AZ,Phoenix,,"3961 E Camelback Rd","CRUjiente TACOS","2016-12-03 00:00:00"
AZ,Phoenix,,"825 N 1st St","Matt's Big Breakfast","2016-11-29 00:00:00"
AZ,Scottsdale,,"7342 E Shea Blvd, Ste 109","GWIN Wine and Beer","2016-11-29 00:00:00"
AZ,Phoenix,,"4240 N Central Ave","George & Dragon Restaurant","2016-11-29 00:00:00"
AZ,Phoenix,,"1330 W Roosevelt St","Tres Leches Cafe","2016-11-29 00:00:00"
AZ,Tempe,,"603 West University Dr","Perfect Pear Bistro","2016-11-23 00:00:00"
AZ,Tempe,,"526 S Mill Ave","Wasted Grain","2016-11-23 00:00:00"
AZ,Phoenix,,"3601 N 7th St","Schreiner's Fine Sausage","2016-11-21 00:00:00"
AZ,Phoenix,,"222 E Monroe St","Herberger Theater Center","2016-11-21 00:00:00"
AZ,Scottsdale,,"4216 N Brown Ave","Vines & Hops","2016-11-21 00:00:00"
AZ,Scottsdale,,"4225 N Craftsman Ct","Taj Mahal","2016-11-21 00:00:00"
AZ,Scottsdale,,"7135 E Camelback Rd, Ste 154","Hand Cut Burgers & Chophouse","2016-11-18 00:00:00"
AZ,Phoenix,,"1008 E Camelback Rd","Oregano's Pizza Bistro","2016-11-15 00:00:00"
AZ,Phoenix,,"3400 E Sky Harbor Blvd","Cheuvront Restaurant & Wine Bar","2016-11-07 00:00:00"
AZ,Phoenix,,"2501 E Telewa Trl","The Wrigley Mansion Club","2016-11-03 00:00:00"
AZ,Phoenix,,"924 E Roosevelt St","Welcome Diner","2016-11-03 00:00:00"
AZ,Phoenix,,"4743 N 20th St",Tratto,"2016-11-03 00:00:00"
AZ,Scottsdale,,"7044 E Main St",Sel,"2016-11-03 00:00:00"
AZ,Phoenix,,"3930 E Camelback Rd","Vincent Market Bistro","2016-11-03 00:00:00"
AZ,Phoenix,,"2814 N 16th St","Barrio Café","2016-11-03 00:00:00"
AZ,Phoenix,,"825 N 7th St, Ste 101","Cheba Hut - Phoenix","2016-11-03 00:00:00"
AZ,Phoenix,,"201 E Washington St","Mancuso's Restaurant","2016-11-03 00:00:00"
AZ,Phoenix,,"3620 E Indian School Rd",UnderTow,"2016-11-03 00:00:00"
AZ,Phoenix,,"7100 N 12th St, Bldg One",Pomelo,"2016-11-03 00:00:00"
AZ,Scottsdale,,"4142 N Marshall Way","Carlson Creek Vineyard","2016-11-02 00:00:00"
AZ,Phoenix,,"214 W Roosevelt St",SoSoBa,"2016-11-02 00:00:00"
AZ,Phoenix,,"2801 N Central Ave","Siu Wok","2016-11-02 00:00:00"
AZ,Phoenix,,"1100 N Central Ave","MATCH Restaurant & Cocktails","2016-11-02 00:00:00"
AZ,Phoenix,,"5749 N 7th St","The Womack","2016-11-02 00:00:00"
AZ,Phoenix,,"3160 E Camelback Rd",Stella,"2016-11-02 00:00:00"
AZ,Phoenix,,"3935 E Thomas Rd","Helio Basin Brewing","2016-11-02 00:00:00"
AZ,Phoenix,,"2125 N 24th St","Wren House Brewing","2016-11-02 00:00:00"
AZ,Phoenix,,"2525 E Camelback Rd",MercBar,"2016-11-02 00:00:00"
AZ,Phoenix,,"6933 N 7th St","Sierra Bonita Grill","2016-11-02 00:00:00"
AZ,Phoenix,,"2611 N Central Ave",Durant's,"2016-11-02 00:00:00"
AZ,Phoenix,,"2144 E Indian School Rd","Helton Brewing Co","2016-11-02 00:00:00"
AZ,Phoenix,,"114 W Adams St, Ste C101","Harumi Sushi","2016-11-02 00:00:00"
AZ,Phoenix,,"801 N 2nd St, Ste 108","Snoh Ice Shavery - Downtown","2016-11-01 00:00:00"
AZ,Phoenix,,"5632 N 7th St","Culinary Dropout","2016-11-01 00:00:00"
AZ,Phoenix,,"1 N 1st St","Kaleidoscope Juice","2016-11-01 00:00:00"
AZ,Phoenix,,"5144 N Central Ave","Postino Central","2016-11-01 00:00:00"
AZ,Phoenix,,"4202 N 32nd St, Ste G","Space Massage Studio","2016-10-31 00:00:00"
AZ,Phoenix,,"100 North 1st St","50's on Adams","2016-10-01 00:00:00"
AZ,Phoenix,,"4221 N 7th Ave",Toasted,"2016-08-30 00:00:00"
AZ,Phoenix,,"15530 N Tatum Blvd, Ste 160","Modern  Grove","2016-08-30 00:00:00"
AZ,Phoenix,,"2303 N 7th St","MacAlpine's Diner & Soda Fountain","2016-08-30 00:00:00"
AZ,Scottsdale,,"8989 N Scottsdale Rd, Ste 608",ALMA,"2016-08-30 00:00:00"
AZ,Phoenix,,"4290 E Indian School Rd","Wildflower Bread Company","2016-08-30 00:00:00"
AZ,Phoenix,,"4126 E Indian School Rd","Kneaders Bakery & Cafe","2016-08-23 00:00:00"
AZ,Scottsdale,,"8787 N Scottsdale Rd","Village Tavern","2016-08-22 00:00:00"
NV,"Las Vegas","The Strip","3600 S Las Vegas Blvd",Lago,"2016-08-19 00:00:00"
AZ,Phoenix,,"3912 E Camelback Rd","Juby True","2016-08-08 00:00:00"
AZ,Phoenix,,"100 E Camelback Rd, Ste 152","Lou Malnati's Pizzeria","2016-08-05 00:00:00"
AZ,Phoenix,,"5538 N 7th St, Ste 130","Honor Amongst Thieves","2016-08-05 00:00:00"
AZ,Scottsdale,,"4501 North Scottsdale Rd","Sprinkles Cupcakes","2016-08-01 00:00:00"
AZ,Scottsdale,,"4302 N Scottsdale Rd","Farm & Craft","2016-08-01 00:00:00"
AZ,Scottsdale,,"20825 N Pima Rd","Market Street Kitchen","2016-08-01 00:00:00"
AZ,Phoenix,,"5538 N 7th St, Ste 130","Stock & Stable","2016-08-01 00:00:00"
AZ,Scottsdale,,"15425 N Scottsdale Rd, Ste 180","Nekter Juice Bar","2016-08-01 00:00:00"
AZ,Scottsdale,,"6245 E Bell Rd","Tottie's Asian Kitchen","2016-08-01 00:00:00"
AZ,Phoenix,,"120 E Taylor St",Chick-fil-A,"2016-08-01 00:00:00"
AZ,Phoenix,,"718 N Central Ave","The Grand","2016-08-01 00:00:00"
AZ,Phoenix,,"2502 E Camelback Rd","Wink 24","2016-08-01 00:00:00"
AZ,Scottsdale,,"4821 N Scottsdale Rd","Postino Highland","2016-08-01 00:00:00"
AZ,Scottsdale,,"6902 E Greenway Pkwy","Agave - The Arizona Spa","2016-08-01 00:00:00"
AZ,Phoenix,,"5538 N 7th St, Ste 110","Pure Sushi Colony","2016-08-01 00:00:00"
AZ,Phoenix,,"5114 N 7th St","Ticoz Latin Kitchen","2016-08-01 00:00:00"
AZ,Phoenix,,"50 W Jefferson St, Ste 120","Grabbagreen Downtown - Phoenix","2016-08-01 00:00:00"
AZ,Scottsdale,,"18221 N Pima Rd, Ste 100","Decanter Winery & Lounge","2016-08-01 00:00:00"
AZ,Scottsdale,,"7030 E Greenway Pkwy","Postino Kierland","2016-08-01 00:00:00"
AZ,Phoenix,,"3722 E Indian School Rd","Bosa Donuts","2016-07-18 00:00:00"
AZ,Phoenix,,"5813 N 7th St","The Phoenix Ale Brewery Central Kitchen","2016-07-18 00:00:00"
AZ,Phoenix,,"910 N 4th St","Ike's Love And Sandwiches","2016-07-18 00:00:00"
AZ,Phoenix,,"828 N 2nd St","The Velo","2016-07-18 00:00:00"
AZ,Phoenix,,"2131 E Camelback Rd","Cafe Rio Mexican Grill","2016-07-18 00:00:00"
AZ,Phoenix,,"7100 N 12th St",Splurge,"2016-07-01 00:00:00"
AZ,Phoenix,,"7100 N 12th St, Bldg Two","Luci's at the Orchard","2016-07-01 00:00:00"
AZ,Phoenix,,"4301 E University Dr","Little Miss BBQ","2016-07-01 00:00:00"
AZ,Phoenix,,"1301 W Grand Ave","Barrio Cafe Gran Reserva","2016-06-28 00:00:00"
AZ,Scottsdale,,"7133 E Stetson Dr, Ste 4","Counter Intuitive","2016-06-25 00:00:00"
AZ,Phoenix,,"100 E Camelback Rd, Ste 100","Shake Shack","2016-06-20 00:00:00"
AZ,Phoenix,,"3134 E Indian School Rd","Bertha's Café","2016-06-12 00:00:00"
AZ,Scottsdale,,"10600 E Crescent Moon Dr","Onyx Bar & Lounge","2016-06-12 00:00:00"
NV,"Las Vegas","The Strip","2535 S Las Vegas Blvd",Cleo,"2016-06-12 00:00:00"
AZ,Phoenix,,"5200 E Camelback Rd","Royal Palms Resort and Spa, in the Unbound Collection by Hyatt","2016-06-12 00:00:00"
AZ,Scottsdale,,"7135 E Camelback",Creamistry,"2016-06-12 00:00:00"
AZ,Scottsdale,,"7217 E Main St","The Great Australian Bakery","2016-06-12 00:00:00"
AZ,Scottsdale,,"4420 N Saddlebag Trl, Ste 100",Bevvy,"2016-06-12 00:00:00"
NV,"Las Vegas","The Strip","3655 Las Vegas Blvd S","Mon Ami Gabi","2016-06-12 00:00:00"
AZ,Scottsdale,,"10600 E Crescent Moon Dr",Talavera,"2016-06-12 00:00:00"
AZ,Scottsdale,,"10600 East Crescent Moon Dr","Four Seasons Resort Scottsdale at Troon North","2016-06-12 00:00:00"
AZ,Scottsdale,,"7305 E Camelback Rd","Julio's Too","2016-06-12 00:00:00"
NV,"Las Vegas","The Strip","2535 S Las Vegas Blvd","Monkey Bar","2016-06-12 00:00:00"
AZ,Scottsdale,,"4218 N Scottsdale Rd","Crab & Mermaid","2016-06-12 00:00:00"
AZ,Scottsdale,,"7320 E Scottsdale Mall","Old Town Tavern","2016-06-12 00:00:00"
AZ,Scottsdale,,"7120 E 6th Ave, Ste 19","Super Chunk Sweets & Treats","2016-06-12 00:00:00"
AZ,Scottsdale,,"7328 E 2nd St","Los Olivos","2016-06-12 00:00:00"
AZ,Scottsdale,,"7704 E Doubletree Ranch Rd","Inde Fusion","2016-06-12 00:00:00"
AZ,Phoenix,,"3701 E Indian School Rd","Acacia Cafe","2016-06-12 00:00:00"
AZ,Phoenix,,"2650 E Camelback Rd","Hillstone Restaurant","2016-06-12 00:00:00"
AZ,Phoenix,,"1590 E Bethany Home Rd","Luci's Healthy Marketplace","2016-06-12 00:00:00"
AZ,Scottsdale,,"4312 N Brown Ave","Social Tap","2016-06-12 00:00:00"
AZ,Scottsdale,,"3213 N Hayden Rd","The Local Donut","2016-05-16 00:00:00"
AZ,Scottsdale,,"7240 E Main St","Top Marks Cafe","2016-05-10 00:00:00"
AZ,Phoenix,,"713 E Palo Verde Rd","Fuego Bistro","2016-05-09 00:00:00"
ON,Toronto,"Financial District","190 University Avenue Toronto, 3rd Floor","Momofuku Daishō","2016-05-09 00:00:00"
AZ,Phoenix,,"15 E Monroe St","Nook Kitchen","2016-05-09 00:00:00"
AZ,Phoenix,,"915 N Central Ave","Tea & Toast","2016-05-09 00:00:00"
ON,Toronto,"Entertainment District","118 John Street",Corrado's,"2016-05-09 00:00:00"
AZ,Phoenix,,"50 E Adams St","Melindas Alley","2016-05-09 00:00:00"
AZ,Tempe,,"114 E 7th St","House of Tricks","2016-05-09 00:00:00"
AZ,Phoenix,,"1651 E Camelback Rd","Duck & Decanter","2016-05-09 00:00:00"
AZ,Phoenix,,"6101 N 7th St","Joe's Midnight Run","2016-05-09 00:00:00"
AZ,Phoenix,,"1019 E Indian School Rd","Rhythm Room","2016-05-09 00:00:00"
NV,Henderson,,"140 S Green Valley Pkwy, Ste 142","LYFE Kitchen","2016-04-29 00:00:00"
AZ,Scottsdale,,"7125 E 2nd St","BOSS Pizza Bar","2016-04-29 00:00:00"
AZ,Scottsdale,,"7137 E Stetson Dr","Kazimierz World Wine Bar","2016-04-28 00:00:00"
AZ,Scottsdale,,"6936 E Main St","The House Brasserie","2016-04-25 00:00:00"
AZ,Scottsdale,,"9800 E Talking Stick Way","Orange Sky","2016-04-25 00:00:00"
AZ,Scottsdale,,"7144 E Stetson Dr, Ste C-100","Classic Cakes and Confections Bakery","2016-04-24 00:00:00"
AZ,Scottsdale,,"4245 N Craftsman Ct",Rockbar,"2016-04-24 00:00:00"
AZ,Scottsdale,,"4800 N Scottsdale Rd, Ste 1700","Roaring Fork","2016-04-24 00:00:00"
AZ,Phoenix,,"5505 N 7th St, Ste 110","Pita Jungle","2016-04-23 00:00:00"
AZ,Phoenix,,"3146 E Camelback Rd",Delux,"2016-04-14 00:00:00"
AZ,Phoenix,,"4631 N 7th Ave","Char's Has the Blues","2016-04-14 00:00:00"
AZ,Phoenix,,"5823 N 7th St","Mary Coyle Ol' Fashion Ice Cream","2016-04-14 00:00:00"
AZ,Phoenix,,"5538 N 7th St","The Herb Box","2016-04-14 00:00:00"
AZ,Scottsdale,,"7025 E 1st Ave","Arcadia Farms Marketplace","2016-04-05 00:00:00"
AZ,Tempe,,"1340 E 8th St, Ste 104","Four Peaks Brewing","2016-04-05 00:00:00"
AZ,Phoenix,,"1 N Central Ave","Duck & Decanter","2016-04-05 00:00:00"
AZ,Phoenix,,"628 E Adams St","The Rose and Crown","2016-04-05 00:00:00"
AZ,Scottsdale,,"7064 E 5th Ave","Salvatore Vineyards Tasting Room","2016-04-05 00:00:00"
AZ,Phoenix,,"455 N 3rd St, Ste 108","Cucina Cucina Modern Italian","2016-04-05 00:00:00"
AZ,Phoenix,,"2603 N Central Ave","Switch Restaurant & Wine Bar","2016-04-05 00:00:00"
AZ,Scottsdale,,"7173 East Main St","Aridus Wine Company Tasting Room","2016-04-05 00:00:00"
AZ,Phoenix,,"2502 E Camelback Rd, Ste 102","Christopher's and Crush Lounge","2016-04-05 00:00:00"
AZ,Phoenix,,"3213 E Camelback Rd",Tarbell's,"2016-03-29 00:00:00"
AZ,Phoenix,,"2401 E Camelback Rd","The Bees Knees","2016-03-29 00:00:00"
AZ,Phoenix,,"2333 N 7th St","Humble Pie","2016-03-29 00:00:00"
AZ,Phoenix,,"11 W Washington St, Ste 140","Chipotle Mexican Grill","2016-03-29 00:00:00"
AZ,Phoenix,,"15414 N 7th St, Ste 6","Mamma Toledo's The Pie Hole","2016-03-29 00:00:00"
AZ,Phoenix,,"2502 E Camelback Rd, Ste 130","The Crepe Club","2016-03-29 00:00:00"
AZ,Phoenix,,"2401 E Camelback Rd","The Bees Knees","2016-03-27 00:00:00"
AZ,Phoenix,,"2325 North 7th St","Urban Cookies","2016-03-21 00:00:00"
AZ,Phoenix,,"1916 E Camelback Rd","The Parlor","2016-03-21 00:00:00"
AZ,Phoenix,,"7822 N 12th St","Red Thai","2016-03-21 00:00:00"
AZ,Tempe,,"730 S Mill Ave 102","Pedal Haus Brewery","2016-03-21 00:00:00"
AZ,Phoenix,,"501 E Roosevelt St","Flowers Craft Beer & Wine","2016-03-21 00:00:00"
AZ,Scottsdale,,"7900 E Greenway Rd, Ste 101","Celebration of Fine Art","2016-03-12 00:00:00"
AZ,Scottsdale,,"7150 E 5th Ave, Ste 100","Scapegoat Beer and Wine","2016-03-07 00:00:00"
AZ,Scottsdale,,"4222 North Scottsdale Rd","Cold Beers & Cheeseburgers - Old Town","2016-03-07 00:00:00"
AZ,Scottsdale,,"8877 N Scottsdale Rd","Drexyl Restaurant","2016-03-07 00:00:00"
AZ,Phoenix,,"2401 E Camelback Rd",Artizen,"2016-03-07 00:00:00"
AZ,Phoenix,,"519 W Thomas Rd","Presidio Cocina Mexicana","2016-02-28 00:00:00"
AZ,Tempe,,"640 S Mill Ave, Ste 110","El Hefe","2016-02-28 00:00:00"
AZ,Scottsdale,,"7014 E Camelback Rd, Ste 1423","Thirsty Lion Gastropub & Grill","2016-02-28 00:00:00"
AZ,Phoenix,,"455 N 3rd St, Ste 100",Starbucks,"2016-02-28 00:00:00"
AZ,Tempe,,"26 E University Dr","Shady Park","2016-02-28 00:00:00"
AZ,Tempe,,"398 S Mill Ave","Caffe Boa","2016-02-24 00:00:00"
AZ,Phoenix,,"2245 N 12th St","Tuck Shop","2016-02-20 00:00:00"
AZ,Tempe,,"700 W Rio Salado Pkwy","Tempe Center for the Arts","2016-02-15 00:00:00"
AZ,Scottsdale,,"8220 N Hayden Rd","Twisted Grove Parlor + Bar","2016-02-15 00:00:00"
AZ,Scottsdale,,"4017 N Scottsdale Rd","Capriotti's Sandwich Shop","2016-02-15 00:00:00"
AZ,Scottsdale,,"6922 E Main St","Craft 64","2016-02-15 00:00:00"
AZ,Scottsdale,,"7353 E Scottsdale Mall",AZ88,"2016-02-15 00:00:00"
AZ,Scottsdale,,"7295 E Stetson Dr","Wasted Grain","2016-02-15 00:00:00"
AZ,Scottsdale,,"15323 N Scottsdale Rd, Ste 145","Le Macaron French Pastries","2016-02-15 00:00:00"
AZ,Phoenix,,"801 N 2nd St, Ste 100","Cobra Arcade Bar","2016-02-11 00:00:00"
AZ,Phoenix,,"3400 E Sky Harbor Blvd","La Grande Orange","2016-02-10 00:00:00"
AZ,Phoenix,,"2728 E Thomas Rd",Avanti,"2016-02-09 00:00:00"
AZ,Phoenix,,"6008 N 16th St","Dick's Hideaway","2016-02-09 00:00:00"
AZ,Phoenix,,"3200 E Sky Harbor Blvd",Wendy's,"2016-02-03 00:00:00"
AZ,Phoenix,,"114 W Adams St","Pat and Waldo's","2016-01-25 00:00:00"
AZ,Mesa,,"1245 W Baseline Rd, Ste 101-103","All Pierogi Euro Kitchen & Euro Market","2016-01-25 00:00:00"
AZ,Phoenix,,"1 N 1st St, Ste 108","The Kettle Black Kitchen & Pub","2016-01-25 00:00:00"
AZ,Phoenix,,"3620 E Indian School Rd","Sip Coffee & Beer Garage","2016-01-25 00:00:00"
NV,"Las Vegas","The Strip","Aria Hotel Casino, 3730 S Las Vegas Blvd","ALIBI Ultra Lounge","2015-12-31 00:00:00"
NV,"Las Vegas",Downtown,"511 Fremont St","The Griffin","2015-12-31 00:00:00"
NV,"Las Vegas",Downtown,"517 Fremont St, Ste A","Don't Tell Mama","2015-12-31 00:00:00"
NV,"Las Vegas",Downtown,"516 Fremont St","Vanguard Lounge","2015-12-31 00:00:00"
NV,"Las Vegas",Downtown,"523 Fremont St","Le Thai","2015-12-31 00:00:00"
NV,"Las Vegas","The Strip","2600 W Harmon Ave","Vdara Hotel","2015-12-31 00:00:00"
NV,"Las Vegas","The Strip","3750 South Las Vegas Blvd","Bobby's Burger Palace","2015-12-31 00:00:00"
NV,"Las Vegas",Downtown,"525 E Fremont St",Commonwealth,"2015-12-31 00:00:00"
AZ,Phoenix,,"4500 N 12th St","CoR Tapas & Wine","2015-12-17 00:00:00"
AZ,Phoenix,,"901 N 4th St","Bliss Rebar","2015-12-17 00:00:00"
AZ,Phoenix,,"100 E Camelback Rd","Flower Child","2015-12-12 00:00:00"
AZ,Phoenix,,"18 W Adams St","Yasda Bento","2015-12-06 00:00:00"
AZ,Phoenix,,"214 E Roosevelt St","Be Coffee + Food + Stuff","2015-12-06 00:00:00"
AZ,Phoenix,,"915 N Central Ave","Adobo Dragon","2015-12-06 00:00:00"
AZ,Phoenix,,"3000 E Sky Harbor Blvd","Paradise Bakery & Cafe","2015-11-30 00:00:00"
AZ,Phoenix,,"915 N Central Ave","The Larder + The Delta","2015-11-28 00:00:00"
AZ,Phoenix,,"5200 E Camelback Rd","T Cook's","2015-11-28 00:00:00"
AZ,Scottsdale,,"6951 E 1st St","LDV Winery","2015-11-28 00:00:00"
AZ,Scottsdale,,"7135 E Camelback Rd, Ste 195","Olive & Ivy","2015-11-28 00:00:00"
AZ,Phoenix,,"4225 E Camelback Rd","Buck & Rider","2015-11-28 00:00:00"
AZ,Phoenix,,"111 W Monroe St, Ste 120","Hidden Track Bottle Shop","2015-11-28 00:00:00"
AZ,Scottsdale,,"7213 E 1st Ave","Hula's Modern Tiki Scottsdale","2015-11-28 00:00:00"
AZ,Phoenix,,"915 N Central Ave","Walrus & The Pearl","2015-11-28 00:00:00"
AZ,Scottsdale,,"4363 N 75th St","Urbane Manner","2015-11-28 00:00:00"
AZ,Phoenix,,"8501 N 27th Ave","Bobby Q","2015-11-28 00:00:00"
AZ,Phoenix,,"25 E Camelback Rd","Sauce Pizza & Wine","2015-11-28 00:00:00"
AZ,Scottsdale,,"7301 E Indian Plz",Comoncy,"2015-11-28 00:00:00"
AZ,Scottsdale,,"7017 E Main St","Escape The Room AZ","2015-11-28 00:00:00"
AZ,Scottsdale,,"7133 E Stetson Dr, Ste 1","Cowboy Ciao","2015-11-28 00:00:00"
AZ,Phoenix,,"4280 E Indian School Rd, Suite 101","MOD Pizza","2015-11-28 00:00:00"
AZ,Scottsdale,,"2613 N Scottsdale Rd","D'Lite Healthy On The Go","2015-11-28 00:00:00"
AZ,Scottsdale,,"7131 E Main St","Malee's Thai Bistro","2015-11-28 00:00:00"
AZ,Tempe,,"640 S Mill Ave, Ste 120","Dierks Bentley's Whiskey Row","2015-11-28 00:00:00"
AZ,Tempe,,"777 S College Ave",Nocawich,"2015-11-28 00:00:00"
AZ,Phoenix,,"1514 N 7th Ave, Fl 2",SideBar,"2015-11-28 00:00:00"
AZ,Scottsdale,,"6934 E 1st Ave, Ste 102","Cafe Monarch","2015-11-28 00:00:00"
AZ,Phoenix,,"5813 N 7th St","Okra Cookhouse & Cocktails","2015-11-28 00:00:00"
AZ,Scottsdale,,"6186 N Scottsdale Rd","Paul Martin's American Grill","2015-11-28 00:00:00"
AZ,Scottsdale,,"4360 N Scottsdale Rd","The Montauk","2015-11-28 00:00:00"
AZ,Scottsdale,,"7620 E Indian School Rd","Merci French Cafe & Patisserie","2015-11-28 00:00:00"
AZ,Phoenix,,"1515 N 7th Ave, Ste 100","MAD Greens - Phoenix","2015-11-28 00:00:00"
AZ,Scottsdale,,"4225 N Craftsman Ct",Copperleaf,"2015-11-28 00:00:00"
AZ,Tempe,,"26 S Farmer Ave","The Lodge Sasquatch Kitchen","2015-11-28 00:00:00"
AZ,Phoenix,,"111 W Monroe St, Ste 130",zpizza,"2015-11-28 00:00:00"
AZ,Phoenix,,"2631 N Central Ave","Wild Thaiger","2015-11-28 00:00:00"
AZ,Phoenix,,"2445 E Thomas","Upper Crust Pizza Midtown","2015-11-28 00:00:00"
AZ,Phoenix,,"915 N Central Ave",Radish,"2015-11-28 00:00:00"
AZ,Phoenix,,"2201 N 7th St","The Coronado","2015-11-28 00:00:00"
AZ,Phoenix,,"3115 E Lincoln Dr","Base Pizzeria","2015-11-28 00:00:00"
AZ,Scottsdale,,"7318 E Stetson Dr","Holy Spirits","2015-11-28 00:00:00"
AZ,Phoenix,,"3243 N 3rd St",Ocotillo,"2015-10-27 00:00:00"
NV,"Las Vegas","The Strip","3730 Las Vegas Blvd S","Jean Georges Steakhouse","2015-10-06 00:00:00"
NV,"Las Vegas",Southeast,"Mccarran Int'l Airport","Jamba Juice","2015-10-06 00:00:00"
NV,"Las Vegas","The Strip","3730 Las Vegas Blvd S","Five50 Pizza Bar","2015-10-06 00:00:00"
NV,"Las Vegas","The Strip","3730 Las Vegas Blvd S","ARIA Resort & Casino","2015-10-06 00:00:00"
NV,"Las Vegas","The Strip","3730 Las Vegas Blvd S","BARDOT Brasserie","2015-10-06 00:00:00"
AZ,Phoenix,,"705 N 1st St","Chambers on First","2015-10-05 00:00:00"
AZ,Phoenix,,"1601 E Camelback Rd",Chick-fil-A,"2015-10-05 00:00:00"
AZ,Phoenix,,"4231 E Indian School Rd","The Yacht Club","2015-09-29 00:00:00"
AZ,Phoenix,,"2502 E Camelback Rd","True Food Kitchen","2015-09-29 00:00:00"
AZ,Scottsdale,,"8777 N Scottsdale Rd","Hash Kitchen","2015-09-28 00:00:00"
AZ,Phoenix,,"2243 N 12th St","Duza's Kitchen","2015-09-28 00:00:00"
AZ,Phoenix,,"1436 E McDowell Rd","Guanaquito Restaurant","2015-09-28 00:00:00"
AZ,Phoenix,,"2929 N 24th St","Barb's Bakery","2015-09-23 00:00:00"
AZ,Phoenix,,"603 N 5th Ave",Cibo,"2015-09-15 00:00:00"
AZ,Phoenix,,"4121 E Thomas Rd","SaBai Modern Thai","2015-09-15 00:00:00"
AZ,Phoenix,,"5040 N 40th St","Chelsea's Kitchen","2015-09-04 00:00:00"
AZ,Phoenix,,"7330 N Dreamy Draw Dr","Aunt Chiladas Squaw Peak","2015-09-04 00:00:00"
AZ,Scottsdale,,"7388 E Shea Blvd","Butterfield's Pancake House","2015-09-02 00:00:00"
AZ,Scottsdale,,"6149 N Scottsdale Rd","Slanted Rice Vietnamese Bistro","2015-09-02 00:00:00"
AZ,Phoenix,,"2601 N Central Ave",Corduroy,"2015-09-02 00:00:00"
AZ,Scottsdale,,"15323 N Scottsdale Rd, Ste 150","Sorso Wine Room","2015-09-02 00:00:00"
AZ,Scottsdale,,"12621 N Frank Lloyd Wright Blvd","Taliesin West","2015-09-02 00:00:00"
AZ,Tempe,,"1825 E Elliot Rd","Pollack Tempe Cinemas","2015-08-25 00:00:00"
AZ,Phoenix,,"1339 E Northern Ave","Taco & Dilla Parlor","2015-08-25 00:00:00"
AZ,Scottsdale,,"8390 E Via De Ventura, Ste F-108","Butters Pancakes & Café","2015-08-25 00:00:00"
AZ,Phoenix,,"2710 W Bell Rd","Silver Cinemas","2015-08-22 00:00:00"
AZ,Phoenix,,"2710 W Bell Rd","Silver Cinemas","2015-08-22 00:00:00"
AZ,Phoenix,,"21001 N Tatum Blvd","Paris Rendez-Vous","2015-08-05 00:00:00"
AZ,Phoenix,,"4433 N 16th St","Miracle Mile Delicatessen","2015-08-05 00:00:00"
AZ,Phoenix,,"6102 N 16th St, Ste 1","George's Kitchen","2015-08-02 00:00:00"
AZ,Phoenix,,"3154 E Camelback Rd",Mexx32,"2015-08-01 00:00:00"
AZ,Phoenix,,"3400 E Sky Harbor Blvd","Barrio Avion","2015-07-21 00:00:00"
NV,"Las Vegas","The Strip","3770 Las Vegas Blvd S","BLVD Creamery","2015-07-06 00:00:00"
NV,"Las Vegas","The Strip","3799 Las Vegas Blvd S",Crush,"2015-07-06 00:00:00"
NV,"Las Vegas","The Strip","3600 S Las Vegas Blvd",Jasmine,"2015-07-06 00:00:00"
AZ,Scottsdale,,"6560 N Scottsdale Rd","Vivo Ristorante","2015-07-04 00:00:00"
AZ,Phoenix,,"4730 E Indian School Rd, Ste 113","Rita's Italian Ice","2015-07-04 00:00:00"
AZ,Phoenix,,"1535 E Buckeye Rd","Welcome Chicken + Donuts","2015-07-04 00:00:00"
AZ,Scottsdale,,"4338 N Scottsdale Rd","Diego Pops","2015-07-04 00:00:00"
AZ,Scottsdale,,"6107 N Scottsdale Rd, Ste C-110","Bink's Kitchen & Bar - Scottsdale","2015-07-04 00:00:00"
AZ,Carefree,,"7202 E. Ho Road","Cellar 13 Wine Bar","2015-07-04 00:00:00"
AZ,Scottsdale,,"4301 N Civic Center Plz","The Toasted Cork","2015-07-04 00:00:00"
ON,Toronto,"Financial District","133 Richmond St W","Estiatorio VOLOS","2015-07-04 00:00:00"
AZ,Phoenix,,"915 N Central Ave","DeSoto Central Market","2015-07-04 00:00:00"
AZ,Scottsdale,,"7014 E Camelback Rd","V95 Wine Lounge & Coffee Bar","2015-07-04 00:00:00"
AZ,Phoenix,,"1620 W Montebello Ave","Harkins Theatres Christown 14","2015-07-04 00:00:00"
AZ,Scottsdale,,"6137 N Scottsdale Rd, Ste 108","TapHouse Kitchen","2015-07-04 00:00:00"
AZ,Scottsdale,,"34482 N Scottsdale Rd","Sesame Inn Carefree","2015-07-04 00:00:00"
ON,Toronto,"Entertainment District","370 King Street West","Hyatt Regency Toronto","2015-07-04 00:00:00"
AZ,Phoenix,,"6335 N 16th St",Rokerij,"2015-07-04 00:00:00"
AZ,Scottsdale,,"7215 E 1st St","Shakes & Cones","2015-07-04 00:00:00"
AZ,Scottsdale,,"3831 N Scottsdale Rd","Pink Pony","2015-07-04 00:00:00"
AZ,Scottsdale,,"8777 N Scottsdale Rd, Ste 308",Cuttlefish,"2015-07-04 00:00:00"
AZ,Tempe,,"603 W University Dr","The Revival","2015-07-04 00:00:00"
AZ,Tempe,,"850 S Ash Ave","Casey Moore's Oyster House","2015-07-04 00:00:00"
AZ,"Cave Creek",,"6130 E Cave Creek Rd","Bryan's Black Mountain Barbecue","2015-07-04 00:00:00"
AZ,Scottsdale,,"4005 N Scottsdale Rd","Sugar Bowl","2015-07-04 00:00:00"
AZ,Phoenix,,"1725 E Osborn","Coup Des Tartes","2015-07-04 00:00:00"
AZ,Scottsdale,,"7330 E Stetson Dr","Goodwood Tavern","2015-07-04 00:00:00"
AZ,Scottsdale,,"34631 N Tom Darlington Dr","The Boulders Resort & Spa","2015-07-04 00:00:00"
AZ,Scottsdale,,"7216 E Shoeman Ln","The Upton","2015-07-04 00:00:00"
AZ,Phoenix,,"801 N 3rd St","Milk Bar","2015-07-04 00:00:00"
AZ,Scottsdale,,"4245 North Drinkwater Boulevard","Hyatt House Scottsdale/Old Town","2015-07-04 00:00:00"
AZ,Phoenix,,"2605 N 7th St","El Chullo Peruvian Restaurant & Bar","2015-07-04 00:00:00"
ON,Mississauga,,"Toronto Pearson International Airport - 6301 Silver Dart Dr",Apropos,"2015-07-04 00:00:00"
AZ,Scottsdale,,"7111 E 5th Ave, Ste E","Citizen Public House","2015-07-04 00:00:00"
AZ,Scottsdale,,"3636 N Scottsdale Rd","Union Barrelhouse","2015-07-04 00:00:00"
AZ,Scottsdale,,"7217 E 1st St","Bootleggers Modern American Smokehouse","2015-07-04 00:00:00"
AZ,Tempe,,"403 W University Dr","Taste of Tops","2015-07-04 00:00:00"
AZ,Phoenix,,"9832 N 7th St, Ste 4","Ziggy's IL Posto","2015-07-04 00:00:00"
AZ,Scottsdale,,"6560 N Scottsdale Rd",SumoMaya,"2015-07-04 00:00:00"
AZ,Phoenix,,"9832 N 7th St, Ste 3","The Lounge","2015-07-04 00:00:00"
AZ,Phoenix,,"5632 N 7th St","Barrio Urbano","2015-07-04 00:00:00"
AZ,Scottsdale,,"34505 N Scottsdale Rd","Spotted Donkey Cantina, el Pedregal","2015-07-04 00:00:00"
AZ,Scottsdale,,"3815 N Brown Ave","The Mission Old Town","2015-07-04 00:00:00"
AZ,Tempe,,"203 E 7th St","Orange Table Tempe","2015-07-04 00:00:00"
AZ,Scottsdale,,"7301 E Indian Plz",Dakota,"2015-07-04 00:00:00"
ON,Toronto,"Downtown Core","187 Bay St, Commerce Court","Far Niente","2015-07-04 00:00:00"
AZ,Phoenix,,"300 W Camelback Rd","First Draft Book Bar","2015-07-03 00:00:00"
AZ,Tempe,,"200 E 5th St","Revo Pizzabar","2015-07-03 00:00:00"
AZ,Phoenix,,"2845 N Central Ave","Panera Bread","2015-07-03 00:00:00"
AZ,Phoenix,,"3800 E Sky Harbor Blvd","Paradise Bakery & Cafe","2015-07-03 00:00:00"
AZ,Phoenix,,"2310 N 16th St","Royale Lounge","2015-07-03 00:00:00"
AZ,Phoenix,,"300 W Camelback Rd","Southern Rail","2015-07-03 00:00:00"
AZ,Phoenix,,"4525 N 24th St","Noble Eatery","2015-07-03 00:00:00"
AZ,Phoenix,,"105 W Portland St",FEZ,"2015-07-03 00:00:00"
AZ,Mesa,,"1149 E Southern Ave","Organ Stop Pizza","2015-07-02 00:00:00"
AZ,Phoenix,,"The Ritz-Carlton, 2401 E Camelback Rd","Bistro 24","2015-07-02 00:00:00"
AZ,Tempe,,"149 S Farmer","Culinary Dropout","2015-07-02 00:00:00"
AZ,Tempe,,"1872 E Apache Blvd","The Dhaba","2015-07-02 00:00:00"
AZ,Phoenix,,"4326 E Cactus Rd","The Oink Cafe-Phoenix","2015-07-02 00:00:00"
AZ,Phoenix,,"9822 N 7th St, Ste 7","Most Wanted Taco Shop","2015-07-02 00:00:00"
AZ,Tempe,,"Graduate Tempe, 225 E Apache Blvd","The Normal","2015-07-02 00:00:00"
AZ,Scottsdale,,"8877 N Scottsdale Rd, Ste 402","Naya Mediterranean Cuisine","2015-07-02 00:00:00"
AZ,Tempe,,"225 E Apache Blvd",Tapacubo,"2015-07-02 00:00:00"
AZ,Tempe,,"404 S Mill Ave, Ste 101","Blasted Barley Beer Company","2015-07-02 00:00:00"
AZ,Phoenix,,"301 W Roosevelt St","Forno 301","2015-07-02 00:00:00"
AZ,Phoenix,,"1739 W Glendale Ave","Silver Dragon Chinese Restaurant","2015-07-02 00:00:00"
AZ,Phoenix,,"2333 E Osborn Rd","Mejico Cocina Mejicana","2015-07-02 00:00:00"
AZ,Tempe,,"615 S College Ave, Ste 103","Snooze An AM Eatery","2015-07-02 00:00:00"
AZ,Phoenix,,"50 W Jefferson St, Ste 100","Fractured Prune","2015-07-02 00:00:00"
AZ,Phoenix,,"1747 E Camelback Rd, Ste 100A","Relax Foot Spa","2015-07-02 00:00:00"
AZ,Phoenix,,"3241 E Shea Blvd",Michelina's,"2015-07-02 00:00:00"
AZ,Scottsdale,,"8977 N Scottsdale Rd, Ste 504","Forno Fabbri 1949","2015-07-02 00:00:00"
AZ,Scottsdale,,"17020 North Hayden Road","Toro Latin Restaurant and Rum Bar","2015-07-02 00:00:00"
AZ,Phoenix,,"4700 N Central Ave","Fàme Caffe","2015-07-02 00:00:00"
AZ,Scottsdale,,"6991 E Camelback Rd","Mastro's City Hall","2015-07-02 00:00:00"
NV,"Las Vegas","The Strip","Mandalay Bay Hotel Casino, 3950 S Las Vegas Blvd","Cirque du Soleil - Michael Jackson One","2015-07-01 00:00:00"
NV,"Las Vegas","The Strip","3950 Las Vegas Blvd S","Citizens Kitchen and Bar","2015-07-01 00:00:00"
NV,"Las Vegas","The Strip","3708 Las Vegas Blvd S","Rose. Rabbit. Lie","2015-07-01 00:00:00"
NV,"Las Vegas",Southeast,"3960 Las Vegas Blvd S","Spa At Four Seasons Hotel Las Vegas","2015-07-01 00:00:00"
NV,"Las Vegas","The Strip","The Linq Las Vegas, 3545 Las Vegas Blvd S, The Linq Las Vegas","High Roller","2015-07-01 00:00:00"
NV,"Las Vegas","The Strip","3655 Las Vegas Blvd S","HEXX kitchen + bar","2015-07-01 00:00:00"
NV,"Las Vegas",Eastside,"953 E Sahara Ave, Ste A5","Lotus of Siam","2015-07-01 00:00:00"
NV,"Las Vegas","The Strip","3355 Las Vegas Blvd S","Yardbird Southern Table & Bar","2015-07-01 00:00:00"
NV,"Las Vegas","The Strip","3799 S Las Vegas Blvd",Jabbawockeez,"2015-07-01 00:00:00"
NV,"Las Vegas","The Strip","The Cromwell Las Vegas Resort & Casino, 3595 Las Vegas Blvd South",Giada,"2015-07-01 00:00:00"
NV,"Las Vegas",Downtown,"400 Stewart Ave","Zappos Tour Experience","2015-07-01 00:00:00"
NV,"Las Vegas",Downtown,"506 Fremont St","Park on Fremont","2015-07-01 00:00:00"
NV,"Las Vegas",Downtown,"707 E Fremont St","bin 702","2015-07-01 00:00:00"
NV,"Las Vegas","The Strip","3600 S Las Vegas Blvd","Spa and Salon at Bellagio","2015-07-01 00:00:00"
NV,"Las Vegas","The Strip","3770 Las Vegas Blvd S","Monte Carlo Hotel And Casino","2015-07-01 00:00:00"
NV,"Las Vegas","The Strip","3960 Las Vegas Blvd S","PRESS Bar & Lounge","2015-07-01 00:00:00"
NV,"Las Vegas","The Strip","3770 Las Vegas Blvd S",Sambalatte,"2015-07-01 00:00:00"
NV,"Las Vegas","The Strip","3900 Las Vegas Blvd","T&T - Tacos & Tequila","2015-07-01 00:00:00"
AZ,Phoenix,,"4720 E Cactus Rd, Ste D118","Marigold Maison- Paradise Valley","2015-06-30 00:00:00"
AZ,Phoenix,,"50 N Central Ave","The Counter Phoenix","2015-06-30 00:00:00"
NC,Charlotte,Ballantyne,"10000 Ballantyne Commons Pkwy","The Ballantyne Hotel & Lodge","2015-06-30 00:00:00"
AZ,Phoenix,,"130 N Central Ave","Valley Bar","2015-06-30 00:00:00"
AZ,Scottsdale,,"15257 N Scottsdale Rd, Ste F-230","iPic Theaters","2015-06-30 00:00:00"
AZ,Scottsdale,,"4166 N Scottsdale Rd","The Gelato Spot","2015-06-30 00:00:00"
AZ,Phoenix,,"2131 E Camelback Rd","Tokyo Joe's","2015-06-30 00:00:00"
AZ,Phoenix,,"3830 E Indian School Rd","Essence Bakery Cafe","2015-06-30 00:00:00"
AZ,Phoenix,,"6102 N 16th St","Niccoli's Italian Grocery & Deli","2015-06-30 00:00:00"
AZ,Phoenix,,"1 E Washington St, Ste 180","Yogurt Time Downtown Hangout","2015-02-27 00:00:00"
AZ,Phoenix,,"111 E Camelback Rd","St. Francis Restaurant","2015-02-27 00:00:00"
AZ,Phoenix,,"1935 E Camelback Rd","Cafe Zupas","2015-01-03 00:00:00"
AZ,Scottdale,,"7018 E Main St","Beverly on Main","2014-12-17 00:00:00"
AZ,Scottsdale,,"4327 N Scottsdale Rd","Franco's Italian Caffe","2014-12-17 00:00:00"
AZ,Scottsdale,,"7340 E Indian Plz","Bottled Blonde","2014-12-17 00:00:00"
AZ,Scottsdale,,"4420 N Saddlebag Trl","Derby Public House","2014-12-17 00:00:00"
AZ,Scottsdale,,"6000 East Camelback Rd","The Phoenician","2014-12-17 00:00:00"
AZ,Phoenix,,"1011 N 3rd St","Paz Cantina","2014-12-12 00:00:00"
AZ,Scottsdale,,"8777 N Scottsdale Rd, Ste 302","Paradise Bakery and Cafe","2014-12-07 00:00:00"
AZ,Phoenix,,"3200 E Sky Harbor Blvd","The Coffee Bean & Tea Leaf","2014-12-07 00:00:00"
AZ,Tempe,,"660 S College Ave, Fl 2","Pitchforks & Corks","2014-12-07 00:00:00"
AZ,Phoenix,,"1201 E Glendale Ave","Dutch Bros Coffee","2014-12-07 00:00:00"
AZ,Phoenix,,"4900 E Indian School Rd","German Sausage Company","2014-12-07 00:00:00"
AZ,Phoenix,,"503 W Thomas Rd","Mika's Greek","2014-12-06 00:00:00"
AZ,Phoenix,,"6522 N 16th St","Urban Taco","2014-12-04 00:00:00"
ON,Toronto,"Financial District","188 University Avenue","Shangri-La Hotel","2014-12-04 00:00:00"
AZ,Tempe,,"690 S Mill Ave","Délice Bistro","2014-12-04 00:00:00"
AZ,Phoenix,,"2325 North 7th St","Urban Cookies","2014-12-04 00:00:00"
AZ,Phoenix,,"907 N 14th St","Rito's Mexican Food","2014-12-04 00:00:00"
ON,Toronto,"Financial District","Shangri-La Hotel, 188 University Avenue",Bosk,"2014-12-04 00:00:00"
AZ,Phoenix,,"6522 N 16th St, Ste 6","Linger Longer Lounge","2014-12-04 00:00:00"
AZ,Tempe,,"615 S College Ave","Postino Annex","2014-12-04 00:00:00"
ON,Toronto,,"522 King Street W","Cibo Wine Bar","2014-12-04 00:00:00"
AZ,Phoenix,,"507 W Thomas Rd","Jasmine Thai Cuisine","2014-11-27 00:00:00"
AZ,Phoenix,,"3711 E Indian School Rd","Park Avenue Cleaners","2014-11-26 00:00:00"
AZ,Scottsdale,,"6960 E 1st St","Alo Cafe","2014-11-26 00:00:00"
AZ,Phoenix,,"1945 E Indian School Rd","Nogales Hot Dogs","2014-11-26 00:00:00"
AZ,Phoenix,,"5101 N 44th St","Steak 44","2014-11-26 00:00:00"
AZ,Scottsdale,,"6990 E Shea Blvd",Eggstasy,"2014-11-26 00:00:00"
AZ,Phoenix,,"1418 N Central Ave","The Old Spaghetti Factory","2014-11-12 00:00:00"
AZ,Phoenix,,"2501 E Camelback Rd, Ste 40","Ten Handcrafted American Fare & Spirits","2014-11-11 00:00:00"
AZ,Phoenix,,"3209 E Camelback Rd","Tarbell's The Tavern","2014-11-11 00:00:00"
AZ,Scottsdale,,"3617 N Goldwater Rd","Sip Coffee & Beer House","2014-11-11 00:00:00"
AZ,Phoenix,,"6007 N 16th St","A Bakeshop","2014-11-08 00:00:00"
AZ,Phoenix,,"110 E Roosevelt St","Short Leash Hot Dogs Food Truck","2014-11-08 00:00:00"
AZ,Phoenix,,"3730 E Indian School Rd","The Whining Pig- Arcadia","2014-11-02 00:00:00"
AZ,Phoenix,,"201 E Washington St, Ste 111","Fired Pie","2014-11-02 00:00:00"
AZ,Phoenix,,"3623 E Indian School Rd","Nook Kitchen","2014-11-02 00:00:00"
AZ,Phoenix,,"2210 E Indian School Rd","Old Heidelberg German Bakery","2014-11-02 00:00:00"
AZ,Phoenix,,"2502 E Camelback Rd, Ste 148","Forge Pizza","2014-10-27 00:00:00"
AZ,Phoenix,,"1830 S Central Ave","Comedor Guadalajara","2014-10-26 00:00:00"
AZ,Phoenix,,"825 N 7th St","Mother Bunch Brewing","2014-10-22 00:00:00"
AZ,Phoenix,,"5509 N 7th St","Spinato's Pizzeria","2014-10-22 00:00:00"
AZ,Phoenix,,"4140 N 7th Ave","PHX Burrito House","2014-10-13 00:00:00"
AZ,Scottsdale,,"7240 E Main St, Ste C","The Cider Mill","2014-10-13 00:00:00"
AZ,Phoenix,,"455 N 3rd St, Ste 1175","Moriah II Nails & Spa","2014-10-13 00:00:00"
AZ,Phoenix,,"620 E Roosevelt St","Red Hut Coffee","2014-10-13 00:00:00"
AZ,Scottsdale,,"7373 E Scottsdale Mall, Ste 125","Cool Gelato Italiano","2014-10-13 00:00:00"
AZ,Phoenix,,"3538 E Indian School Rd","The Stand","2014-10-13 00:00:00"
AZ,Mesa,,"745 W Baseline Rd","Beaver Choice","2014-10-05 00:00:00"
AZ,Phoenix,,"3603 E Indian School Rd, Ste A","The Market","2014-10-05 00:00:00"
AZ,Phoenix,,"101 N 1st Ave, Ste 150","Burger Joint","2014-10-05 00:00:00"
AZ,Phoenix,,"1747 E Camelback Rd, Ste 103","Greka Pita","2014-10-05 00:00:00"
AZ,Scottdale,,"7345 N Via Paseo Del Sur","The Vig McCormick","2014-10-05 00:00:00"
AZ,Phoenix,,"3166 E Camelback Rd","Hava Java","2014-10-05 00:00:00"
AZ,Phoenix,,"1 N Central Ave, Ste 125","One Coffee Co","2014-10-05 00:00:00"
AZ,Phoenix,,"2502 E Camelback Rd, Ste 136","Frost Gelato","2014-10-05 00:00:00"
AZ,Phoenix,,"10637 N Tatum Blvd","Rusconi's American Kitchen","2014-10-02 00:00:00"
AZ,Phoenix,,"12635 N Tatum Blvd","Breadcrafters Bakery & Cafe","2014-09-30 00:00:00"
NV,"Las Vegas","The Strip","3600 S Las Vegas Blvd","Bellagio Hotel","2014-09-24 00:00:00"
NV,"Las Vegas","The Strip","3600 S Las Vegas Blvd",Prime,"2014-09-24 00:00:00"
NV,"Las Vegas","The Strip","3600 S Las Vegas Blvd","Cafe Gelato","2014-09-24 00:00:00"
NV,"Las Vegas","The Strip","3600 S Las Vegas Blvd",Palio,"2014-09-24 00:00:00"
NV,"Las Vegas","The Strip","3325 S Las Vegas Blvd","CUT by Wolfgang Puck","2014-09-24 00:00:00"
NV,"Las Vegas","The Strip","3600 S Las Vegas Blvd",Olives,"2014-09-24 00:00:00"
AZ,Tempe,,"310 S Mill Ave, Ste A101",Ncounter,"2014-09-23 00:00:00"
AZ,Tempe,,"222 E University Dr","Original ChopShop","2014-09-23 00:00:00"
AZ,Phoenix,,"15414 N 19th Ave, Ste K","Chino Bandido","2014-09-21 00:00:00"
AZ,Phoenix,,"2045 E Camelback Rd, Ste A17, Town and Country","Snooze An AM Eatery","2014-08-23 00:00:00"
AZ,Phoenix,,"The Yard, 5632 N 7th St",Lola's,"2014-08-23 00:00:00"
AZ,Phoenix,,"4727 N 7th Ave","The Refuge Cafe","2014-08-23 00:00:00"
AZ,Phoenix,,"2119 E Camelback Rd, Ste A21","Grassroots Kitchen & Tap","2014-08-23 00:00:00"
AZ,Tempe,,"425 S Mill Ave","Famous Potato","2014-08-23 00:00:00"
AZ,Phoenix,,"5013 N 44th St, Ste B2025B","Flower Child","2014-08-16 00:00:00"
AZ,Phoenix,,"5029 N 44th St","Wally's American Pub N Grill","2014-08-16 00:00:00"
AZ,Scottsdale,,"6501 E Greenway Pkwy, Ste 159","Perk Eatery","2014-08-16 00:00:00"
AZ,Phoenix,,"305 W Washington St","Crazy Jim's","2014-08-16 00:00:00"
AZ,Phoenix,,"4228 E Indian School Rd","The Little Woody","2014-08-11 00:00:00"
AZ,Phoenix,,"4247 E Indian School Rd","The Attic Ale House","2014-08-11 00:00:00"
AZ,Phoenix,,"3508 N 7th St, Ste 100","Urban Beans Cafe & Bar","2014-08-11 00:00:00"
AZ,Tempe,,"425 S Mill Ave, Ste 109","Paletas Betty","2014-08-11 00:00:00"
AZ,Tempe,,"202 E University Dr","The Chuck Box","2014-08-11 00:00:00"
AZ,Tempe,,"202 E University Dr","The Chuck Box","2014-08-09 00:00:00"
AZ,Phoenix,,"2701 E Indian School Rd",Shady's,"2014-08-09 00:00:00"
AZ,Phoenix,,"6054 N 16th St","Sweet Republic","2014-08-09 00:00:00"
AZ,Phoenix,,"14 W Vernon Ave","Oven + Vine","2014-08-07 00:00:00"
AZ,Phoenix,,"1 W Jefferson St","Bitter & Twisted Cocktail Parlour","2014-08-07 00:00:00"
AZ,Phoenix,,"149 W McDowell Rd","Hob Nobs","2014-08-07 00:00:00"
AZ,Phoenix,,"612 E Adams St","Royal Coffee Bar","2014-08-07 00:00:00"
AZ,Phoenix,,"2201 N 7th St","Urban Vine","2014-08-07 00:00:00"
AZ,Phoenix,,"800 E Camelback Rd","That's a Wrap","2014-07-28 00:00:00"
AZ,Phoenix,,"4350 E Camelback Rd, Bldg I-100","Chestnut Fine Foods & Provisions","2014-07-28 00:00:00"
AZ,Phoenix,,"4701 N 20th St","Twenty Highland Tavern","2014-07-28 00:00:00"
AZ,Phoenix,,"6228 N 7th St","The French Bee","2014-07-28 00:00:00"
AZ,Phoenix,,"4455 E Camelback Rd","The Henry","2014-07-28 00:00:00"
AZ,Tempe,,"640 S Mill Ave, Ste 140","Public House On Sixth","2014-07-02 00:00:00"
AZ,Phoenix,,"4700 N Central Ave, Ste 105","Kick Ass Kakes","2014-07-02 00:00:00"
AZ,Tempe,,"15 E 6th St","CASA Sunbá","2014-07-02 00:00:00"
AZ,Phoenix,,"4236 N Central Ave, Ste 100","Clever Koi","2014-07-02 00:00:00"
AZ,Scottsdale,,"6910 E Main St","Old Town Tortilla Factory","2014-07-02 00:00:00"
AZ,Scottsdale,,"13610 N Scottsdale Rd",Foosia,"2014-07-02 00:00:00"
AZ,Phoenix,,"4502 N 40th St","Ingo's Tasty Food","2014-07-02 00:00:00"
AZ,Phoenix,,"1011 N 3rd St","The Local","2014-07-02 00:00:00"
AZ,Phoenix,,"1526 E McDowell Rd","Ollie Vaughn's","2014-07-02 00:00:00"
AZ,Scottsdale,,"3701 N Marshall Way",Virtù,"2014-07-02 00:00:00"
AZ,Scottsdale,,"7101 E Thunderbird Rd",Arrivederci,"2014-07-02 00:00:00"
AZ,Phoenix,,"1437 N 1st St","Giant Coffee","2014-07-02 00:00:00"
AZ,Phoenix,,"546 E Osborn Rd","Taco Guild","2014-07-02 00:00:00"
AZ,Scottsdale,,"7000 East Shea Blvd, Ste 1740","AndyFood, A Culinary Studio","2014-07-02 00:00:00"
AZ,Phoenix,,"1 North 1st St","Cartel Coffee Lab","2014-07-02 00:00:00"
AZ,Phoenix,,"201 E Jefferson St","Carl's Jr","2014-07-02 00:00:00"
AZ,Scottsdale,,"10426 E Jomax Rd","Pinnacle Peak Patio","2014-07-02 00:00:00"
AZ,Scottsdale,,"7120 E Becker Ln","Il Bosco Pizza","2014-07-02 00:00:00"
AZ,"Paradise Valley",,"4949 E Lincoln Dr","Omni Montelucia Resort & Spa","2014-07-02 00:00:00"
AZ,Tempe,,"501 S Mill Ave, Ste 101","Gringo Star Street Bar","2014-07-02 00:00:00"
AZ,Phoenix,,"3110 N Central Ave","Fired Pie","2014-07-02 00:00:00"
AZ,Phoenix,,"10 W Vernon Ave","Shine Coffee","2014-07-02 00:00:00"
AZ,Tempe,,"699 S Mill Ave","Steak 'n Shake","2014-07-02 00:00:00"
AZ,Phoenix,,"5202 N Central Ave","Joyride Taco House","2014-07-02 00:00:00"
AZ,Scottsdale,,"3800 N Goldwater Blvd","Cornish Pasty Company","2014-07-02 00:00:00"
AZ,Phoenix,,"501 E Camelback Rd","Two Hippies Beach House","2014-07-02 00:00:00"
AZ,Phoenix,,"4236 N Central Ave, Ste 101","Central Wine","2014-07-02 00:00:00"
AZ,Scottsdale,,"4166 N Scottsdale Rd","Second Story Liquor Bar","2014-07-02 00:00:00"
AZ,Phoenix,,"5223 N Central Ave",Windsor,"2014-07-02 00:00:00"
AZ,Phoenix,,"52 East Camelback Rd","Sweet Tomatoes","2014-07-02 00:00:00"
AZ,Phoenix,,"4280 E Indian School Rd, Ste 101","Milagro Grill","2014-07-02 00:00:00"
AZ,Scottsdale,,"7605 E Pinnacle Peak Rd","Rhythm and Wine","2014-07-02 00:00:00"
AZ,"Paradise Valley",,"5700 E McDonald Dr","Jade Bar","2014-07-02 00:00:00"
AZ,Phoenix,,"802 E Indian School Rd","The Magic Mushroom Burgers","2014-07-02 00:00:00"
AZ,Phoenix,,"2121 E Highland Ave","Half Moon Sports Grill","2014-07-02 00:00:00"
AZ,Phoenix,,"214 E Roosevelt St","Songbird Coffee & Tea House","2014-07-02 00:00:00"
AZ,Phoenix,,"100 E Camelback Rd","Zookz Sandwiches","2014-07-02 00:00:00"
PA,Frazer,,"707 E Lancaster Ave","Sheraton Great Valley Hotel","2014-07-01 00:00:00"
AZ,Tempe,,"1201 N Galvin Pkwy","Desert Botanical Garden","2014-04-21 00:00:00"
AZ,Phoenix,,"4050 N Central Ave","Yoshi's Restaurant","2014-04-21 00:00:00"
AZ,Phoenix,,"11 W Washington St, Ste 120","Pizza Studio","2014-04-21 00:00:00"
AZ,Phoenix,,"3118 E Camelback Rd",noca,"2014-04-21 00:00:00"
AZ,Phoenix,,"5042 N Central Ave","Cheese 'n Stuff","2014-03-26 00:00:00"
AZ,Phoenix,,"4801 E Indian School Rd","Arcadia Tavern","2014-03-26 00:00:00"
AZ,Phoenix,,"556 W McDowell Rd","NYPD Pizza","2013-12-02 00:00:00"
AZ,Tempe,,"1435 E University Dr, Ste 12","Salut Kitchen Bar","2013-12-02 00:00:00"
AZ,Scottsdale,,"4180 Drinkwater","Ben & Jack's Steakhouse","2013-12-02 00:00:00"
AZ,Scottsdale,,"4175 N Goldwater Blvd",EVO,"2013-12-02 00:00:00"
AZ,Phoenix,,"748 E Mcdowell Rd","Sonic Drive-In","2013-11-23 00:00:00"
AZ,Phoenix,,"100 E McDowell Rd","Phoenix Theatre","2013-11-22 00:00:00"
AZ,Phoenix,,"110 E Roosevelt St","Short Leash Hotdogs & Rollover Doughnuts","2013-11-22 00:00:00"
AZ,Phoenix,,"6855 N 16th St","Babbo Italian Eatery","2013-11-22 00:00:00"
AZ,Phoenix,,"1612 E Bethany Home Rd","The Whining Pig","2013-11-22 00:00:00"
AZ,Phoenix,,"110 E Roosevelt St","The Pie Hole","2013-11-22 00:00:00"
AZ,Phoenix,,"5345 N 7th Ave","French Grocery","2013-11-22 00:00:00"
AZ,Phoenix,,"5200 E Camelback Rd","The Mix Up Bar","2013-11-22 00:00:00"
AZ,Scottsdale,,"3370 N Hayden Rd","The Blind Pig","2013-11-17 00:00:00"
AZ,Scottsdale,,"32409 N Scottsdale Rd","Teatro Pizzeria and Wine Bar","2013-11-17 00:00:00"
AZ,Scottsdale,,"7605 E Pinnacle Peak Rd, Ste 3","That's Amore Gelato","2013-11-17 00:00:00"
AZ,Scottsdale,,"7210 E 2nd St","Rehab Burger Therapy","2013-11-17 00:00:00"
AZ,Scottsdale,,"2922 N Hayden Rd","Pig & Pickle","2013-11-17 00:00:00"
AZ,Phoenix,,"4041 E Thomas Rd, Ste 124","Two Hippies Gnarly Burger Joint","2013-11-05 00:00:00"
AZ,Phoenix,,"1326 N Central Ave","Pizza People Pub","2013-11-05 00:00:00"
AZ,Phoenix,,"2400 E Missouri Ave","Wright Bar","2013-11-05 00:00:00"
AZ,Phoenix,,"2201 E Camelback Rd, Ste 106","The Gladly","2013-11-05 00:00:00"
AZ,Phoenix,,"108 E Pierce St","The Breadfruit & Rum Bar","2013-11-04 00:00:00"
AZ,Phoenix,,"4041 E Thomas Rd","Bertie's of Arcadia","2013-11-04 00:00:00"
AZ,Phoenix,,"6035 N 7th St","Otro Cafe","2013-11-01 00:00:00"
AZ,Phoenix,,"1221 N Central Ave","Burton Barr Central Library","2013-10-30 00:00:00"
AZ,Phoenix,,"910 N 5th St",Melt,"2013-10-22 00:00:00"
AZ,Phoenix,,"3313 N 7th St","Gadzooks Enchiladas & Soup","2013-10-22 00:00:00"
AZ,Tempe,,"72 W Rio Salado Pkwy","Tempe Town Lake Boat Rentals","2013-10-21 00:00:00"
AZ,Scottsdale,,"15425 N Scottsdale Rd, Ste 100","Pellini Italian Eatery","2013-10-21 00:00:00"
AZ,Scottsdale,,"15040 N Nothsight Blvd","Corleones Philly Steaks","2013-10-21 00:00:00"
AZ,Scottsdale,,"15040 N Northsight Blvd, Ste 104","Twisted Rose Winery and Eatery","2013-10-21 00:00:00"
AZ,Scottsdale,,"16300 McDowell Mountain Park Dr","McDowell Mountain Regional Park","2013-10-21 00:00:00"
AZ,Scottsdale,,"9500 E Via De Ventura","Butterfly Wonderland","2013-10-21 00:00:00"
AZ,Phoenix,,"4731 E Greenway Rd, Ste 8","Fancy Nails","2013-10-21 00:00:00"
AZ,Scottsdale,,"4949 E Lincoln Dr","The Joya Spa","2013-10-15 00:00:00"
AZ,Phoenix,,"1 N 1st St, Ste 103","La Piazza PHX","2013-10-14 00:00:00"
AZ,Phoenix,,"3603 E Indian School Rd, Ste B",Crudo,"2013-10-11 00:00:00"
AZ,Phoenix,,"606 N 4th Ave","The Vig Fillmore","2013-10-10 00:00:00"
NV,"Las Vegas",Eastside,"160 E Flamingo Rd","Savona Bistro","2013-09-15 00:00:00"
NV,"Las Vegas","The Strip","3600 S Las Vegas Blvd",Lily,"2013-09-14 00:00:00"
NV,"Las Vegas","The Strip","3600 S Las Vegas Blvd","Hyde Bellagio","2013-09-14 00:00:00"
NV,"Las Vegas","The Strip","3752 Las Vegas Blvd S","Twist by Pierre Gagnaire","2013-09-14 00:00:00"
NV,"Las Vegas",,"770 Las Vegas Blvd N","Neon Museum","2013-09-14 00:00:00"
AZ,Scottsdale,,"10135 E Via Linda, Ste C120","Voila French Bistro and Wine Bar","2013-08-26 00:00:00"
AZ,"Fountain Hills",,"CopperWynd Resort and Club, 13225 N Eagle Ridge Dr","Alchemy Restaurant","2013-08-26 00:00:00"
AZ,Carefree,,"Spanish Village, 7212 Ho Hum Rd","Carefree Station","2013-08-26 00:00:00"
AZ,Scottsdale,,"7343 E Scottsdale Mall","The Clayton On the Park","2013-08-26 00:00:00"
AZ,Phoenix,,"522 E Dunlap Ave","North Mountain Brewing Company","2013-08-26 00:00:00"
AZ,"Paradise Valley",,"5532 N Palo Cristi Rd","Lon's Last Drop","2013-08-26 00:00:00"
AZ,"Paradise Valley",,"4949 E Lincoln Dr","Centro Lounge","2013-08-26 00:00:00"
AZ,Phoenix,,"14 E Pierce St","Phoenix Public Market Cafe","2013-08-26 00:00:00"
AZ,Scottsdale,,"10600 E Crescent Moon Dr",Proof,"2013-08-26 00:00:00"
AZ,Phoenix,,"8801 N Central Ave","Timo Wine Bar","2013-08-26 00:00:00"
AZ,Scottsdale,,"15034 N Scottsdale Rd, Ste 160","Cold Stone Creamery","2013-08-26 00:00:00"
AZ,Scottsdale,,"17040 N Scottsdale Rd","Persian Room","2013-08-26 00:00:00"
AZ,Phoenix,,"1201 N Galvin Pkwy",Gertrude's,"2013-08-26 00:00:00"
AZ,Phoenix,,"3160 E Camelback Rd","Central Bistro","2013-08-26 00:00:00"
AZ,Scottsdale,,"7137 E Rancho Vista Dr",Metropolis,"2013-08-26 00:00:00"
AZ,Scottsdale,,"550 N Hayden Rd","Salt Cellar","2013-08-26 00:00:00"
AZ,Phoenix,,"705 N 1st St, Ste 120","Pomo Pizzeria - Downtown Phoenix","2013-08-26 00:00:00"
AZ,Scottsdale,,"15054 N Scottsdale Rd, Ste 140, Kierland Commons","White House Black Market","2013-08-26 00:00:00"
AZ,Scottsdale,,"4233 N Scottsdale Rd","Morning Squeeze","2013-08-26 00:00:00"
AZ,Scottsdale,,"17020 N Hayden Rd","The Grill","2013-08-26 00:00:00"
AZ,Scottsdale,,"7380 E 2nd St","Scottsdale Center for the Performing Arts","2013-08-26 00:00:00"
AZ,Phoenix,,"2320 E Osborn Rd","Bink's Midtown","2013-08-26 00:00:00"
AZ,Phoenix,,"2 E Jefferson St, Ste 108","Squid Ink","2013-08-26 00:00:00"
AZ,Phoenix,,"3110 N Central Ave","Thai Basil","2013-08-26 00:00:00"
AZ,Phoenix,,"214 W Roosevelt St","Bar Maximus","2013-08-26 00:00:00"
AZ,"Cave Creek",,"28234 N Tatum Blvd","Amaro Italiano Ristorante","2013-08-26 00:00:00"
AZ,Phoenix,,"333 North Central Ave","The Westin Phoenix Downtown","2013-08-26 00:00:00"
AZ,Scottsdale,,"7217 E 4th Ave","Au Petit Four","2013-08-26 00:00:00"
AZ,Phoenix,,"2501 E Camelback Rd, Ste 24","SOLO Trattoria","2013-08-26 00:00:00"
AZ,Scottsdale,,"4420 N Saddlebag Trl","Hi Fi Kitchen & Cocktails","2013-08-26 00:00:00"
AZ,Scottsdale,,"4151 N Marshall Way","Dottie's True Blue Cafe","2013-08-26 00:00:00"
AZ,"Paradise Valley",,"4949 E Lincoln Dr","Crave Cafe","2013-08-26 00:00:00"
AZ,Phoenix,,"8525 N Central Ave","Spoke & Wheel","2013-08-26 00:00:00"
AZ,Scottsdale,,"8623 E Thompson Peak Pkwy","Isabella's Kitchen","2013-08-26 00:00:00"
AZ,Scottsdale,,"4801 E Cactus Rd","Salty Sow","2013-08-26 00:00:00"
AZ,Scottsdale,,"15034 N Scottsdale Rd, Ste 140","Zinc Bistro","2013-08-26 00:00:00"
AZ,Phoenix,,"110 E Roosevelt St, Ste 110","The Nash","2013-08-26 00:00:00"
NV,"Las Vegas","The Strip","3720 S Las Vegas Blvd","She by Morton's","2013-08-20 00:00:00"
NV,"Las Vegas","The Strip","Aria Resort And Casino, 3730 Las Vegas Blvd S","Zarkana by Cirque du Soleil","2013-08-20 00:00:00"
NV,"Las Vegas","The Strip","3570 Las Vegas Blvd S","Caesars Palace Las Vegas Hotel & Casino","2013-08-20 00:00:00"
NV,"Las Vegas","The Strip","3752 Las Vegas Blvd S","MOzen Bistro","2013-08-20 00:00:00"
NV,"Las Vegas","The Strip","3570 Las Vegas Blvd S","Mesa Grill","2013-08-20 00:00:00"
NV,"Las Vegas","The Strip","3570 Las Vegas Blvd S","Beijing Noodle No. 9","2013-08-20 00:00:00"
NV,"Las Vegas","The Strip","3570 Las Vegas Blvd S","Gordon Ramsay Pub & Grill","2013-08-20 00:00:00"
NV,"Las Vegas","The Strip","3570 Las Vegas Blvd","Empress Court","2013-08-20 00:00:00"
AZ,Phoenix,,"5632 N 7th St, Ste 120","Little Cleo's Seafood Legend","2013-08-16 00:00:00"
AZ,Phoenix,,"507 W Thomas Rd, Ste 4","Cafeteria on Thomas","2013-08-16 00:00:00"
AZ,Scottsdale,,"8787 N Scottsdale Blvd, Ste 106","Mackie's Parlour","2013-08-14 00:00:00"
AZ,Scottsdale,,"6000 E Camelback Rd","Thirsty Camel at The Phoenician","2013-08-14 00:00:00"
AZ,Phoenix,,"Biltmore Fashion Park, 2502 E Camelback, Ste 130","Julia Baker Confections","2013-08-13 00:00:00"
AZ,Phoenix,,"2070 E Baseline Rd, Ste D112","Sun Asian Kitchen","2013-08-13 00:00:00"
AZ,Tempe,,"410 S Mill Ave","Moonshine Whiskey Bar & Grill","2013-08-13 00:00:00"
AZ,Phoenix,,"1949 E Camelback Rd, Ste 160","Miracle Mile Delicatessen","2013-08-13 00:00:00"
AZ,Tempe,,"222 S Mill Ave","Loco Patron","2013-08-13 00:00:00"
AZ,Phoenix,,"50 W Jefferson St, Ste 170",Starbucks,"2013-08-13 00:00:00"
AZ,Scottsdale,,"7337 E Shea Blvd, Ste 105","McFate's Tap + Barrel","2013-03-25 00:00:00"
AZ,Phoenix,,"3205 E Camelback Rd","Sportsman's Fine Wines & Spirits","2013-03-25 00:00:00"
AZ,Phoenix,,"1011 N 3rd St","Pallets Food and Bar","2013-03-25 00:00:00"
AZ,Phoenix,,"5632 N 7th St","The Yard","2013-03-25 00:00:00"
AZ,Scottsdale,,"8989 N Scottsdale Rd, Ste 608","The Downside Risk","2013-03-25 00:00:00"
AZ,Phoenix,,"2502 E Camelback Rd","Seasons 52","2013-03-25 00:00:00"
AZ,Phoenix,,"2502 E Camelback Rd, Ste 148A","Queen Creek Olive Mill Trattoria","2013-03-22 00:00:00"
AZ,Phoenix,,"2502 E Camelback Rd","UNION Biltmore","2013-03-22 00:00:00"
AZ,Phoenix,,"1312 E Indian School Rd","Reathrey Sekong","2013-03-22 00:00:00"
AZ,Phoenix,,"10626 N 32nd St","32 Shea","2013-01-30 00:00:00"
AZ,Scottsdale,,"6900 E Camelback Rd",Searsucker,"2013-01-30 00:00:00"
AZ,Phoenix,,"202 N Central Ave","Bonjour Vietnam","2013-01-28 00:00:00"
AZ,Phoenix,,"1515 N 7th Ave, Ste 170",Vovomeena,"2013-01-20 00:00:00"
AZ,Tempe,,"20 W 6th St","Z Tejas","2013-01-20 00:00:00"
AZ,Tempe,,"401 S Mill Ave","Rula Bula","2013-01-20 00:00:00"
AZ,Phoenix,,"24 N 2nd St","Majerle's Sports Grill","2013-01-20 00:00:00"
AZ,Phoenix,,"20 W Adams St","My Mom's Thai Kitchen","2013-01-19 00:00:00"
AZ,Scottsdale,,"7032 E Main St","Cafe Forte","2013-01-19 00:00:00"
AZ,Phoenix,,"4225 E Camelback Rd","Carmel's Coffee & Bakery","2012-12-23 00:00:00"
AZ,Phoenix,,"4811 N 16th St, Ste 104","ZK Grill","2012-12-23 00:00:00"
AZ,Tempe,,"7520 S Rural Rd, Ste A12","Crêpe Bar","2012-12-23 00:00:00"
AZ,Phoenix,,"2820 E Indian School Rd","Manuel's Mexican Restaurant & Cantina - 28th St","2012-12-23 00:00:00"
AZ,Phoenix,,"3400 E Sky Harbor Blvd","Modern Burger","2012-11-05 00:00:00"
AZ,Phoenix,,"1641 E Camelback Rd","Einstein Bros Bagels","2012-11-04 00:00:00"
AZ,Tempe,,"300 S Ash Ave","Macayo's Depot Cantina","2012-11-04 00:00:00"
AZ,Tempe,,"740 S Mill Ave","Rita's Italian Ice","2012-11-04 00:00:00"
AZ,Phoenix,,"5210 N Central Ave","Federal Pizza","2012-11-03 00:00:00"
AZ,Phoenix,,"4757 E Greenway Rd","ZK Grill","2012-11-02 00:00:00"
AZ,Scottsdale,,"2334 N Scottsdale Rd, Ste A133","Defalco's Italian Grocery","2012-11-01 00:00:00"
AZ,Phoenix,,"2801 N Central Ave","Sochu House","2012-11-01 00:00:00"
AZ,Scottsdale,,"7117 E 6th Ave","Kelly's At Southbridge","2012-11-01 00:00:00"
AZ,Scottsdale,,"9393 E Bell Rd","The Thumb BBQ","2012-10-28 00:00:00"
AZ,Scottsdale,,"10392 N Scottsdale Rd","Indulge Burgers & More","2012-10-28 00:00:00"
AZ,Scottsdale,,"20825 N Pima Rd","Mia Francesca","2012-10-27 00:00:00"
AZ,Scottsdale,,"7301 E Butherus Dr","El Santo Cantina + Patio Bar + Restaurant","2012-10-27 00:00:00"
AZ,Scottsdale,,"8900 E Pinnacle Peak Rd, Ste C1","LAMP Pizzeria","2012-10-27 00:00:00"
AZ,Scottsdale,,"15024 N Scottsdale Rd, Ste 100","The Greene House","2012-10-27 00:00:00"
AZ,Scottsdale,,"8880 E Via Linda","Andreoli Italian Grocer","2012-10-27 00:00:00"
AZ,Scottsdale,,"6316 N Scottsdale Rd","Davanti Enoteca","2012-10-26 00:00:00"
AZ,Scottsdale,,"6107 N Scottsdale Rd, Ste 110","Calistro California Bistro","2012-10-26 00:00:00"
AZ,Scottsdale,,"4807 E Greenway Rd","The Corn Flower","2012-10-25 00:00:00"
AZ,Phoenix,,"5101 N 16th St","Ajo Al's Mexican Cafe","2012-10-22 00:00:00"
AZ,Phoenix,,"455 N 3rd St, Ste 120","Cold Stone Creamery","2012-10-22 00:00:00"
AZ,Tempe,,"680 S Mill Ave","The Handlebar Tempe","2012-10-22 00:00:00"
AZ,Phoenix,,"602 E Lincoln St","Tee Pee Tap Room","2012-09-22 00:00:00"
AZ,"Cave Creek",,"6710 E Cave Creek Rd",Cartwright's,"2012-09-22 00:00:00"
AZ,Scottsdale,,"6902 E Greenway Pkwy","Waltz & Weiser","2012-09-22 00:00:00"
AZ,Scottsdale,,"6902 E Greenway Pkwy",deseo,"2012-09-22 00:00:00"
AZ,Phoenix,,"810 N 2nd St","Angels Trumpet Ale House","2012-09-21 00:00:00"
AZ,Phoenix,,"705 N 1st St","Squash Blossom","2012-09-21 00:00:00"
AZ,Scottsdale,,"3622 N Scottsdale Rd","Brat Haus","2012-09-20 00:00:00"
AZ,Scottsdale,,"4175 N Goldwater Blvd","T. Roosevelt's Tavern","2012-09-17 00:00:00"
AZ,Tempe,,"526 Mill Ave","World Of Beer","2012-09-17 00:00:00"
AZ,Phoenix,,"1640 E Camelback Rd, Ste 140",Corleone's,"2012-09-17 00:00:00"
AZ,Scottsdale,,"7134 E Stetson Dr, Fl 3, 3rd Level","Casablanca Rooftop Lounge","2012-09-17 00:00:00"
NV,"Las Vegas",Eastside,"160 East Flamingo Rd","The Westin Las Vegas Hotel, Casino & Spa","2012-07-27 00:00:00"
NC,Charlotte,Starmount,"5700 Westpark Dr","Charlotte Marriott Executive Park","2012-07-27 00:00:00"
NC,Charlotte,,"2950 Oak Lake Blvd","Hyatt Place Charlotte Airport/Tyvola Road","2012-07-27 00:00:00"
NV,"Las Vegas","The Strip","3730 Las Vegas Blvd S","ARIA Café","2012-07-25 00:00:00"
NV,"Las Vegas","The Strip","Aria Resort and Casino, 3745 Las Vegas Blvd S","Sirio Ristorante","2012-07-25 00:00:00"
NV,"Las Vegas","The Strip","3730 Las Vegas Blvd S","Julian Serrano Tapas","2012-07-24 00:00:00"
NV,"Las Vegas","The Strip","3730 Las Vegas Blvd S",Lemongrass,"2012-07-24 00:00:00"
NV,"Las Vegas","The Strip","99 Convention Center Dr","The Barrymore","2012-07-23 00:00:00"
NC,Charlotte,Uptown,"201 S College St","Panera Bread","2012-07-20 00:00:00"
NC,Charlotte,Uptown,"500 S Tryon St",Halcyon,"2012-07-20 00:00:00"
AZ,Phoenix,,"2 E Jefferson St","Breakfast Club- CityScape","2012-07-15 00:00:00"
AZ,Phoenix,,"1747 Grand Ave","Mel's Diner","2012-07-14 00:00:00"
AZ,Glendale,,"5739 W Glendale Ave","Haus Murphy's","2012-07-13 00:00:00"
AZ,Phoenix,,"2818 N Central Ave","Best of Philly","2012-07-13 00:00:00"
AZ,Phoenix,,"2 E Jefferson St","Lustre Bar","2012-07-11 00:00:00"
AZ,Phoenix,,"2243 N 12th St","Astor House","2012-07-11 00:00:00"
AZ,Phoenix,,"4247 E Indian School Rd","Cave & Ives","2012-07-11 00:00:00"
AZ,Phoenix,,"1 E Washington St, Ste 175","Fuego CityScape","2012-07-10 00:00:00"
AZ,Phoenix,,"2 N Central Ave","Tom's Tavern","2012-07-10 00:00:00"
AZ,Scottsdale,,"6333 N Scottsdale Rd","Fleming's Prime Steakhouse & Wine Bar","2012-07-09 00:00:00"
AZ,Scottsdale,,"6137 N Scottsdale Rd","Mackie's Parlour","2012-07-08 00:00:00"
AZ,Phoenix,,"21001 Tatum Blvd","Panda Express","2012-07-08 00:00:00"
AZ,"Cave Creek",,"5736 E Rancho Manana Blvd","Tonto Bar & Grill","2012-07-08 00:00:00"
AZ,"Paradise Valley",,"5550 E Lincoln Dr","El Chorro","2012-07-08 00:00:00"
AZ,Scottsdale,,"7001 N Scottsdale Rd, Ste 147","Nimbus American Bistro N' Brewery","2012-07-08 00:00:00"
AZ,Carefree,,"36889 N Tom Darlington Dr","Cafe Bink","2012-07-08 00:00:00"
AZ,Scottsdale,,"15688 N Pima Rd, Ste C6","The Skeptical Chymist","2012-07-08 00:00:00"
AZ,Phoenix,,"10637 N Tatum Blvd",Corleone's,"2012-07-08 00:00:00"
AZ,Phoenix,,"4725 E Mayo Blvd","Musical Instrument Museum","2012-07-08 00:00:00"
AZ,Phoenix,,"2825 N Central Ave","Lenny's Burger Shop","2012-07-06 00:00:00"
AZ,Phoenix,,"3002 E Washington St","The Phoenix Ale Brewery","2012-07-06 00:00:00"
AZ,Phoenix,,"1502 Grand Ave","Bikini Lounge","2012-07-06 00:00:00"
AZ,Phoenix,,"2 E Jefferson St","Blue Hound Kitchen & Cocktails","2012-07-05 00:00:00"
AZ,Phoenix,,"2 E Jefferson St, Ste 113","The Strand","2012-07-05 00:00:00"
AZ,Phoenix,,"2824 N Central Ave","Honey Bear's BBQ","2012-07-05 00:00:00"
AZ,Scottsdale,,"7217 E 1st St","Praying Monk","2012-07-04 00:00:00"
AZ,Scottsdale,,"7363 E Scottsdale Mall",Pepin,"2012-07-04 00:00:00"
AZ,Chandler,,"7131 W Ray Rd, Ste 33","Carried Away","2012-07-03 00:00:00"
AZ,Chandler,,"95 W Boston","Vintage 95","2012-07-03 00:00:00"
AZ,Chandler,,"8 S San Marcos Pl","SanTan Brewing Company","2012-07-03 00:00:00"
AZ,Scottsdale,,"7114 E Stetson Dr, Ste 210","Tapas Papa Frita","2012-07-02 00:00:00"
NV,"Las Vegas",Eastside,"4480 Paradise Rd","Ferraro's Italian Restaurant & Wine Bar","2012-06-26 00:00:00"
NV,"Las Vegas","The Strip","3200 Las Vegas Blvd S","El Segundo Sol","2012-06-26 00:00:00"
NV,"Las Vegas",Eastside,"4520 Paradise Rd","Hyatt Place Las Vegas","2012-06-19 00:00:00"
AZ,Phoenix,,"7000 E Mayo Blvd, Ste 26","Athena Greek Cuisine","2012-06-03 00:00:00"
AZ,Phoenix,,"600 E Washington St","Arizona Science Center","2012-06-03 00:00:00"
AZ,Phoenix,,"122 N 2nd St","Einstein Bros Bagels","2012-06-03 00:00:00"
NV,"Las Vegas","The Strip","3200 Las Vegas Blvd S",Stripburger,"2012-06-03 00:00:00"
AZ,Phoenix,,"918 N 5th St","JoBot Coffee & Diner","2012-06-03 00:00:00"
AZ,Scottsdale,,"6902 East Greenway Pkwy","The Westin Kierland Resort & Spa","2012-06-03 00:00:00"
AZ,Scottsdale,,"6902 E Greenway Pkwy","Nellie Cashman's Monday Club Cafe","2012-06-03 00:00:00"
NV,"Las Vegas",Eastside,"Fashion Show Mall, 3200 Las Vegas Blvd S","Gelato Cafe","2012-06-03 00:00:00"
AZ,Phoenix,,"4400 N Central Ave","Lux Central","2012-06-03 00:00:00"
AZ,Tempe,,"2000 E Rio Salado Pkwy, Ste 1041","Thirsty Lion Gastropub & Grill","2012-06-03 00:00:00"
AZ,Phoenix,,"454 N 3rd St, Ste 1065","Corner Bakery Cafe","2012-06-03 00:00:00"
AZ,Scottsdale,,"15169 N Scottsdale Rd","Dominick's Steakhouse","2012-06-03 00:00:00"
AZ,Phoenix,,"North Arcadia, 4925 N 40th St","North Italia","2012-06-03 00:00:00"
AZ,Scottsdale,,"7125 E 5th Ave, Ste 31",Baratin,"2012-06-03 00:00:00"
AZ,Phoenix,,"2102 E Camelback Rd","Half Price Books","2012-06-03 00:00:00"
AZ,Phoenix,,"3943 E Camelback Rd","Chick Rotisserie & Wine Bar","2012-06-03 00:00:00"
AZ,Scottsdale,,"7600 E Gainey Club Dr","Gainey Ranch Golf Club","2012-06-03 00:00:00"
AZ,Phoenix,,"50 W Jefferson St","Chloe's Corner","2012-06-02 00:00:00"
AZ,Scottsdale,,"4000 N Drinkwater Blvd","Old Town Whiskey","2012-05-04 00:00:00"
AZ,Scottsdale,,"7114 E Stetson Dr","Barrio Queen","2012-05-04 00:00:00"
AZ,Scottsdale,,"4000 N Drinkwater Blvd",Distrito,"2012-05-04 00:00:00"
AZ,Phoenix,,"4900 E Indian School Rd","OHSO Brewery- Arcadia","2012-05-04 00:00:00"
AZ,Phoenix,,"4404 N Central Ave","Pane Bianco","2012-05-01 00:00:00"
AZ,Phoenix,,"214 W Roosevelt St",Centurion,"2012-04-30 00:00:00"
AZ,Phoenix,,"705 N 1st St","The Turf Public House","2012-04-30 00:00:00"
AZ,Phoenix,,"201 E Jefferson St","Talking Stick Resort Arena","2012-04-28 00:00:00"
AZ,Phoenix,,"320 N 3rd St","District American Kitchen and Wine Bar","2012-04-28 00:00:00"
AZ,Scottsdale,,"8877 N Scottsdale Rd, Ste 402","Cask 63","2012-04-28 00:00:00"
AZ,Phoenix,,"50 W Jefferson St","Stand Up Live - Phoenix","2012-04-28 00:00:00"
AZ,Phoenix,,"401 E Jefferson St","Chase Field","2012-04-28 00:00:00"
AZ,Scottsdale,,"15147 N Scottsdale Rd, Ste 133","Coal Burger","2012-04-28 00:00:00"
AZ,Phoenix,,"308 N 2nd Ave","Crescent Ballroom","2012-04-28 00:00:00"
AZ,Scottsdale,,"20567 N Hayden Rd, Ste110","Primp and Blow - A Blow Dry Bar","2012-04-28 00:00:00"
AZ,Scottsdale,,"27500 N Alma School Pkwy","Reata Pass Steakhouse","2012-04-28 00:00:00"
AZ,Phoenix,,"7000 E Mayo Blvd","Paradise Bakery & Cafe","2012-04-28 00:00:00"
AZ,"Cave Creek",,"6920 E Cave Creek Rd","Binkley's Restaurant","2012-04-28 00:00:00"
AZ,Scottsdale,,"20567 N Hayden Rd, Ste 100","Pure Sushi","2012-04-28 00:00:00"
AZ,Phoenix,,"609 E Adams St","Bar Bianco","2012-04-28 00:00:00"
AZ,Phoenix,,"623 E Adams St","Pizzeria Bianco","2012-04-28 00:00:00"
AZ,Scottsdale,,"7366 E Shea Blvd","Gelato Spot","2012-04-28 00:00:00"
AZ,Scottsdale,,"15024 N Scottsdale Rd, Ste 140","Bar North","2012-04-28 00:00:00"
AZ,Tempe,,"1200 S Forest Ave","ASU Gammage","2012-04-28 00:00:00"
AZ,Scottsdale,,"15425 N Scottsdale Rd","The Sweet Tooth Fairy","2012-04-28 00:00:00"
AZ,Phoenix,,"4743 N 20th St","Pizzeria Bianco","2012-04-28 00:00:00"
AZ,Scottsdale,,"7137 E Stetson Dr","Lee's Cream Liqueur","2012-04-28 00:00:00"
AZ,"Cave Creek",,"34631 N Tom Darlington Dr","The Golden Door Spa & Cafe","2012-04-28 00:00:00"
AZ,Phoenix,,"2221 N 7th St","Rice Paper","2012-04-28 00:00:00"
AZ,Scottsdale,,"15323 N Scottsdale Rd, Ste 195","SOL Mexican Cocina","2012-04-28 00:00:00"
AZ,Phoenix,,"2336 W Thomas Rd","Pizza A Metro","2012-02-08 00:00:00"
AZ,Phoenix,,"2336 W Thomas Rd","Pizza A Metro","2012-02-08 00:00:00"
AZ,Scottsdale,,"15037 N Scottsdale Rd, Ste 195","TK's Urban Tavern","2012-02-08 00:00:00"
AZ,Phoenix,,"4010 E Greenway Rd","Gelato Spot","2012-02-08 00:00:00"
AZ,Scottsdale,,"7575 East Princess Drive","La Hacienda","2012-02-08 00:00:00"
NV,"Las Vegas","The Strip","Caesars Palace Las Vegas Hotel & Casino, 3570 Las Vegas Boulevard South","CENTRAL BY MICHEL RICHARD","2011-12-03 00:00:00"
AZ,Phoenix,,"3110 N Central Ave, Ste 129","Tony's Shoe Repair","2011-12-02 00:00:00"
AZ,Tempe,,"1290 N Scottsdale Rd",Mijana,"2011-12-02 00:00:00"
AZ,Phoenix,,"1940 E Camelback Rd","Greekfest Restaurant","2011-12-01 00:00:00"
AZ,Phoenix,,"3110 North Central Ave, Ste 100","Jamba Juice","2011-12-01 00:00:00"
AZ,Phoenix,,"3433 N 56th St","Kitchen 56","2011-09-22 00:00:00"
AZ,Glendale,,"9401 West Westgate Blvd","Yard House","2011-09-22 00:00:00"
AZ,Phoenix,,"2501 E Camelback Rd","Fuego Tacos","2011-09-22 00:00:00"
AZ,Phoenix,,"4743 N 20th St, Ste A22A","Spasso Pizza & Mozzarella Bar","2011-09-22 00:00:00"
AZ,Glendale,,"6915 N 95th Ave","Gordon Biersch Brewery Restaurant","2011-09-22 00:00:00"
AZ,Scottsdale,,"7167 E Rancho Vista Dr, Ste 111","Posh Improvisational Cuisine","2011-09-22 00:00:00"
AZ,Scottsdale,,"8787 N Scottsdale Rd, Ste 228","Chez Vous","2011-09-22 00:00:00"
AZ,Glendale,,"9375 W Coyotes Blvd","Saddle Ranch Chop House","2011-09-22 00:00:00"
AZ,Scottsdale,,"20581 N Hayden Rd, Ste 115","Local Bistro","2011-09-22 00:00:00"
AZ,Scottsdale,,"7303 E Indian School Rd","Tommy V's Urban Kitchen & Bar","2011-09-22 00:00:00"
AZ,Scottsdale,,"4425 N Saddlebag Trl","El Hefe","2011-09-22 00:00:00"
AZ,Chandler,,"5594 W Wild Horse Pass Blvd",Kai,"2011-09-22 00:00:00"
AZ,Scottsdale,,"23587 N Scottsdale Rd","Jalapeno Inferno","2011-09-22 00:00:00"
AZ,Glendale,,"6970 N 95th Ave",Camarones,"2011-09-22 00:00:00"
AZ,Glendale,,"9495 W Coyotes Blvd",Soleil,"2011-09-22 00:00:00"
AZ,Scottsdale,,"7134 E Stetson Dr, Ste 200, Old Town Scottsdale","The Herb Box","2011-09-22 00:00:00"
WI,Madison,"Williamson - Marquette","1054 Williamson St","Roman Candle Pizzeria","2011-09-20 00:00:00"
WI,Madison,Capitol,"333 West Washington Ave","Hyatt Place Madison Downtown","2011-09-10 00:00:00"
NV,"Las Vegas","The Strip","The Cosmopolitan Of Las Vegas, 3708 Las Vegas Blvd S","The Henry","2011-08-30 00:00:00"
NV,"Las Vegas","The Strip","3708 Las Vegas Blvd S","China Poblano","2011-08-30 00:00:00"
NV,"Las Vegas","The Strip","The Forum Shops At Caesars Palace, 3500 S Las Vegas Blvd","P.J. Clarke's New York Chophouse","2011-08-30 00:00:00"
NV,"Las Vegas","The Strip","3600 S Las Vegas Blvd","Michael Mina","2011-08-28 00:00:00"
NV,"Las Vegas","The Strip","Bellagio Las Vegas, 3600 S Las Vegas Blvd",Sensi,"2011-08-28 00:00:00"
NV,"Las Vegas","The Strip","Flamingo Rd",Absinthe,"2011-08-28 00:00:00"
NV,"Las Vegas","The Strip","3355 Las Vegas Blvd S, Venezia Tower, 10th floor","Bouchon at the Venezia Tower","2011-08-26 00:00:00"
NV,"Las Vegas","The Strip","3325 Las Vegas Blvd S","Morels French Steakhouse & Bistro","2011-08-12 00:00:00"
NV,"Las Vegas","The Strip","3355 Las Vegas Blvd S","Laguna Champagne Bar","2011-08-12 00:00:00"
NV,"Las Vegas","The Strip","3708 Las Vegas Blvd S","D.O.C.G. Enoteca","2011-08-03 00:00:00"
NV,"Las Vegas","The Strip","3720 S Las Vegas Blvd","Cucina by Wolfgang Puck","2011-08-03 00:00:00"
NV,"Las Vegas","The Strip","3708 Las Vegas Blvd S","Holsteins Shakes and Buns","2011-08-03 00:00:00"
NV,"Las Vegas","The Strip","3131 Las Vegas Blvd S",Lakeside,"2011-08-03 00:00:00"
NV,"Las Vegas","The Strip","3708 Las Vegas Blvd S","Estiatorio Milos","2011-08-03 00:00:00"
NV,"Las Vegas","The Strip","3131 Las Vegas Blvd S","La Cave Wine and Food Hideaway","2011-08-03 00:00:00"
NV,"Las Vegas","The Strip","3732 Las Vegas Blvd S",Sage,"2011-07-31 00:00:00"
NV,"Las Vegas","The Strip","MGM Grand, 3799 Las Vegas Blvd S",Pearl,"2011-07-30 00:00:00"
AZ,Scottsdale,,"28190 N Alma School Pkwy, Ste 209","Rare Earth","2011-07-20 00:00:00"
AZ,Scottsdale,,"27375 N Alma School Pkwy","Greasewood Flat","2011-07-20 00:00:00"
AZ,Phoenix,,"2 N Central Ave","A Touch of Yogurt","2011-07-12 00:00:00"
AZ,Phoenix,,"110 N Central Ave","Thai'd Up","2011-07-12 00:00:00"
AZ,Scottsdale,,"10271 N Scottsdale Rd","Takeda Thai","2011-07-11 00:00:00"
AZ,"Cave Creek",,"6248 E Cave Creek Rd","El Encanto","2011-07-11 00:00:00"
AZ,Scottsdale,,"3821 N Scottsdale Rd",Bandera,"2011-07-11 00:00:00"
AZ,Scottsdale,,"Scottsdale Fashion Square, 4500 Scottsdale Rd","Fred's at Barneys New York","2011-07-11 00:00:00"
AZ,Scottsdale,,"7373 E Camelback Rd","The Mint Ultra Lounge","2011-07-11 00:00:00"
AZ,Phoenix,,"2502 E Camelback Rd","Black Chile Mexican Grill","2011-07-08 00:00:00"
AZ,Phoenix,,"2 E Jefferson St","Tilted Kilt Pub & Eatery","2011-07-08 00:00:00"
AZ,Phoenix,,"114 W Adams St, Ste 104","Thai Basil Signature","2011-07-07 00:00:00"
AZ,Mesa,,"535 W Iron Ave, Ste 131","Crackers & Co Cafe","2011-07-05 00:00:00"
AZ,Phoenix,,"50 W Jefferson St, Fl 2","Copper Blues Rock Pub & Kitchen - Phoenix","2011-07-05 00:00:00"
AZ,Phoenix,,"5223 N Central Ave",Churn,"2011-07-05 00:00:00"
AZ,Phoenix,,"50 W Jefferson St, Ste 100","Oakville Grocery","2011-07-05 00:00:00"
NV,"Las Vegas","The Strip","3790 Las Vegas Blvd S","Nine Fine Irishmen","2011-07-01 00:00:00"
NV,"Las Vegas","The Strip","3790 Las Vegas Blvd S","Chin Chin","2011-07-01 00:00:00"
NV,"Las Vegas",Southeast,"6599 Las Vegas Blvd S, Ste 150b","Double Helix Wine & Whiskey Lounge","2011-07-01 00:00:00"
NV,"Las Vegas",Eastside,"3799 Las Vegas Blvd S","Nobhill Tavern by Michael Mina","2011-06-26 00:00:00"
NV,"Las Vegas","The Strip","3950 Las Vegas Blvd S","House of Blues - Music Venue","2011-06-26 00:00:00"
NV,"Las Vegas","The Strip","3570 Las Vegas Blvd S",Rao's,"2011-06-26 00:00:00"
NV,"Las Vegas","The Strip","Cosmopolitan Hotel & Casino, 3708 Las Vegas Blvd S","Comme Ça","2011-06-26 00:00:00"
NV,"Las Vegas","The Strip","3400 Las Vegas Blvd S",Fin,"2011-06-26 00:00:00"
NV,"Las Vegas","The Strip","3400 Las Vegas Blvd S","Terry Fator","2011-06-26 00:00:00"
NV,"Las Vegas","The Strip","3950 S Las Vegas Blvd","Noodle Shop","2011-06-26 00:00:00"
NV,"Las Vegas","The Strip","Caesars Palace, 3570 Las Vegas Blvd","Bradley Ogden","2011-06-26 00:00:00"
NV,"Las Vegas","The Strip","Caesars Palace Las Vegas Hotel And Casino, 3570 Las Vegas Boulevard South","Matt Goss","2011-06-26 00:00:00"
NV,"Las Vegas","The Strip","3950 S Las Vegas Blvd","Fleur by Hubert Keller","2011-06-24 00:00:00"
NV,"Las Vegas","The Strip","3950 Las Vegas Blvd S","Yogurt In","2011-06-22 00:00:00"
NV,"Las Vegas","The Strip","3950 Las Vegas Blvd S","Lupo by Wolfgang Puck","2011-06-22 00:00:00"
NV,"Las Vegas","The Strip","3900 Las Vegas Blvd S","TENDER Steak & Seafood","2011-06-22 00:00:00"
NV,"Las Vegas","The Strip","3930 S Las Vegas Blvd, Ste 121B","Hussong's Cantina - Las Vegas","2011-06-22 00:00:00"
NV,"Las Vegas","The Strip","3950 S Las Vegas Blvd","Rí Rá Irish Pub","2011-06-22 00:00:00"
AZ,Phoenix,,"8034 N 19th Ave","Bookmans Entertainment Exchange","2011-05-23 00:00:00"
AZ,Scottsdale,,"4151 N Marshall Way","Urban Seven Martini Kitchen","2011-05-23 00:00:00"
AZ,Scottsdale,,"10749 N Scottsdale Rd, Ste 103",Yogurtology,"2011-05-23 00:00:00"
AZ,Phoenix,,"4740 E Warner Rd","Hillside Spot","2011-05-23 00:00:00"
AZ,Phoenix,,"1747 E Camelback Rd","Dv Nail Salon","2011-05-23 00:00:00"
AZ,Scottsdale,,"7366 E Shea Blvd, Ste 112","Amy's Baking Company","2011-05-23 00:00:00"
AZ,Phoenix,,"8338 N 7th St","El Bravo","2011-05-23 00:00:00"
AZ,Scottsdale,,"7210 E 2nd St","Bonfire Grill and Bar","2011-05-20 00:00:00"
AZ,Scottsdale,,"4925 N Scottsdale Rd","Firesky Resort & Spa","2011-05-20 00:00:00"
NV,"Las Vegas","The Strip","The Venetian, 3355 Las Vegas Blvd S, Ste 106",Valentino,"2011-05-19 00:00:00"
NV,"Las Vegas","The Strip","3770 Las Vegas Blvd S","D. Vino","2011-05-19 00:00:00"
NV,"Las Vegas","The Strip","Monte Carlo Hotel and Casino, 3770 Las Vegas Blvd S",Cupcakery,"2011-05-19 00:00:00"
AZ,Scottsdale,,"7114 E Stetson Dr","Marcellino Ristorante","2011-05-19 00:00:00"
AZ,Phoenix,,"455 N 3rd St, Ste 108","My Big Fat Greek Restaurant","2011-05-07 00:00:00"
AZ,Phoenix,,"333 N Central Ave","Province Urban Kitchen & Bar","2011-05-07 00:00:00"
AZ,Phoenix,,"10037 S 19th Ave","T-Bone Steakhouse","2011-05-07 00:00:00"
AZ,Phoenix,,"40 N 1st St",Hanny's,"2011-05-07 00:00:00"
AZ,Phoenix,,"122 North 2nd St","Hyatt Regency Phoenix","2011-05-07 00:00:00"
AZ,Phoenix,,"455 N 3rd St, Ste 114","Canyon Cafe","2011-05-07 00:00:00"
AZ,Phoenix,,"122 N Second St","Compass Arizona Grill","2011-05-07 00:00:00"
AZ,Phoenix,,"125 E Adams St","Matador Restaurant","2011-05-07 00:00:00"
AZ,Phoenix,,"2 E Jefferson St, Ste 150","The Arrogant Butcher","2011-05-07 00:00:00"
AZ,Phoenix,,"10215 S Central Ave","Ponderosa Stables","2011-05-07 00:00:00"
AZ,Phoenix,,"401 E Jefferson St","Friday's Front Row Sports Grill","2011-05-07 00:00:00"
AZ,Phoenix,,"3815 N Central Ave",FEZ,"2011-05-07 00:00:00"
AZ,"Paradise Valley",,"5532 N Palo Cristi Rd","Lon's At the Hermosa","2011-05-06 00:00:00"
AZ,"Paradise Valley",,"Intercontinental Montelucia Resort, 4949 E Lincoln Dr",ROQ,"2011-04-25 00:00:00"
AZ,"Paradise Valley",,"4949 E Lincoln Dr",MBar,"2011-04-25 00:00:00"
AZ,Scottsdale,,"7245 E Main St","Rusty Spur Saloon","2011-04-25 00:00:00"
AZ,Scottsdale,,"9160 E Shea Blvd, Ste 101","Jade Palace","2011-04-25 00:00:00"
AZ,Scottsdale,,"4020 N Scottsdale Rd","Daily Dose","2011-04-25 00:00:00"
AZ,Scottsdale,,"7011 E Indian School Rd","Coach House","2011-04-25 00:00:00"
AZ,Phoenix,,"3647 E Indian School Rd","Zipps Sports Grill","2011-04-25 00:00:00"
AZ,Phoenix,,"1919 N 16th St","La Santisima","2011-04-25 00:00:00"
AZ,Scottsdale,,"15323 N Scottsdale Rd","Parc Central","2011-04-22 00:00:00"
AZ,Scottsdale,,"8787 N Scottsdale Rd, Ste 104","Soi 4 Bangkok Eatery","2011-04-19 00:00:00"
AZ,Scottsdale,,"7228 E 1st Ave","Cien Agaves Tacos & Tequila","2011-04-19 00:00:00"
AZ,Scottsdale,,"7501 E Camelback Rd","Don & Charlie's","2011-04-19 00:00:00"
AZ,Phoenix,,"1001 N 3rd Ave, Ste 3","Pita Jungle","2011-04-18 00:00:00"
AZ,Tempe,,"640 S Mill Ave","Canteen Modern Tequila Bar","2011-04-18 00:00:00"
AZ,Scottsdale,,"Village At Hayden, 8220 N Hayden Rd, Ste C111","Spotted Donkey Cantina","2011-04-18 00:00:00"
AZ,Phoenix,,"50 W Jefferson St","West of Soho","2011-04-18 00:00:00"
AZ,Tempe,,"1021 W University Dr","Harlow's Cafe","2011-04-18 00:00:00"
AZ,Tempe,,"640 S Mill Ave, Ste 120","Robbie Fox's Public House","2011-04-18 00:00:00"
AZ,Scottsdale,,"7001 N Scottsdale Rd","Taberna Mexicana","2011-03-11 00:00:00"
AZ,Phoenix,,"1534 E Bethany Home Rd","Garage Wine and Tap","2011-03-11 00:00:00"
AZ,Scottsdale,,"Scottsdale Quarter, 15257 N Scottsdale Rd","Narcisse Champagne and Tea Lounge","2011-03-11 00:00:00"
AZ,Scottsdale,,"15257 N Scottsdale Rd, Ste F-220",Tanzy,"2011-03-11 00:00:00"
AZ,Scottsdale,,"7014 E Camelback Rd, Ste 1423","Marcella's Italian Kitchen","2011-03-11 00:00:00"
AZ,Tempe,,"825 W University Dr","Essence Bakery Café","2011-03-11 00:00:00"
AZ,Phoenix,,"2502 E Camelback Rd, Ste 148d","Paris Envy","2011-01-31 00:00:00"
AZ,Phoenix,,"100 N 1st St","ICON Lounge","2011-01-15 00:00:00"
AZ,Phoenix,,"1 E Washington St, Ste 175","Vitamin T","2011-01-15 00:00:00"
AZ,Phoenix,,"3 S 2nd St, Ste 212","Perry Monge Salon Spa","2011-01-14 00:00:00"
AZ,Phoenix,,"3717 E Indian School Rd","Beckett's Table","2011-01-14 00:00:00"
AZ,Scottsdale,,"7216 E Shoeman Ln","Petite Maison","2011-01-13 00:00:00"
AZ,Tempe,,"502 S College","Dave's Electric Brewpub","2010-11-25 00:00:00"
AZ,Scottsdale,,"4233 N Scottsdale Rd","Jimmy Woo's","2010-11-24 00:00:00"
AZ,"Paradise Valley",,"6204 N Scottsdale Rd, Ste 106","Tottie's Asian Fusion 2","2010-11-24 00:00:00"
AZ,Phoenix,,"10810 N Tatum Blvd",Nick's,"2010-11-23 00:00:00"
AZ,Scottsdale,,"6166 N Scottsdale Rd, Ste 701","Pomo Pizzeria Napoletana","2010-11-21 00:00:00"
AZ,Scottsdale,,"9397 E Shea Blvd, Ste 125","Ling & Louie's Asian Bar and Grill","2010-11-21 00:00:00"
AZ,Phoenix,,"537 E Camelback Rd","HB Hanratty's","2010-11-21 00:00:00"
AZ,Scottsdale,,"15037 N Scottsdale Rd",Primebar,"2010-11-21 00:00:00"
AZ,Phoenix,,"2333 N 7th St","The Living Room Wine Cafe & Lounge","2010-11-21 00:00:00"
AZ,Scottsdale,,"7217 E 1st St",Iruna,"2010-09-30 00:00:00"
AZ,Phoenix,,"9832 N 7th St, Ste 1","Scramble A Breakfast Joint","2010-09-30 00:00:00"
AZ,Scottsdale,,"7018 E Main St",Mabel's,"2010-09-30 00:00:00"
AZ,Scottsdale,,"9343 E Shea Blvd","Renegade Tap & Kitchen","2010-09-29 00:00:00"
AZ,Phoenix,,"49 W Thomas Rd","Pink Spot","2010-09-28 00:00:00"
AZ,Scottsdale,,"5402 East Lincoln Dr","Rita's Kitchen & R Bar","2010-09-28 00:00:00"
AZ,Scottsdale,,"4363 N 75th St","American Junkie","2010-09-26 00:00:00"
AZ,Scottsdale,,"2515 N Scottsdale Rd, Ste 18","Atlas Bistro  BYOB","2010-09-26 00:00:00"
AZ,Scottsdale,,"3737 N Scottsdale Rd","RnR Gastropub","2010-09-26 00:00:00"
AZ,Scottsdale,,"7125 E 5th Ave, Ste 31",FnB,"2010-09-25 00:00:00"
AZ,Phoenix,,"825 N 1st St",Verde,"2010-09-21 00:00:00"
AZ,Phoenix,,"50 W Jefferson St, Ste 240","Lucky Strike","2010-09-21 00:00:00"
AZ,Phoenix,,"114 W Adams St, Ste 114","Acapulco Mexican Grill","2010-09-21 00:00:00"
AZ,Scottsdale,,"7575 East Princess Drive","Bourbon Steak","2010-09-21 00:00:00"
AZ,Phoenix,,"18 W Monroe St","Seamus McCaffrey's","2010-09-21 00:00:00"
AZ,Phoenix,,"50 W Jefferson St, Ste 180","Five Guys","2010-09-21 00:00:00"
AZ,Phoenix,,"2502 Camelback Rd","Mojo Yogurt","2010-09-21 00:00:00"
AZ,Phoenix,,"The Arizona Ctr, 455 N 3rd St",Brick,"2010-09-21 00:00:00"
AZ,Scottsdale,,"7575 East Princess Dr","Stone Rose Lounge","2010-09-21 00:00:00"
AZ,Phoenix,,"2502 E Camelback Rd","Stingray Sushi","2010-09-21 00:00:00"
NV,"Las Vegas","The Strip","3570 Las Vegas Blvd S","Payard Pâtisserie & Bistro","2010-09-08 00:00:00"
NV,"Las Vegas",,"3300 Las Vegas Blvd S","ISLA Mexican Kitchen & Tequila Bar","2010-09-08 00:00:00"
NV,"Las Vegas","The Strip","Mirage Hotel & Casino, 3400 Las Vegas Blvd S","Stack Restaurant & Bar","2010-09-06 00:00:00"
NV,"Las Vegas","The Strip","3400 Las Vegas Blvd S","BLT Burger","2010-09-06 00:00:00"
NV,"Las Vegas","The Strip","3400 Las Vegas Blvd S",Japonais,"2010-09-06 00:00:00"
NV,"Las Vegas","The Strip","3327 Las Vegas Blvd S","SUSHISAMBA - Las Vegas","2010-09-06 00:00:00"
NV,"Las Vegas","The Strip","3400 Las Vegas Blvd S","Portofino by Chef Michael LaPlaca","2010-09-06 00:00:00"
AZ,Scottsdale,,"4422 N 75th St","The Lodge","2010-08-05 00:00:00"
AZ,Phoenix,,"14 E Pierce St","Phoenix Public Market","2010-08-05 00:00:00"
NV,"Las Vegas","The Strip","Aria Resort and Casino, 3746 Las Vegas Blvd S","American Fish","2010-08-05 00:00:00"
AZ,Scottsdale,,"6000 E Camelback Rd","J & G Steakhouse","2010-08-05 00:00:00"
AZ,Scottsdale,,"7051 E 5th Ave","5th and Wine","2010-08-05 00:00:00"
AZ,Scottsdale,,"6000 E Camelback Rd","Relish Burger Bistro","2010-08-05 00:00:00"
AZ,Phoenix,,"8729 N Central Ave","Corbin Bar & Grill","2010-08-05 00:00:00"
AZ,Phoenix,,"2337 N 7th St","The Main Ingredient Ale House And Café","2010-08-05 00:00:00"
NV,"Las Vegas","The Strip","3131 Las Vegas Blvd S","SW Steakhouse","2010-08-05 00:00:00"
AZ,Scottsdale,,"5402 E Lincoln Dr","BLT Steak, Scottsdale","2010-08-05 00:00:00"
NV,"Las Vegas","The Strip","3131 Las Vegas Blvd S",Botero,"2010-08-05 00:00:00"
AZ,Phoenix,,"5816 N 16th St","Phoenix City Grille","2010-08-05 00:00:00"
AZ,Scottsdale,,"7299 N Scottsdale Rd","Roka Akor - Scottsdale","2010-08-05 00:00:00"
AZ,"Paradise Valley",,"7001 N Scottsdale Rd, Ste 184","The Cove Trattoria","2010-08-05 00:00:00"
AZ,Phoenix,,"10810 N Tatum Blvd","Bombay Spice Grill","2010-08-05 00:00:00"
AZ,Phoenix,,"1205 E Van Buren St","La Tolteca Mexican Foods","2010-08-05 00:00:00"
AZ,Phoenix,,"6015 N 16th St","The Vig Uptown","2010-08-05 00:00:00"
AZ,Phoenix,,"3961 E Camelback Rd","The Grind","2010-08-05 00:00:00"
NV,"Las Vegas",Eastside,"2655 E Desert Inn Rd","Lindo Michoacan","2010-07-16 00:00:00"
AZ,"Paradise Valley",,"4949 E Lincoln Dr",Prado,"2010-05-23 00:00:00"
AZ,Scottsdale,,"8340 E McDonald Dr","Voltaire Restaurant","2010-05-22 00:00:00"
AZ,Phoenix,,"8383 S 48th St","Rustler's Rooste","2010-05-21 00:00:00"
AZ,Phoenix,,"3225 E Camelback Rd","Tommy V's","2010-05-21 00:00:00"
AZ,Scottsdale,,"3313 N Hayden Rd","Carlsbad Tavern","2010-05-20 00:00:00"
AZ,Phoenix,,"112 N Central Ave","Focaccia Fiorentina","2010-05-20 00:00:00"
AZ,Scottsdale,,"7042 E Indian School Rd","Eddie's House","2010-05-16 00:00:00"
AZ,Scottsdale,,"7001 N Scottsdale Rd, Ste 157","Terroir Wine Pub","2010-05-16 00:00:00"
AZ,Phoenix,,"525 S Central Ave","The Duce","2010-05-16 00:00:00"
AZ,Scottsdale,,"7014 E Camelback Rd, Suite 1433","Modern Steak","2010-05-14 00:00:00"
AZ,Tempe,,"411 S Mill Ave, Ste 103","RA Sushi Bar Restaurant","2010-05-14 00:00:00"
AZ,Tempe,,"411 S  Mill Ave, Ste 102",Corleone's,"2010-05-14 00:00:00"
AZ,Scottsdale,,"7135 E Camelback Rd, Ste 125","Culinary Dropout","2010-05-10 00:00:00"
AZ,Phoenix,,"4812 N 16th St","Harvey's Wineburger","2010-05-10 00:00:00"
AZ,Scottsdale,,"W Scottsdale, 7277 E Camelback Rd","Sushi Roku","2010-03-31 00:00:00"
AZ,Scottsdale,,"7707 E McDowell Rd",Avalon,"2010-03-31 00:00:00"
AZ,Phoenix,,"3154 E Camelback Rd","Revo Burrito","2010-03-31 00:00:00"
AZ,Phoenix,,"5009 E Washington St, Ste 115","Stockyards Restaurant","2010-03-31 00:00:00"
AZ,Phoenix,,"8801 N Central Ave, Ste 104","Bomberos Cafe & Wine Bar","2010-03-31 00:00:00"
AZ,Phoenix,,"2502 E Camelback Rd, Ste 127",Zinburger,"2010-03-31 00:00:00"
AZ,Phoenix,,"16 W Adams St","Coney Island Grill","2010-03-24 00:00:00"
AZ,Phoenix,,"1720 E Camelback Rd","Bluewater Grill","2010-01-29 00:00:00"
AZ,Phoenix,,"2241 N 7th St","La Piccola Cucina","2010-01-29 00:00:00"
AZ,Phoenix,,"1001 N 3rd Ave","Lola Coffee","2010-01-29 00:00:00"
AZ,Phoenix,,"3164 E Camelback Rd","The Gelato Spot","2010-01-29 00:00:00"
AZ,Phoenix,,"4545 N 7th Ave","Fry Bread House","2010-01-29 00:00:00"
NV,"Las Vegas","The Strip","The Venetian, 3355 S Las Vegas Blvd","TAO Asian Bistro","2009-06-12 00:00:00"
