state,city,neighborhood,address,name,date
NV,"Las Vegas","South Summerlin","11011 W Charleston Blvd","Libre Mexican Cantina","2016-09-30 00:00:00"
NV,"Las Vegas","The Strip","3600 S Las Vegas Blvd","Harvest by Roy Ellamar","2016-03-25 00:00:00"
NV,"Las Vegas",Southwest,"8595 S Decatur Blvd","Lee's Discount Liquor","2015-04-29 00:00:00"
NV,"Las Vegas",,"5031 Wagon Trail Ave, Ste 107","Bikram Yoga Las Vegas","2015-04-08 00:00:00"
NV,"Las Vegas",Downtown,"500 S Main St","MTO Café","2015-04-08 00:00:00"
NV,"Las Vegas",Westside,"1225 S Fort Apache Rd, Ste 100","Via Brasil Steakhouse on South Fort Apache and Charleston","2015-03-22 00:00:00"
NV,"Las Vegas",Chinatown,"5030 Spring Mountain Rd","Kung Fu Tea","2015-03-22 00:00:00"
NV,"Las Vegas",Southeast,"1310 E Silverado Ranch Blvd, Ste 105","Kaiseki Yuzu","2015-03-12 00:00:00"
NV,Henderson,Southeast,"9470 S Eastern Ave","Taco Y Taco","2015-01-20 00:00:00"
AZ,Phoenix,,"5444 E Washington St, Ste A","Draw 10 Bar & Grill","2015-01-20 00:00:00"
NV,"Las Vegas",,"3185 S Highland Dr","Rollin Smoke Barbeque","2015-01-06 00:00:00"
NV,"Las Vegas",Southeast,"6587 Las Vegas Blvd S, Ste 171",GameWorks,"2015-01-06 00:00:00"
NV,"Las Vegas",Chinatown,"3959 W Spring Mountain Rd","Fat Dumpling","2015-01-06 00:00:00"
NV,"Las Vegas",Southeast,"1310 E Silverado Ranch Blvd, Ste 105","Kaiseki Yuzu","2014-12-08 00:00:00"
NV,"Las Vegas","South Summerlin","11011 W Charleston Blvd","Hearthstone Kitchen & Cellar","2014-11-23 00:00:00"
NV,"Las Vegas",Westside,"4860 W Desert Inn Rd, Ste 9","Pho Lan","2014-11-23 00:00:00"
NV,"Las Vegas",Eastside,"3000 Paradise Rd","Lee's Annual Wine Tasting Expo","2014-11-17 00:00:00"
NV,"Las Vegas",Eastside,"3000 Paradise Rd","Westgate Las Vegas Resort & Casino","2014-11-17 00:00:00"
NV,"Las Vegas",Westside,"7777 W Sahara Ave","Four Sevens Sports Bar & Restaurant","2014-11-02 00:00:00"
NV,"Las Vegas",,"2801 N Tenaya Way, Ste A","Aces & Ales","2014-11-02 00:00:00"
NV,Henderson,,"570 N Stephanie St","The Burlington Coat Factory","2014-10-31 00:00:00"
NV,"Las Vegas",Downtown,"900 S Las Vegas Blvd, Ste 120","The Goodwich","2014-10-31 00:00:00"
NV,"Las Vegas",Southeast,"440 E Silverado Ranch Blvd, Ste C","Wells Fargo Bank","2014-10-31 00:00:00"
NV,"Las Vegas",Downtown,"1218 S Main St","Velveteen Rabbit","2014-10-31 00:00:00"
NV,"Las Vegas",Southeast,"9869 S Eastern Ave","Banfield Pet Hospital","2014-10-11 00:00:00"
NV,"Las Vegas",Southeast,"9875 S Eastern Ave, Ste E-2","Sheffield Spice & Tea Co","2014-10-11 00:00:00"
NV,"North Las Vegas",,"2040 E Craig Rd, Ste 101","Old School Pizzeria","2014-08-22 00:00:00"
NV,"Las Vegas",Southwest,"7770 S Jones Blvd","Sporting Life Bar","2014-08-22 00:00:00"
NV,"Las Vegas",Westside,"5959 W Sahara Ave","Burlington Coat Factory","2014-08-18 00:00:00"
NV,"Las Vegas","The Strip","3655 Las Vegas Blvd S","Gordon Ramsay Steak","2014-08-18 00:00:00"
NV,"Las Vegas","The Strip","Bally's Hotel & Casino, 3645 Las Vegas Boulevard South","Liaison Nightclub","2014-07-26 00:00:00"
NV,"Las Vegas",Eastside,"3475 E Flamingo Rd, Ste 500","Spay & Neuter Center of So. Nevada","2014-07-26 00:00:00"
NV,"Las Vegas",Downtown,"10 E Charleston Blvd","Cornish Pasty","2014-07-24 00:00:00"
NV,"North Las Vegas",,"2325 E Cheyenne Ave","Mariana's Supermarkets","2014-07-24 00:00:00"
NV,"Las Vegas",Summerlin,"10820 W Charleston Blvd","Distill - A Local Bar","2014-05-24 00:00:00"
NV,"Las Vegas",Southeast,"2601 E Sunset Rd","Sunset Park","2014-05-24 00:00:00"
NV,"Las Vegas",Westside,"3441 W Sahara Ave, Ste D2-D3","Diya Eyebrow Threading","2014-05-07 00:00:00"
NV,Henderson,Anthem,"2900 Ivanpah Dr","Cactus Wren Park","2014-05-07 00:00:00"
NV,"Las Vegas",Southeast,"6515 S Las Vegas Blvd","Fleming's Prime Steakhouse & Wine Bar","2014-04-26 00:00:00"
NV,"Las Vegas",Centennial,"6650 N Durango Dr",PetSmart,"2014-04-26 00:00:00"
NV,"Las Vegas","Spring Valley","8665 W Flamingo Rd, Ste 105","Cafe Darak","2014-04-26 00:00:00"
NV,"Las Vegas",Southeast,"9065 S Eastern Ave","Las Vegas Athletic Club","2014-04-13 00:00:00"
NV,"Las Vegas","The Strip","3545 S Las Vegas Blvd","Chayo Mexican Kitchen + Tequila Bar","2014-04-08 00:00:00"
NV,"Las Vegas",Chinatown,"5020 Spring Mountain Rd, Ste 1","Japanese Curry Zen","2014-03-22 00:00:00"
NV,"Las Vegas","The Strip","Mandalay Bay Hotel Casino, 3950 S Las Vegas Blvd","Cirque du Soleil - Michael Jackson One","2014-03-22 00:00:00"
NV,"Las Vegas",Westside,"2605 S Decatur Blvd, Ste 120-122","Bar Kada Avenue","2014-03-03 00:00:00"
NV,"Las Vegas",,"2151 N Rainbow Blvd","Cost Plus World Market","2014-03-03 00:00:00"
NV,"North Las Vegas",,"775 W Craig Rd, Ste 148","808 Hawaii Mixed Plate","2014-02-18 00:00:00"
NV,"Las Vegas",,"4000 W Flamingo Rd","Ping Pang Pong","2014-02-18 00:00:00"
NV,"Las Vegas","Spring Valley","9615 W Flamingo Rd","Las Vegas Athletic Club","2014-02-11 00:00:00"
NV,"Las Vegas",Chinatown,"4810 Spring Mountain Rd, Ste B",BAMBU,"2014-01-26 00:00:00"
NV,"Las Vegas",Chinatown,"3400 S Jones Blvd, Ste 15","HK Star","2014-01-24 00:00:00"
NV,"Las Vegas",Chinatown,"6850 Spring Mountain","Hot Tofu","2014-01-23 00:00:00"
NV,"Las Vegas",Southeast,"9750 S Maryland Pkwy",Smith's,"2014-01-23 00:00:00"
NV,"Las Vegas",Chinatown,"4745 Spring Mountain Rd","Pho So 1","2014-01-23 00:00:00"
NV,"Las Vegas",Downtown,"508  Fremont St","Radio City Pizzeria","2014-01-12 00:00:00"
NV,"Las Vegas",Downtown,"707 Fremont St","Downtown Container Park","2014-01-12 00:00:00"
NV,"Las Vegas",Downtown,"450 Fremont St, Ste 135","Banger Brewing","2014-01-12 00:00:00"
NV,"Las Vegas",Southwest,"7920 S Rainbow Blvd, Ste 100",Serenade,"2014-01-12 00:00:00"
NV,"Las Vegas",Centennial,"7881 W Tropical Pkwy","The Home Depot","2013-12-28 00:00:00"
NV,"Las Vegas","The Strip","3799 Las Vegas Blvd S","Hakkasan Restaurant","2013-12-28 00:00:00"
NV,"Las Vegas",Southwest,"3870 Blue Diamond Rd, Bldg R","Dollar Tree","2013-12-28 00:00:00"
NV,"Las Vegas",Centennial,"7181 N Hualapai Way, Ste 115","Divine Eatery","2013-12-28 00:00:00"
NV,"Las Vegas","The Strip","3950 S Las Vegas Blvd","Border Grill","2013-12-28 00:00:00"
NV,"Las Vegas",Downtown,"222 S Martin L King Blvd","Costco Business Center","2013-12-28 00:00:00"
NV,"Las Vegas","The Strip","3535 S Las Vegas Blvd","Nashville Unplugged Live","2013-12-17 00:00:00"
NV,"Las Vegas",Downtown,"Plaza Hotel & Casino, 1 Main St","Oscar's Steakhouse","2013-12-17 00:00:00"
NV,"Las Vegas",Downtown,"707 E Fremont St, Ste 1300","ChillSpot by SasaSweets","2013-12-17 00:00:00"
NV,"Las Vegas","Spring Valley","5516 S Ft Apache Rd, Ste 120","Crosscountry Mortgage","2013-12-17 00:00:00"
NV,"Las Vegas",,"6261 Dean Martin Dr",SkinnyFATS,"2013-12-05 00:00:00"
NV,"Las Vegas",Westside,"8800 W Charleston Blvd","Ross Dress for Less","2013-12-05 00:00:00"
NV,"W Henderson",Southeast,"9955 S Eastern Ave","Lowe's Home Improvement","2013-12-05 00:00:00"
NV,"Las Vegas",Southwest,"4000 Blue Diamond Rd, Blue Diamond Crossing","Ross Dress for Less","2013-12-05 00:00:00"
NV,"Las Vegas",,"5675 S Valley View","Standard Restaurant Supply","2013-12-05 00:00:00"
NV,"Las Vegas",Centennial,"7931 W Tropical Pkwy, Centennial Centre","Ross Dress for Less","2013-12-05 00:00:00"
NV,Henderson,,"724 W Sunset Rd","Penn's Thai House","2013-11-25 00:00:00"
NV,"Las Vegas",Chinatown,"5115 Spring Mountain Rd, Ste 234","Kaba Curry","2013-11-25 00:00:00"
NV,"Las Vegas",Centennial,"7375 Tule Springs Rd","Moon Valley Nurseries","2013-11-25 00:00:00"
NV,Henderson,Anthem,"2650 W Horizon Ridge Pkwy","Albertsons Supermarkets","2013-11-25 00:00:00"
NV,"Las Vegas","The Strip","3200 Las Vegas Blvd S","Sur La Table","2013-11-03 00:00:00"
NV,"Las Vegas",Westside,"730 S Rampart Blvd","Total Wine & More","2013-11-03 00:00:00"
NV,"Las Vegas",,"3700 W Flamingo Rd","Aki Matsuri Festival","2013-11-01 00:00:00"
NV,"Las Vegas",Chinatown,"4681 Spring Mountain Rd","Hotai Furniture","2013-11-01 00:00:00"
NV,"Las Vegas",Westside,"3713 W Sahara Ave","Herbs & Rye","2013-10-18 00:00:00"
NV,"Las Vegas",Downtown,"1616 S Las Vegas Blvd, Ste 130","Art of Flavors","2013-10-14 00:00:00"
NV,"Las Vegas",Centennial,"7920 W Tropical Pkwy, Ste 170","SinCity Burgers","2013-10-14 00:00:00"
NV,"Las Vegas",Chinatown,"5020 Spring Mountain Rd, Ste 3","Snowflake Shavery","2013-10-02 00:00:00"
NV,"Las Vegas",Southeast,"470 E Windmill Ln, Ste 100","Bachi Burger","2013-10-01 00:00:00"
NV,"Las Vegas",Westside,"440 S Rampart Blvd","Echo & Rig","2013-09-30 00:00:00"
NV,"Las Vegas",Southwest,"7925 Virtue Ct","Chaiya Meditation Monastery Monthly Food Fair","2013-09-30 00:00:00"
NV,Henderson,Southeast,"2950 Saint Rose Pkwy",Homegoods,"2013-09-28 00:00:00"
NV,"Las Vegas",Southwest,"Desert Marketplace",HomeGoods,"2013-09-28 00:00:00"
NV,"Las Vegas",Southeast,"9850 S Maryland Pkwy, Ste 4","Hancock Fabrics","2013-09-28 00:00:00"
NV,"Las Vegas",Downtown,"1616 S Las Vegas Blvd, Ste 130","Art of Flavors","2013-09-19 00:00:00"
NV,"Las Vegas","The Strip","Forum Shops Caesar's Palace, 3500 Las Vegas Blvd S, Ste T18","Sushi Roku","2013-09-17 00:00:00"
NV,"Las Vegas",,"9310 S Eastern Ave, Ste 112",AT&T,"2013-09-17 00:00:00"
NV,"Las Vegas","The Strip","3327 Las Vegas Blvd S","Table 10","2013-09-17 00:00:00"
NV,"Las Vegas","The Strip","3930 Las Vegas Blvd","Rx Boiler Room","2013-09-09 00:00:00"
NV,"Las Vegas",Southeast,"9775 S Maryland Pkwy, Ste C","Fantastic Sams","2013-09-09 00:00:00"
NV,"Las Vegas",Chinatown,"5020 Spring Mountain Rd, Ste 3","Snowflake Shavery","2013-09-09 00:00:00"
NV,Henderson,,"1080 W Sunset Rd","Floor & Decor","2013-09-09 00:00:00"
NV,"Las Vegas",Southeast,"455 E Pebble Rd","US Post Office","2013-09-09 00:00:00"
NV,"Las Vegas",Chinatown,"3870 Spring Mountain Rd, Ste A","Pacific West Flooring","2013-08-30 00:00:00"
NV,"Las Vegas","The Strip","The Forum Shops At Caesars, 3500 Las Vegas Blvd S, Ste G1","Spago by Wolfgang Puck","2013-08-30 00:00:00"
NV,"Las Vegas",Centennial,"7010 N Durango Dr, Ste 140","Rachel's Kitchen","2013-08-18 00:00:00"
NV,"Las Vegas",Downtown,"520 Fremont St","The Beat Coffeehouse & Records","2013-08-18 00:00:00"
NV,"Las Vegas","The Strip","The Forum Shops At Caesars, 3500 Las Vegas Blvd S, Ste G1","Spago by Wolfgang Puck","2013-08-16 00:00:00"
NV,"Las Vegas",Southeast,"5915 S Eastern Ave, McCarran Marketplace (Two Phases)","Ross Dress for Less","2013-08-07 00:00:00"
NV,"Las Vegas",Southeast,"2250 E Serene Ave, Eastern Beltway Center","Ross Dress for Less","2013-08-07 00:00:00"
NV,"Las Vegas","The Strip","Monte Carlo Hotel And Casino, 3770 Las Vegas Blvd S","The Pub at Monte Carlo","2013-08-05 00:00:00"
NV,"Las Vegas",Westside,"4620 W. Sahara Ave.","Ross Dress for Less","2013-08-05 00:00:00"
NV,"Las Vegas",,"4983 W Flamingo Rd","Winter In July - A Pop-Up Lunch with Yonaka and Snow Shavery","2013-08-05 00:00:00"
NV,"Las Vegas",Westside,"4640 W Sahara Ave","T J Maxx","2013-08-05 00:00:00"
NV,"Las Vegas","The Strip","Monte Carlo Resort & Casino, 3770 Las Vegas Blvd S",Andre's,"2013-08-05 00:00:00"
NV,"Las Vegas",Centennial,"6181 Centennial Center Blvd","Sushi Loca","2013-08-05 00:00:00"
NV,"Las Vegas",,"4190 N Pecos Rd","Three Square","2013-07-28 00:00:00"
NV,"Las Vegas",Southeast,"9845 S Eastern Ave",Marshalls,"2013-07-28 00:00:00"
NV,"Las Vegas","The Strip","3950 Las Vegas Blvd S","Lupo by Wolfgang Puck","2013-07-28 00:00:00"
NV,"Las Vegas",Centennial,"6680 N Durango Dr",Homegoods,"2013-07-28 00:00:00"
NV,"Las Vegas",,"7531 W Lake Mead Blvd","Pink Box Doughnuts","2013-07-28 00:00:00"
NV,"Las Vegas",Centennial,"5635 Centennial Center Blvd, Ste 120",Yogurtland,"2013-07-28 00:00:00"
NV,"Las Vegas",,"2192 N Rainbow Blvd, Ste 100","Which Wich Superior Sandwiches","2013-07-17 00:00:00"
NV,"Las Vegas",,"4300 Flossmoor St","RC Willey Nevada Distribution Center","2013-07-13 00:00:00"
NV,"Las Vegas",Sunrise,"2970 N Lamb Blvd","Walker Furniture Warehouse","2013-07-13 00:00:00"
NV,"Las Vegas",Westside,"8480 W Desert Inn Rd, Ste F1","Sen of Japan","2013-07-13 00:00:00"
NV,"Las Vegas",Chinatown,"5115 Spring Mountain Rd, Ste 103","1900 Asian Cuisine","2013-07-06 00:00:00"
NV,Henderson,,"898 S Boulder Hwy","Frost Bites Shavery","2013-07-06 00:00:00"
NV,"Las Vegas",Downtown,"W Flamingo Rd","Sin City Yoga","2013-06-29 00:00:00"
NV,"Las Vegas",Centennial,"5705 Centennial Center Blvd, Ste 170","Novecento Pizzeria","2013-06-29 00:00:00"
NV,"Las Vegas",Downtown,"217 Las Vegas Blvd N","Gold Spike","2013-06-29 00:00:00"
NV,Henderson,Anthem,"790 Coronado Ste 135","Roosters Men's Grooming Center","2013-06-29 00:00:00"
NV,"Las Vegas",Southeast,"9151 S Las Vegas Blvd, Ste 320","West Coast Tattoo Parlor","2013-06-20 00:00:00"
NV,"Las Vegas",Southwest,"7380 S Rainbow Blvd, Ste 101",Cefiore,"2013-06-16 00:00:00"
NV,"Las Vegas",Centennial,"7810 N Tenaya Way","Gilcrease Orchard","2013-06-16 00:00:00"
NV,"Las Vegas",Westside,"440 S Rampart","Poppy Den","2013-06-16 00:00:00"
NV,"Las Vegas",,"7501 W Lake Mead Blvd, Ste 120","Grape Street","2013-06-16 00:00:00"
NV,"Las Vegas",Southeast,"9711 S Eastern Ave","Windy City Beefs N Pizza","2013-06-16 00:00:00"
NV,"Las Vegas",Centennial,"5651 Centennial Center Blvd","24 Hour Fitness Super Sport","2013-06-16 00:00:00"
NV,"Las Vegas",Centennial,"5705 Centennial Center Blvd, Ste 170","Novecento Pizzeria","2013-06-15 00:00:00"
NV,Henderson,Anthem,"10960 S Eastern Ave, Ste 107","Aurelio's the Family Pizzeria","2013-06-10 00:00:00"
NV,"Las Vegas",Westside,"450 S Rampart Blvd, Ste 120","Ogden's Hops and Harvest","2013-06-10 00:00:00"
NV,"Las Vegas","The Strip","3200 Las Vegas Blvd S","Lululemon Athletica","2013-06-10 00:00:00"
NV,"Las Vegas",,"4625 W Flamingo Rd","Andy's Foot Spa","2013-06-10 00:00:00"
NV,"Las Vegas","The Strip","3200 Las Vegas Blvd S","Lululemon Athletica","2013-06-09 00:00:00"
NV,"Las Vegas",,"4625 W Flamingo Rd","Andy's Foot Spa","2013-06-03 00:00:00"
NV,"Las Vegas",Chinatown,"4490 Spring Mountain Rd","Ramen Sora","2013-06-03 00:00:00"
NV,"Las Vegas",,"9310 S Eastern Ave","Japan Creek Market","2013-06-03 00:00:00"
NV,"Las Vegas","The Strip","The Colosseum at Caesars Palace, 3570 Las Vegas Blvd","Shania: Still the One","2013-06-03 00:00:00"
NV,"Las Vegas",,"3400 S Jones Blvd, Ste 2","Kaze Sushi","2013-05-25 00:00:00"
NV,Henderson,,"4500 E Sunset Rd, Unit 10","Galaxy Green Valley Luxury + Theatre","2013-05-25 00:00:00"
NV,"Las Vegas","The Strip","3570 Las Vegas Blvd S","Gordon Ramsay Pub & Grill","2013-05-21 00:00:00"
NV,"Las Vegas",Southeast,"9850 S Maryland Pkwy, Ste 17","Thai House","2013-05-19 00:00:00"
NV,"Las Vegas","The Strip","3730 Las Vegas Blvd S","Jean Georges Steakhouse","2013-05-19 00:00:00"
NV,Henderson,,"27 S Stephanie St","King Putt Mini","2013-05-18 00:00:00"
NV,Henderson,,"12300 Las Vegas Blvd S","Burgers & Brews","2013-05-18 00:00:00"
NV,"Las Vegas",,"9310 S Eastern Ave","Japan Creek Market","2013-05-17 00:00:00"
NV,"Las Vegas",,"4465 W Flamingo Rd","Umiya Sushi","2013-05-17 00:00:00"
NV,"Las Vegas",Westside,"7365 W Sahara Ave, Ste K","Hedary's Mediterranean Restaurant","2013-05-17 00:00:00"
NV,"Las Vegas",,"4970 Arville St, Ste 110","Happy Feet Spa","2013-05-17 00:00:00"
NV,"Las Vegas",Chinatown,"3400 S Jones Blvd, Ste 11","Karaoke Q Studio","2013-05-17 00:00:00"
NV,"Las Vegas",Southwest,"7715 S Rainbow Blvd","Dairy Queen","2013-05-12 00:00:00"
NV,"Las Vegas","The Strip","Four Seasons Hotel, 3950 S Las Vegas Blvd",Veranda,"2013-05-12 00:00:00"
NV,"Las Vegas",Centennial,"6720 Skypointe Dr","Lulu's Bread & Breakfast","2013-05-12 00:00:00"
NV,"Las Vegas",Southeast,"2375 E Torino Ave","Kopper Keg South","2013-05-12 00:00:00"
NV,"Las Vegas",Southeast,"582 E Silverado Ranch Blvd",PT's,"2013-05-07 00:00:00"
NV,"Las Vegas",,"4465 W Flamingo Rd","Umiya Sushi","2013-05-06 00:00:00"
NV,"Las Vegas",Eastside,"2655 Maryland Pkwy","Las Vegas Athletic Club","2013-05-04 00:00:00"
NV,"Las Vegas",Eastside,"Hard Rock Hotel & Casino, 4455 Paradise Rd","The Joint at Hard Rock","2013-05-02 00:00:00"
NV,"Las Vegas",,"4321 W Flamingo Rd","Nove Italiano","2013-05-02 00:00:00"
NV,Henderson,Anthem,"10612 S Eastern Ave","Stephano's Greek & Mediterranean Grill","2013-04-28 00:00:00"
NV,Henderson,,"9310 S Eastern Ave, Ste 116","Monta Chaya","2013-04-28 00:00:00"
NV,"Las Vegas",Downtown,"401 S Maryland Pkwy","Bronze Cafe at The Center","2013-04-28 00:00:00"
NV,"Las Vegas","The Strip","3570 Las Vegas Blvd S","Gordon Ramsay Pub & Grill","2013-04-25 00:00:00"
NV,"Las Vegas",,"4983 W Flamingo Rd, Ste A","Yonaka Modern Japanese","2013-04-25 00:00:00"
NV,"South Las Vegas",Southeast,"7490 S Las Vegas Blvd",IHOP,"2013-04-25 00:00:00"
NV,"Las Vegas",,"633 N Decatur Blvd, Ste H","KoMex Fusion","2013-04-21 00:00:00"
NV,"Las Vegas",Chinatown,"3869 Spring Mountain Rd","Leo Barber Shop","2013-04-14 00:00:00"
NV,"Las Vegas",Southeast,"1263 E Silverado Ranch, Ste 106","Shabu Grill","2013-04-14 00:00:00"
NV,"Las Vegas","The Strip","3355 Las Vegas Blvd S","Delmonico Steakhouse","2013-04-11 00:00:00"
NV,"Las Vegas",Downtown,"506 Fremont St","Park on Fremont","2013-04-11 00:00:00"
NV,"Las Vegas","The Strip","Caesars Palace Las Vegas Hotel And Casino, 3570 Las Vegas Boulevard South","Matt Goss","2013-04-06 00:00:00"
NV,"Las Vegas","The Strip","3570 Las Vegas Blvd S",Rao's,"2013-04-06 00:00:00"
NV,"Las Vegas","The Strip","3131 Las Vegas Blvd S","SW Steakhouse","2013-03-16 00:00:00"
NV,"Las Vegas","The Strip","3131 Las Vegas Blvd S",Lakeside,"2013-03-16 00:00:00"
NV,"Las Vegas","The Strip","3767 Las Vegas Blvd S","Smith & Wollensky","2013-03-15 00:00:00"
NV,"Las Vegas","The Strip","3570 Las Vegas Blvd S","Mesa Grill","2013-03-15 00:00:00"
NV,"Las Vegas","The Strip","3327 S Las Vegas Blvd","The Act Nightclub","2013-03-14 00:00:00"
NV,"Las Vegas","The Strip","3960 S Las Vegas Blvd","Charlie Palmer Steak","2013-03-14 00:00:00"
NV,"Las Vegas",Summerlin,"10100 W Charleston Blvd, Ste 150","Vintner Grill","2013-03-14 00:00:00"
NV,"Las Vegas",Southeast,"9555 S Eastern Ave, Ste 145","A Spa","2013-03-12 00:00:00"
NV,"Las Vegas",Southeast,"3365 E Tropicana Ave","Sprouts Farmers Market","2013-03-12 00:00:00"
NV,"Las Vegas",Southeast,"4860 S Eastern Ave, Ste 2","Fukumimi Ramen","2013-03-12 00:00:00"
NV,"Las Vegas",,"9490 S Eastern Ave, Ste 100","Paul Mitchell The School Las Vegas","2013-03-12 00:00:00"
NV,"Las Vegas",Chinatown,"5960 Spring Mountain Rd","KJ Kitchen","2013-03-12 00:00:00"
NV,"Las Vegas","The Strip","3930 Las Vegas Blvd, Ste 115","Lush Fresh Handmade Cosmetics","2013-03-12 00:00:00"
NV,"Las Vegas",Southeast,"3145 E Tropicana Ave","Epic Thrift","2013-03-12 00:00:00"
NV,"Las Vegas",Southeast,"9151 S Las Vegas Blvd, Ste 320","West Coast Tattoo Parlor","2013-03-12 00:00:00"
NV,"Las Vegas",Chinatown,"3920 Spring Mountain Rd","Tofu Hut","2013-03-05 00:00:00"
NV,"Las Vegas",University,"4800 S Maryland Pkwy, Ste A","Stake Out Bar & Grill","2013-03-05 00:00:00"
NV,"Las Vegas",Downtown,"1204 S Main St","Casa Don Juan Restaurant","2013-03-05 00:00:00"
NV,"Las Vegas",Southeast,"1083 E Tropicana Ave","Roly's Bakery","2013-03-05 00:00:00"
NV,"Las Vegas","The Strip","The Cosmopolitan Of Las Vegas, 3708 Las Vegas Blvd S","The Henry","2013-02-28 00:00:00"
NV,"Las Vegas",Downtown,"501 S 8th St","Craig P Kenny & Associates","2013-02-28 00:00:00"
NV,"Las Vegas",Chinatown,"4725 Spring Mountain Rd","Honey Pig","2013-02-28 00:00:00"
NV,"Las Vegas",,"4945 W Tropicana Ave","China Star Buffet","2013-02-28 00:00:00"
NV,"Las Vegas",Centennial,"7870 W Tropical Pkwy","Michoacan Gourmet Mexican Restaurant","2013-02-28 00:00:00"
NV,"Las Vegas",Downtown,"12 E Ogden Ave","Market Street Cafe","2013-02-28 00:00:00"
NV,"Las Vegas",Downtown,"450 Fremont St, Ste 250","Drink & Drag Lounge","2013-02-25 00:00:00"
NV,"Las Vegas",Downtown,"12 E Ogden Ave","Market Street Cafe","2013-02-25 00:00:00"
NV,"Las Vegas","The Strip","The Cosmopolitan Of Las Vegas, 3708 Las Vegas Blvd S","STK Las Vegas","2013-02-25 00:00:00"
NV,"Las Vegas","The Strip","3600 S Las Vegas Blvd","Bellagio Gallery of Fine Art","2013-02-25 00:00:00"
NV,"Las Vegas","The Strip","3708 Las Vegas Blvd S","Blue Ribbon Sushi Bar and Grill","2013-02-25 00:00:00"
NV,"Las Vegas","The Strip","3708 Las Vegas Blvd S",Jaleo,"2013-02-25 00:00:00"
NV,Henderson,,"2021 W Sunset Rd","Noodle ChaCha","2013-02-20 00:00:00"
NV,"Las Vegas","The Strip","3663 Las Vegas Blvd S","Cabo Wabo Cantina","2013-02-20 00:00:00"
NV,"Las Vegas",,"3700 W Flamingo Rd","KJ Dim Sum & Seafood","2013-02-17 00:00:00"
NV,"Las Vegas","The Strip","3131 Las Vegas Blvd S","Wing Lei","2013-02-14 00:00:00"
NV,"Las Vegas","The Strip","The Forum Shops At Caesars Palace, 3500 S Las Vegas Blvd","P.J. Clarke's New York Chophouse","2013-02-14 00:00:00"
NV,"Las Vegas","The Strip","3708 Las Vegas Blvd S","Estiatorio Milos","2013-02-12 00:00:00"
NV,Henderson,Southeast,"3265 St Rose Pkwy","Remedy's Tavern","2013-02-12 00:00:00"
NV,"Las Vegas",,"4755 W Flamingo Rd, Ste G","Money Plays","2013-02-09 00:00:00"
NV,Henderson,,"4500 E Sunset Rd, Ste14","Dip Sticks Bakery","2013-02-09 00:00:00"
NV,Henderson,,"4650 E Sunset Rd, Ste A","Ross J's Aloha Grill","2013-02-09 00:00:00"
NV,"Las Vegas",,"4755 W Flamingo Rd","El Taco Feliz","2013-02-09 00:00:00"
NV,"Las Vegas",Southeast,"7400 Las Vegas Blvd S, Ste 123",Journeys,"2013-02-04 00:00:00"
NV,"Las Vegas",Downtown,"1655 E Charleston Blvd","Taqueria El Pastorcito","2013-02-04 00:00:00"
NV,"Las Vegas",Downtown,"1710 E Charleston Blvd","Los Tacos","2013-02-04 00:00:00"
NV,"Las Vegas",University,"Swenson & Thomas and Mack Dr","Thomas & Mack Center","2013-02-04 00:00:00"
NV,"Las Vegas",,,"Wish Vegas","2013-02-04 00:00:00"
NV,"Las Vegas","The Strip","3663 S Las Vegas Blvd, Ste 630",Journey's,"2013-02-04 00:00:00"
NV,"Las Vegas","The Strip","3667 Las Vegas Blvd S","Gordon Ramsay BurGR","2013-01-26 00:00:00"
NV,Henderson,,"605 Mall Ring Cir, Ste 100","Plato's Closet Henderson","2013-01-25 00:00:00"
NV,"Las Vegas",Chinatown,"4355 Spring Mountain Rd",Ichiza,"2013-01-25 00:00:00"
NV,"Las Vegas","The Strip","3200 Las Vegas Blvd S",Express,"2013-01-21 00:00:00"
NV,"Las Vegas",Southeast,"6611 Las Vegas Blvd, Ste 160","Las Vegas Bull","2013-01-21 00:00:00"
NV,"Las Vegas",,"9310 S Eastern Ave, Ste 123","Top Notch Barbeque","2013-01-21 00:00:00"
NV,"Las Vegas",Eastside,"4001 S Maryland Pkwy",Target,"2013-01-21 00:00:00"
NV,"Las Vegas",Eastside,"953 E Sahara Ave","Komol Restaurant","2013-01-18 00:00:00"
NV,"Las Vegas",Chinatown,"4029 Spring Mountain Rd","Pho Kim Long","2013-01-18 00:00:00"
NV,"Las Vegas","Spring Valley","5455 S Fort Apache Rd, Ste 105","Surang's Thai Kitchen","2013-01-18 00:00:00"
NV,"Las Vegas","The Strip","Paris Las Vegas Hotel, 3655 Las Vegas Blvd S","Sugar Factory American Brasserie","2013-01-18 00:00:00"
NV,"Las Vegas","Spring Valley","6105 S Fort Apache Rd",Starbucks,"2013-01-17 00:00:00"
NV,"Las Vegas","Spring Valley","6085 S Fort Apache Rd","The Putt Park","2013-01-17 00:00:00"
NV,"Las Vegas","Spring Valley","9275 W Russell Rd, Ste 190","DW Bistro","2013-01-17 00:00:00"
NV,"Las Vegas",Eastside,"4633 S Paradise Rd","Piranha Nightclub","2013-01-16 00:00:00"
NV,"Las Vegas",Eastside,"4480 Paradise Rd","Ferraro's Italian Restaurant & Wine Bar","2013-01-16 00:00:00"
NV,Henderson,,"12300 S Las Vegas Blvd","Studio B Buffet","2013-01-16 00:00:00"
NV,"Las Vegas",,"4633 Paradise Rd","8 1/2 Ultra Lounge","2013-01-16 00:00:00"
NV,"Las Vegas",,"3400 S Jones Blvd, Ste 8","Cravin' Cajun","2013-01-09 00:00:00"
NV,"Las Vegas",Southeast,"9725 S Eastern Ave","The Studio At Target","2012-12-31 00:00:00"
NV,"Las Vegas","South Summerlin","11011 W Charleston Blvd","Rocks Lounge","2012-12-31 00:00:00"
NV,"Las Vegas",University,"4550 S Maryland Pkwy","The Coffee Bean & Tea Leaf","2012-12-22 00:00:00"
NV,Henderson,,"2 Cactus Garden Dr","Ethel M Chocolate","2012-12-20 00:00:00"
NV,"Las Vegas",Southeast,"9465 S Eastern Ave","T-Bird Lounge & Restaurant","2012-12-20 00:00:00"
NV,"Las Vegas","Spring Valley","5165 S Fort Apache Rd, Ste 160","Sweet Addiction, Cookies & Ice Cream","2012-12-17 00:00:00"
NV,"Las Vegas",Southeast,"470 E Windmill Ln, Ste 110","Shoku Ramen","2012-12-17 00:00:00"
NV,"Las Vegas","Spring Valley","5035 S Fort Apache Rd, Ste 104","The Perfect Scoop & Boba Tea","2012-12-13 00:00:00"
NV,"Las Vegas","Spring Valley","5025 S Fort Apache Rd","Teddy's Bakery","2012-12-13 00:00:00"
NV,"Las Vegas","Spring Valley","5025 S Fort Apache Rd","Teddy's Bakery","2012-12-08 00:00:00"
NV,"Las Vegas",Southeast,"2165 E Windmill Ln, Ste 100","Chase Bank","2012-12-07 00:00:00"
NV,"Las Vegas","Spring Valley","9073 W Post Rd","Bright Smile Family Dental","2012-11-30 00:00:00"
NV,Henderson,,"693 N Stephanie St","Rita's Italian Ice","2012-11-30 00:00:00"
NV,"Las Vegas","The Strip","3732 Las Vegas Blvd S",Sage,"2012-11-30 00:00:00"
NV,"Las Vegas","The Strip","3645 Las Vegas Blvd S","Sterling Brunch","2012-11-30 00:00:00"
NV,Henderson,,"625 N Stephanie St","Hobby Lobby","2012-11-27 00:00:00"
NV,"Las Vegas",,"4035 S Decatur Blvd","Sammy's L.A. Pastrami & Burgers","2012-11-27 00:00:00"
NV,"Las Vegas",Southeast,"9890 S Maryland Pkwy","Dollar Tree","2012-11-26 00:00:00"
NV,"Las Vegas",Southeast,"6599 Las Vegas Blvd, Ste P-148, Town Square","Fossil Store","2012-11-26 00:00:00"
NV,"Las Vegas",,"Palms Place Hotel & Spa, 4381 W Flamingo Rd","Simon Restaurant and Lounge","2012-11-24 00:00:00"
NV,"Las Vegas",Northwest,"4421 N Rancho Dr","Lee's Discount Liquor","2012-11-24 00:00:00"
NV,"Las Vegas",Southeast,"6569 S Las Vegas Blvd, Ste 176","I Love Burgers","2012-11-17 00:00:00"
NV,"Las Vegas","Spring Valley","4180 Rainbow Blvd, Ste 806","Forte European Tapas Bar and Bistro","2012-11-17 00:00:00"
NV,"Las Vegas","The Strip","3200 Las Vegas Blvd S, Ste 1132","RA Sushi Bar Restaurant","2012-11-12 00:00:00"
NV,"Las Vegas",Westside,"1031 S Rampart Blvd","Honey Salt","2012-11-12 00:00:00"
NV,"Las Vegas",Chinatown,"4731 Spring Mountain Rd","Big Lots - Las Vegas: Spring Valley","2012-11-05 00:00:00"
NV,"Las Vegas",Westside,"2900 W Sahara Ave","In-N-Out Burger","2012-11-05 00:00:00"
NV,Henderson,Anthem,"10890 S Eastern Ave, Ste 108","Meat And Three","2012-11-05 00:00:00"
NV,"Las Vegas",Southwest,"7775 S Rainbow Blvd, Ste 145","Oyshi Sushi","2012-11-05 00:00:00"
NV,"Las Vegas","The Strip","3655 Las Vegas Blvd S","Sugar Factory","2012-10-30 00:00:00"
NV,"Las Vegas","The Strip","3300 S Las Vegas Blvd","Señor Frog's","2012-10-30 00:00:00"
NV,"Las Vegas","The Strip","3799 S Las Vegas Blvd","Skylofts at MGM Grand","2012-10-30 00:00:00"
NV,"Las Vegas","The Strip","3790 Las Vegas Blvd S","Coyote Ugly Saloon","2012-10-30 00:00:00"
NV,"Las Vegas","The Strip","3475 Las Vegas Blvd S","Carnaval Court Bar & Grill","2012-10-30 00:00:00"
NV,"Las Vegas","The Strip","3799 Las Vegas Blvd S","Tom Colicchio's Craftsteak","2012-10-30 00:00:00"
NV,"Las Vegas","The Strip","3799 Las Vegas Blvd S","Wolfgang Puck Bar & Grill Las Vegas","2012-10-26 00:00:00"
NV,"Las Vegas","The Strip","3200 Las Vegas Blvd S, Ste 1540","Grimaldi's Pizzeria","2012-10-26 00:00:00"
NV,"Las Vegas",,"4025 S Decatur Blvd","The Boiling Crab","2012-10-26 00:00:00"
NV,"Las Vegas","The Strip","3300 Las Vegas Blvd S","Kahunaville Island Restaurant","2012-10-26 00:00:00"
NV,Henderson,,"9830 S Eastern Ave","99 Cents Only Stores","2012-10-22 00:00:00"
NV,"Las Vegas",,"9550 S Eastern, Ste 160","Party USA","2012-10-22 00:00:00"
NV,"Las Vegas",Southeast,"6521 Las Vegas Blvd S, Ste 105","Charming Charlie - Las Vegas","2012-10-22 00:00:00"
NV,"Las Vegas",Southeast,"6005 S Eastern Ave","Walmart Supercenter","2012-10-22 00:00:00"
NV,"Las Vegas",Eastside,"2300 E Tropicana Ave",Savers,"2012-10-22 00:00:00"
NV,"Las Vegas",Westside,"420 S Rampart Blvd, Ste 180","Brio Tuscan Grille","2012-10-16 00:00:00"
NV,"Las Vegas",Eastside,"4455 Paradise Rd","Culinary Dropout","2012-10-16 00:00:00"
NV,"Las Vegas",Southeast,"9775 S Maryland Pkwy, Ste A","Silverado Chiropractic","2012-10-15 00:00:00"
NV,"Las Vegas",Eastside,"4503 Paradise Rd","Firkin On Paradise","2012-10-15 00:00:00"
NV,"Las Vegas",Westside,"501 S Decatur Blvd","Pop's Philly Steaks","2012-10-09 00:00:00"
NV,Henderson,Southeast,"9839 S Eastern Ave, Ste C1","Diva Beauty - A Threading Boutique","2012-10-09 00:00:00"
NV,"Las Vegas",Downtown,"129 E Fremont St","The Chocolate Box","2012-10-04 00:00:00"
NV,"Las Vegas",Anthem,"9893 S Eastern Ave","Halloween Express","2012-10-02 00:00:00"
NV,"Las Vegas",Downtown,"129 E Fremont St","Grotto Ristorante","2012-10-02 00:00:00"
NV,"Las Vegas",Eastside,"360 E Tropicana Ave","Grind Burger Bar and Lounge","2012-10-01 00:00:00"
NV,"Las Vegas",Eastside,"1040 E Flamingo Rd","India Masala Bar & Grill","2012-10-01 00:00:00"
NV,"Las Vegas",Centennial,"7101 N Buffalo Dr","Centennial Hills Park","2012-10-01 00:00:00"
NV,"Las Vegas",Centennial,"7101 N Buffalo Dr","Centennial Hills Park","2012-09-28 00:00:00"
NV,"Las Vegas",Downtown,"361 Symphony Park Ave","The Smith Center","2012-09-23 00:00:00"
NV,Henderson,Anthem,"The District at Green Valley Ranch, 2255 Village Walk Dr, Ste 139","Kings Fish House","2012-09-23 00:00:00"
NV,"Las Vegas",Chinatown,"5115 Spring Mountain Rd 203","Veggie House","2012-09-21 00:00:00"
NV,"Las Vegas",Westside,"3230 S Valley View Blvd, Ste 120","Star Costume & Theatrical Supply","2012-09-21 00:00:00"
NV,"Las Vegas","The Strip","Treasure Island Hotel, 3300 S Las Vegas Blvd","Cirque du Soleil - Mystère","2012-09-10 00:00:00"
NV,"Las Vegas","The Strip","3570 S Las Vegas Blvd","Bacchanal Buffet","2012-09-10 00:00:00"
NV,"Las Vegas","The Strip","Treasure Island Hotel, 3300 S Las Vegas Blvd","Cirque du Soleil - Mystère","2012-09-04 00:00:00"
NV,"Las Vegas",Southeast,"6420 S Pecos Rd","Parsley Modern Mediterranean","2012-09-04 00:00:00"
NV,"Las Vegas",University,"1545 Flamingo Rd","Olive Garden Italian Restaurant","2012-09-04 00:00:00"
NV,"Las Vegas",Southwest,"4100 Blue Diamond Rd",Starbucks,"2012-09-04 00:00:00"
NV,"Las Vegas","The Strip","3300 Las Vegas Blvd S",Gilley's,"2012-09-01 00:00:00"
NV,"Las Vegas","The Strip","Aria Resort and Casino, 3746 Las Vegas Blvd S","American Fish","2012-09-01 00:00:00"
NV,Henderson,Anthem,"10740 S Eastern Ave, Ste 155","Bratalian Neapolitan Cantina","2012-08-30 00:00:00"
NV,"Las Vegas","Spring Valley","5630 S Hualapai Way",PT's,"2012-08-28 00:00:00"
NV,"Las Vegas",University,"4632 S Maryland Pkwy","Stephano's Greek & Mediterranean Grill","2012-08-28 00:00:00"
NV,"Las Vegas",Westside,"8380 W Sahara Ave","Paymons Mediterranean Cafe & Hookah Lounge","2012-08-22 00:00:00"
NV,"Las Vegas",Eastside,"335 Hughes Ctr Dr","McCormick & Schmick's Seafood & Steaks","2012-08-22 00:00:00"
NV,"Las Vegas","The Strip","3770 Las Vegas Blvd S","D. Vino","2012-08-19 00:00:00"
NV,"Las Vegas","The Strip","The Cosmopolitan, 3708 Las Vegas Blvd","The Neapolitan","2012-08-19 00:00:00"
NV,"Las Vegas",Westside,"3111 S Valley View Blvd, Ste L-115","Clean The World","2012-08-18 00:00:00"
NV,"Las Vegas","The Strip","3950 S Las Vegas Blvd",StripSteak,"2012-08-17 00:00:00"
NV,Henderson,Southeast,"11624 Bermuda Rd","The Bar At Bermuda & St. Rose","2012-08-15 00:00:00"
NV,"Las Vegas",Southeast,"9595 S Eastern Ave","Cafe Rio","2012-08-15 00:00:00"
NV,"Las Vegas",Westside,"7293 W Sahara Ave","Rolling in Dough Cafe","2012-08-09 00:00:00"
NV,"Las Vegas","The Strip","3200 Las Vegas Blvd S",Gap,"2012-08-09 00:00:00"
NV,"Las Vegas","The Strip","Paris Dr","Jamba Juice","2012-08-06 00:00:00"
NV,Henderson,,"1311 W Sunset Rd","Strike Zone Bowling Center","2012-08-03 00:00:00"
NV,"Las Vegas",Southeast,"6593 Las Vegas Blvd S, Unit B155","Fracos & Froccs","2012-08-01 00:00:00"
NV,"Las Vegas",Eastside,"3900 Cambridge St","Clark County Health District","2012-08-01 00:00:00"
NV,"Las Vegas",Southeast,"9851 S Eastern Ave","Nike Factory Store","2012-07-30 00:00:00"
NV,"Las Vegas","Spring Valley","6040 S Rainbow Blvd","Achieve Physical Therapy","2012-07-30 00:00:00"
NV,"Las Vegas",Westside,"3923 W Charleston Blvd","M&M Soul Food Cafe","2012-07-30 00:00:00"
NV,"Las Vegas",Westside,"8704 W Charleston Blvd","The Melting Pot - Las Vegas","2012-07-30 00:00:00"
NV,Henderson,Anthem,"11021 S Eastern Ave","Black Mountain Grill","2012-07-27 00:00:00"
NV,Henderson,Anthem,"2485 Village View Dr","Grand Cafe","2012-07-27 00:00:00"
NV,"Las Vegas",Southeast,"9725 S Maryland Pkwy",Albertsons,"2012-07-26 00:00:00"
NV,"Las Vegas",Downtown,"3500 Las Vegas Blvd So, Ste L-13 - L-17, Forum Shops",Gap,"2012-07-26 00:00:00"
NV,"Las Vegas","Spring Valley","6181 S Rainbow Blvd",Subway,"2012-07-26 00:00:00"
NV,"Las Vegas",Westside,"Rampart Commons, 1055 S Rampart Blvd",Gap,"2012-07-26 00:00:00"
NV,"Las Vegas",Downtown,"3021 Charleston Blvd, Ste B","La Flor de Michoacan","2012-07-23 00:00:00"
NV,"Las Vegas",University,"4110 S Maryland Pkwy","Rincon Catracho","2012-07-23 00:00:00"
NV,"Las Vegas","The Strip","3049 S Las Vegas Blvd","Tacos El Gordo","2012-07-21 00:00:00"
NV,Henderson,Southeast,"9400 S Eastern Ave, Ste 106A","The Berliner","2012-07-21 00:00:00"
NV,"Las Vegas",Southeast,"9255 S Eastern Ave","German Bread Bakery","2012-07-11 00:00:00"
NV,"Las Vegas","Spring Valley","5130 S Fort Apache Rd, Ste 240","Elevation Burger","2012-07-11 00:00:00"
NV,Henderson,,"605 N Stephanie St",Target,"2012-07-09 00:00:00"
NV,Henderson,,"550 N Stephanie St","Genghis Grill","2012-07-09 00:00:00"
NV,"Las Vegas","The Lakes","8320 W Sahara Ave, Ste 180","Sushi Mon","2012-07-09 00:00:00"
NV,Henderson,,"4650 E Sunset Rd","KD Donuts & Kolaches","2012-07-09 00:00:00"
NV,"Las Vegas",Chinatown,"3429 S Jones Blvd","Fresh Cup","2012-07-04 00:00:00"
NV,"Las Vegas",Westside,"7871 W Charleston Blvd",Yassou,"2012-07-04 00:00:00"
NV,"Las Vegas",Westside,"5485 W Sahara Ave","Orchids Garden Chinese Restaurant","2012-07-04 00:00:00"
NV,"Las Vegas",Chinatown,"4545 Spring Mountain Rd, Ste 103","GFW Coffee","2012-07-04 00:00:00"
NV,"Las Vegas",Chinatown,"3459 S Jones Blvd","168 Market","2012-07-02 00:00:00"
NV,"Las Vegas",Chinatown,"3939 Spring Mountain Rd","Little Macau","2012-07-02 00:00:00"
NV,Henderson,Anthem,"10001 S Eastern Ave, Ste 401","Foot & Ankle Surgical Group","2012-07-02 00:00:00"
NV,"Las Vegas","The Strip","3708 Las Vegas Blvd S","LuckyRice Night Market","2012-06-29 00:00:00"
NV,"Las Vegas",Southwest,"8060 Blue Diamond Rd, Ste 100","Don Tortaco Mexican Grill","2012-06-21 00:00:00"
NV,"Las Vegas",Chinatown,"3400 S Jones Blvd, Ste 15","HK Star","2012-06-21 00:00:00"
NV,"Las Vegas",Southeast,"9480 S Eastern Ave, Ste 100","Red Mango","2012-06-18 00:00:00"
NV,"Las Vegas","The Strip","3950 Las Vegas Blvd S","House of Blues - Music Venue","2012-06-18 00:00:00"
NV,"Las Vegas","The Strip","3950 Las Vegas Blvd S","Yogurt In","2012-06-18 00:00:00"
NV,"Las Vegas",Westside,"5020 Spring Mountain Rd, Ste 3","Volcano Tea House","2012-06-18 00:00:00"
NV,"Las Vegas",Southeast,"11997 Las Vegas Blvd S","Blue Hawk Tavern","2012-06-15 00:00:00"
NV,"Las Vegas",Westside,"4505 W Sahara Ave","Rani's World Foods","2012-06-15 00:00:00"
NV,"Las Vegas",Southeast,"7400 Las Vegas Blvd S","G H Bass","2012-06-13 00:00:00"
NV,"Las Vegas",Downtown,"12 Ogden Ave","Lappert's Ice Cream Shop","2012-06-11 00:00:00"
NV,"Las Vegas",Summerlin,"653 N Town Center Dr, Ste 203","Summerlin Foot & Ankle","2012-06-09 00:00:00"
NV,"Las Vegas",,"2180 N Rainbow Blvd","Old Navy","2012-06-09 00:00:00"
NV,"Las Vegas","The Strip","99 Convention Center Dr","The Barrymore","2012-06-05 00:00:00"
NV,"Las Vegas",Westside,"750 S Rampart Blvd","Kona Grill","2012-06-01 00:00:00"
NV,"Las Vegas","Spring Valley","4455 S Buffalo Dr",Rounders,"2012-06-01 00:00:00"
NV,Henderson,,"4401 E Sunset Rd",Santora's,"2012-05-30 00:00:00"
NV,Henderson,,"4500 E Sunset Rd","Barley's Brew Pub","2012-05-30 00:00:00"
NV,"Las Vegas",Downtown,"111 Las Vegas Blvd S","Downtown Cocktail Room","2012-05-29 00:00:00"
NV,"Las Vegas",Southwest,"7715 S Rainbow Blvd","DQ Grill & Chill Restaurant","2012-05-29 00:00:00"
NV,"Las Vegas","The Strip","99 Convention Center Dr","The Barrymore","2012-05-28 00:00:00"
NV,"Las Vegas","The Strip","Caesars Palace, 3570 Las Vegas Blvd","Bradley Ogden","2012-05-26 00:00:00"
NV,"Las Vegas",Southwest,"8030 Blue Diamond Rd",Rounders,"2012-05-24 00:00:00"
NV,"Las Vegas",Chinatown,"5600 Spring Mountain Rd, Ste B","DaKao Quan","2012-05-22 00:00:00"
NV,"Las Vegas",,"425 Fremont St","Caricature Cinema","2012-05-22 00:00:00"
NV,"Las Vegas","The Strip","3200 Las Vegas Blvd S","Bath & Body Works","2012-05-21 00:00:00"
NV,"Las Vegas",Downtown,"301 Fremont St","The D Casino Hotel","2012-05-21 00:00:00"
NV,Henderson,,"1381 W Sunset Rd, Ste 120","Pearle Vision","2012-05-21 00:00:00"
NV,Henderson,,"661 Marks St","Great Harvest Bread Company","2012-05-21 00:00:00"
NV,"Las Vegas","The Strip","3200 Las Vegas Blvd S","Chipotle Mexican Grill","2012-05-19 00:00:00"
NV,"Las Vegas",Downtown,"505 Fremont St","Uncle Joe's Pizza","2012-05-17 00:00:00"
NV,"Las Vegas",University,"1220 E Harmon Ave, Ste D","Al's Donuts","2012-05-15 00:00:00"
NV,"Las Vegas",Eastside,"4151 S Eastern Ave","Mariana's Supermarket","2012-05-15 00:00:00"
NV,"Las Vegas",,"8826 S Eastern Ave, Ste 113","Jun's Korean Restaurant","2012-05-15 00:00:00"
NV,"Las Vegas",Westside,"6390 W Sahara Ave","Big Dog's Cafe & Casino","2012-05-15 00:00:00"
NV,"Las Vegas",Southeast,"2370 E Serene Ave, Ste 210","Amy's Hallmark Shop","2012-05-15 00:00:00"
NV,"Las Vegas",Chinatown,"3407 S Jones Blvd","Hong Kong Garden Seafood & BBQ Cafe","2012-05-10 00:00:00"
NV,Henderson,,"2580 Wigwam Pkwy","Thrifty Ice Cream","2012-05-08 00:00:00"
NV,"Las Vegas",Southeast,"6635 Las Vegas Blvd. South","Tommy Bahama Restaurant | Bar | Store - Las Vegas","2012-05-08 00:00:00"
NV,"Las Vegas","The Strip","3570 Las Vegas Blvd S","Elton John - The Million Dollar Piano","2012-05-08 00:00:00"
NV,"Las Vegas","The Strip","3500 South Las Vegas Blvd.","The Cheesecake Factory","2012-05-08 00:00:00"
NV,"Las Vegas",Chinatown,"3466 S Decatur Blvd, Ste E","Booming Pot Noodles","2012-05-08 00:00:00"
NV,"Las Vegas",Downtown,"523 Fremont St","Le Thai","2012-05-04 00:00:00"
NV,"Las Vegas",Downtown,"450 Fremont St, Ste 250","Drink & Drag Lounge","2012-05-03 00:00:00"
NV,"Las Vegas",Westside,"The Venetian, 3355 Las Vegas Blvd S",Phantom,"2012-05-02 00:00:00"
NV,"Las Vegas","The Strip","3355 Las Vegas Blvd S","Public House","2012-05-02 00:00:00"
NV,"Las Vegas",Chinatown,"3775 Spring Mountain Rd, Ste 306","Pho Little Saigon","2012-05-02 00:00:00"
NV,Henderson,Anthem,"11261 S Eastern Ave, Ste 200","Firefly Tapas Kitchen and Bar","2012-04-29 00:00:00"
NV,"Las Vegas",Southwest,"3333 Blue Diamond Rd","Mermaid Restaurant & Lounge","2012-04-29 00:00:00"
NV,"Las Vegas","Spring Valley","4960 S Fort Apache Rd","Tokyo Discount No 2","2012-04-26 00:00:00"
NV,"Las Vegas","Spring Valley","4950 S Fort Apache Rd","Pier 1 Imports #1386","2012-04-26 00:00:00"
NV,Henderson,,"100 S Green Valley Pkwy","Whole Foods Market","2012-04-25 00:00:00"
NV,Henderson,,"140 Green Valley Pkwy","Settebello Pizzeria Napoletana","2012-04-25 00:00:00"
NV,"Las Vegas",Summerlin,"9100 Hillpointe Rd","The Hills Park","2012-04-23 00:00:00"
NV,"Las Vegas",Southeast,"5566 Boulder Hwy","Sushi Twister","2012-04-19 00:00:00"
NV,"Las Vegas","Spring Valley","3700 S Hualapai Way, Ste 203-204","Bikram Yoga Westside","2012-04-18 00:00:00"
NV,"Las Vegas","Spring Valley","4135 S Buffalo Dr, Ste 101","BabyStacks Cafe","2012-04-18 00:00:00"
NV,"Las Vegas",Southeast,"6605 Las Vegas Blvd","Eyebrows R Us","2012-04-17 00:00:00"
NV,Henderson,,"12300 Las Vegas Blvd S","Baby Cakes","2012-04-15 00:00:00"
NV,"Las Vegas",University,"4680 S Maryland Pkwy","Cafe Rio","2012-04-14 00:00:00"
NV,"Las Vegas",Southeast,"9890 S Maryland Pkwy","House of J Cafe","2012-04-13 00:00:00"
NV,Henderson,Anthem,"10345 S Eastern Ave, Ste 110","Pizza Fusion","2012-04-12 00:00:00"
NV,"Las Vegas","Spring Valley","8250 W Flamingo Rd","Department of Motor Vehicles","2012-04-11 00:00:00"
NV,"Las Vegas",Southwest,"8544 Blue Diamond Rd","Special Nails","2012-04-11 00:00:00"
NV,"Las Vegas",Southeast,"8164 South Las Vegas Blvd",Subway,"2012-04-11 00:00:00"
NV,"Las Vegas",Westside,"1250 S Buffalo Dr, Ste 150","Social Security Administration","2012-04-11 00:00:00"
NV,"Las Vegas",Eastside,"953 E Sahara Ave","Namaste Indian Cuisine","2012-04-10 00:00:00"
NV,Henderson,,"The District at Green Valley Ranch, 160 S Green Valley Pky","The Cheesecake Factory","2012-04-09 00:00:00"
NV,"Las Vegas",Eastside,"4640 Paradise Rd, Ste 11","The Buffalo","2012-04-09 00:00:00"
NV,"Las Vegas","Spring Valley","6200 S Rainbow Blvd","Scooter's Pub","2012-04-07 00:00:00"
NV,"Las Vegas","The Strip","Riviera Hotel, 2901 Las Vegas Blvd S","Queen Victoria Pub","2012-04-02 00:00:00"
NV,Henderson,,"525 N Stephanie St","Old Navy","2012-04-01 00:00:00"
NV,Henderson,Southeast,"9470 S Eastern Ave","Republic Kitchen & Bar","2012-04-01 00:00:00"
NV,Henderson,,"501 N Stephanie St","Total Wine & More","2012-04-01 00:00:00"
NV,"Las Vegas",Westside,"400 S Rampart","Tivoli Village","2012-03-30 00:00:00"
NV,"Las Vegas",Southeast,"9595 S Eastern Ave, Ste 100","Grimaldi's Pizzeria","2012-03-28 00:00:00"
NV,"Las Vegas","The Strip","3200 Las Vegas Blvd S","Hot Topic","2012-03-28 00:00:00"
NV,"Las Vegas",Southeast,"475 E Windmill Ln",Starbucks,"2012-03-28 00:00:00"
NV,"Las Vegas",Westside,"3641 W Sahara Ave","Mount Everest India's Cuisine","2012-03-28 00:00:00"
NV,"Las Vegas",Southeast,"6587 Las Vegas Blvd S","Old Navy","2012-03-27 00:00:00"
NV,Henderson,Anthem,"2779 Sunridge Heights, Ste 100","Circuit Spa","2012-03-27 00:00:00"
NV,"Las Vegas","The Strip","3400 Las Vegas Blvd S",Starbucks,"2012-03-27 00:00:00"
NV,"Las Vegas",Southwest,"4250 Blue Diamond Rd",Kohl's,"2012-03-27 00:00:00"
NV,"Las Vegas",Southeast,"467 E Silverado Ranch Blvd","Patel's Threading and Henna Art","2012-03-27 00:00:00"
NV,"Las Vegas","The Strip","3645 Las Vegas Blvd S","UNLVino Wine and Spirits Tasting","2012-03-26 00:00:00"
NV,"Las Vegas",Downtown,"32 Fremont St","Mermaid's Casino","2012-03-24 00:00:00"
NV,"Las Vegas",Southeast,"9065 S Eastern Ave","Las Vegas Athletic Club","2012-03-24 00:00:00"
NV,"Las Vegas",Southeast,"6599 Las Vegas Blvd S, Ste 150b","Double Helix Wine & Whiskey Lounge","2012-03-23 00:00:00"
NV,"Las Vegas","South Summerlin","11011 West Charleston Blvd","Regal Cinemas Red Rock 16 & IMAX","2012-03-20 00:00:00"
NV,"Las Vegas","Spring Valley","8665 W Flamingo Rd, Ste 106","Sushi Koma","2012-03-20 00:00:00"
NV,"Las Vegas",Downtown,"611 Fremont St",Mamita's,"2012-03-19 00:00:00"
NV,"Las Vegas",Downtown,"517 Fremont St, Ste A","Don't Tell Mama","2012-03-19 00:00:00"
NV,Henderson,Anthem,"790 Coronado Center Dr, Ste 130","Shakespeare's Grille & Pub","2012-03-17 00:00:00"
NV,Henderson,,"80 N Stephanie St","WinCo Foods","2012-03-17 00:00:00"
NV,"Las Vegas",Southeast,"9480 S Eastern Ave, Ste 100","Red Mango","2012-03-12 00:00:00"
NV,"Las Vegas","The Strip","3200 Las Vegas Blvd S",Topshop,"2012-03-12 00:00:00"
NV,"Las Vegas",Westside,"750 S Rampart Blvd, Ste 9","Sambalatte Torrefazione","2012-03-12 00:00:00"
NV,"Las Vegas",Westside,"750 S Rampart Blvd","Boca Park Fashion Village","2012-03-12 00:00:00"
NV,"Las Vegas","The Strip","3200 Las Vegas Blvd, Space 1340","Jamba Juice","2012-03-12 00:00:00"
NV,"Las Vegas",Southeast,"8520 S Maryland Pkwy, Ste 100","Grouchy John's Coffee","2012-03-12 00:00:00"
NV,"Las Vegas",Westside,"8855 W Charleston Blvd","Whole Foods Market","2012-03-12 00:00:00"
NV,"Las Vegas",Westside,"8915 W Charleston Blvd","Barnes & Noble","2012-03-12 00:00:00"
NV,"Las Vegas",Westside,"740 S Rampart Blvd, Ste 11","R+D Hipster Emporium","2012-03-12 00:00:00"
NV,Henderson,Anthem,"2540 Anthem Village Dr, Ste 100","Giada's Italian Cucina","2012-03-11 00:00:00"
NV,"Las Vegas",Southeast,"9255 S Eastern Ave","Sin City Sushi","2012-03-08 00:00:00"
NV,"Las Vegas","Spring Valley","6115 S Fort Apache Rd, Ste A100","Khoury's Mediterranean Restaurant","2012-03-07 00:00:00"
NV,"Las Vegas",Anthem,"9985 S Eastern Ave, Ste 100","Spicy Pickle","2012-03-06 00:00:00"
NV,"Las Vegas",Southeast,"9480 S Eastern Ave, Ste 100","Red Mango","2012-03-05 00:00:00"
NV,"Las Vegas","The Strip","3325 Las Vegas Blvd S","Morels French Steakhouse & Bistro","2012-03-05 00:00:00"
NV,Henderson,,"4350 E Sunset Rd","Todd's Unique Dining","2012-03-03 00:00:00"
NV,"Las Vegas",,"4321 W Flamingo Rd","The Coffee Bean & Tea Leaf","2012-02-29 00:00:00"
NV,"Las Vegas","The Strip","3535 S Las Vegas Blvd","O'Sheas Casino","2012-02-27 00:00:00"
NV,"Las Vegas",Eastside,"360 E Flamingo Rd","Fogo de Chão Brazilian Steakhouse","2012-02-27 00:00:00"
NV,"Las Vegas",,"7591 W Washington Ave, Ste 110","Parma By Chef Marc","2012-02-27 00:00:00"
NV,"Las Vegas","The Strip","3667 Las Vegas Blvd S","Planet Hollywood Las Vegas Resort & Casino","2012-02-27 00:00:00"
NV,"Las Vegas",Eastside,"855 E Twain Ave, Ste 120","Harrie's Bagelmania","2012-02-24 00:00:00"
NV,"Las Vegas",Southwest,"7405 S Durango Dr",Vons,"2012-02-24 00:00:00"
NV,"Las Vegas",University,"4550 S Maryland Pkwy","Cugino's Italian Deli & Pizza","2012-02-23 00:00:00"
NV,"Las Vegas",,"4888 Dean Martin Dr","In-N-Out Burger","2012-02-20 00:00:00"
NV,"Las Vegas","Spring Valley","6115 S Rainbow Blvd, Ste 101","The Coffee Bean & Tea Leaf","2012-02-20 00:00:00"
NV,"Las Vegas","The Strip","3790 Las Vegas Blvd S","Nine Fine Irishmen","2012-02-20 00:00:00"
NV,"Las Vegas","The Strip","Monte Carlo Hotel And Casino, 3770 Las Vegas Blvd S","Big Chill","2012-02-20 00:00:00"
NV,"Las Vegas",Southeast,"1801 E Tropicana Ave","Min Sok Chon","2012-02-18 00:00:00"
NV,"Las Vegas",Southeast,"9869 S Eastern Ave",PetSmart,"2012-02-18 00:00:00"
NV,"Las Vegas",Westside,"2605 S Decatur Blvd, Ste 103","Mary's Hash House","2012-02-18 00:00:00"
NV,Henderson,Anthem,"2255 Village Walk Dr",Williams-Sonoma,"2012-02-15 00:00:00"
NV,"Las Vegas",Southeast,"9711 S Eastern Ave, Ste H-12","No. 1 Boba Tea","2012-02-15 00:00:00"
NV,"Las Vegas",Southwest,"9265 S Cimarron Rd, Ste 115","Holley's Cuppa","2012-02-14 00:00:00"
NV,Henderson,,"2667 E. Windmill Pkwy","Jamba Juice","2012-02-14 00:00:00"
NV,"Las Vegas",,"4001 S Decatur Blvd, Ste 21","Queen Of Sheba","2012-02-14 00:00:00"
NV,"Las Vegas",,"4001 S Decatur","Food 4 Less","2012-02-14 00:00:00"
NV,"Las Vegas",Southeast,"2381 E Windmill Ln, Ste 3",Gnc,"2012-02-14 00:00:00"
NV,"Las Vegas",,"4507 W Flamingo Rd",Starbucks,"2012-02-13 00:00:00"
NV,"Las Vegas",Southeast,"9770 S Maryland Pkwy","Yanni's Gyros","2012-02-11 00:00:00"
NV,"Las Vegas",Southwest,"3882 Blue Diamond Rd","In-N-Out Burger","2012-02-11 00:00:00"
NV,Henderson,,"1316 W Sunset Rd",Kohl's,"2012-02-11 00:00:00"
NV,"Las Vegas","The Strip","3663 S. Las Vegas Blvd, Ste 454","Recycled Percussion","2012-02-11 00:00:00"
NV,Henderson,,"1300 W Sunset Rd, Ste 2423","Auntie Anne's","2012-02-08 00:00:00"
NV,Henderson,,"1304 Sunset Rd",Macy's,"2012-02-08 00:00:00"
NV,Henderson,,"1300 W Sunset Rd, Ste 2423","Auntie Anne's","2012-02-07 00:00:00"
NV,"Las Vegas",Southeast,"470 E Windmill Ln, Ste 115",Subway,"2012-02-07 00:00:00"
NV,"Las Vegas","Spring Valley","7100 W Arroyo Crossing Pkwy","Sam's Club","2012-02-07 00:00:00"
NV,"Las Vegas",Eastside,"160 E Flamingo Rd",Starbucks,"2012-02-07 00:00:00"
NV,"Las Vegas",,"4500 W Tropicana Ave","Las Vegas Wranglers","2012-02-06 00:00:00"
NV,"Las Vegas",,"4500 W Tropicana Ave","Orleans Arena","2012-02-06 00:00:00"
NV,"Las Vegas",Southeast,"Town Square, 6599 Las Vegas Blvd, Ste 210","English's Quintessentially British","2012-02-06 00:00:00"
NV,"Las Vegas",Southwest,"7835 S Rainbow Blvd, Ste 27","Vegas Express Sushi","2012-02-05 00:00:00"
NV,"Las Vegas",Southeast,"9777 S Las Vegas Blvd","South Point Gourmet Food Truck Festival","2012-02-03 00:00:00"
NV,"Las Vegas","The Strip",,"Ichi Màs Truck","2012-02-03 00:00:00"
NV,"Las Vegas",Southwest,"8530 W Warm Springs","Bollywood Salon","2012-01-31 00:00:00"
NV,"Las Vegas","Spring Valley","4570 S Hualapai Way","Lahaina Grill","2012-01-31 00:00:00"
NV,"Las Vegas",Southeast,"8975 S Eastern Ave","Greens and Proteins","2012-01-31 00:00:00"
NV,"Las Vegas","The Strip","Flamingo Rd",Absinthe,"2012-01-28 00:00:00"
NV,"Las Vegas",,"4561 W Flamingo Rd","Marbella Tapas","2012-01-27 00:00:00"
NV,"Las Vegas",Chinatown,"3934 Schiff Dr","Yunnan Garden","2012-01-26 00:00:00"
NV,"Las Vegas",Chinatown,"5115 Spring Mountain Rd","SF Supermarket","2012-01-26 00:00:00"
NV,"Las Vegas",Chinatown,"5115 Spring Mountain Rd, Ste 223","Hue Thai","2012-01-26 00:00:00"
NV,"Las Vegas",Westside,"3131 S Jones Blvd","Celebrations Bridal & Fashion","2012-01-26 00:00:00"
NV,Henderson,Anthem,"2779 Sunridge Heights, Ste 100","Circuit Spa","2012-01-24 00:00:00"
NV,"Las Vegas",University,"4505 S Maryland Pkwy","Lied Library UNLV","2012-01-23 00:00:00"
NV,"Las Vegas",Southeast,"1001 E Sunset Rd, Unit 1001","US Post Office","2012-01-23 00:00:00"
NV,Henderson,Anthem,"10940 S Eastern Ave, Ste 107","Bread and Butter","2012-01-23 00:00:00"
NV,"Las Vegas","The Strip","2901 S Las Vegas Blvd","Sin City Rollergirls","2012-01-23 00:00:00"
NV,"Las Vegas",Chinatown,"4355 Spring Mountain Rd, Ste 101","Anime Ramen & Teriyaki","2012-01-22 00:00:00"
NV,Henderson,,"2920 N Green Valley Pkwy, Ste 6","Daddy Macs","2012-01-20 00:00:00"
NV,"Las Vegas",Chinatown,"6000 Spring Mountain Rd","The Maple Tree","2012-01-20 00:00:00"
NV,"Las Vegas",University,"1131 E Tropicana Ave, Ste A","Trend Traders","2012-01-19 00:00:00"
NV,"Las Vegas",Southeast,"1801 E Tropicana Ave","Triple 7 Thrift Shop","2012-01-19 00:00:00"
NV,"Las Vegas",Southeast,"3345 E Tropicana Ave",Goodwill,"2012-01-19 00:00:00"
NV,"Las Vegas",Southeast,"3145 E Tropicana Ave",Savers,"2012-01-19 00:00:00"
NV,Henderson,,"605 Mall Ring Cir, Ste 170","Alfred Angelo Bridal","2012-01-18 00:00:00"
NV,"Las Vegas","Spring Valley","4175 S Grand Canyon Dr","Frank & Fina's Cocina","2012-01-18 00:00:00"
NV,Henderson,,"537 N Stephanie St",Michaels,"2012-01-18 00:00:00"
NV,Henderson,,"579 N Stephanie St","Nordstrom Rack","2012-01-18 00:00:00"
NV,Henderson,,"2350 Corporate Cir","Opus Too","2012-01-18 00:00:00"
NV,Henderson,,"535 N Stephanie St","Pier 1 Imports","2012-01-18 00:00:00"
NV,Henderson,,"Galleria At Sunset, 1300 W Sunset Rd",Gap,"2012-01-18 00:00:00"
NV,Henderson,,"567 N Stephanie St","Barnes & Noble","2012-01-18 00:00:00"
NV,"Las Vegas","The Strip","3785 Las Vegas Blvd S","Everything Coca-Cola","2012-01-17 00:00:00"
NV,"Las Vegas","The Strip","3785 Las Vegas Blvd S, Ste 10",Gameworks,"2012-01-17 00:00:00"
NV,"Las Vegas",Westside,"MGM Grand, 3799 Las Vegas Blvd S","The Lion Habitat","2012-01-17 00:00:00"
NV,Henderson,,"1275 W Warm Springs Rd, Ste 160","The Great Greek","2012-01-14 00:00:00"
NV,"Las Vegas",Eastside,"3890 S Maryland Pkwy","Valerio's Tropical Bake Shop","2012-01-11 00:00:00"
NV,"Las Vegas",Southeast,"6478 Windy Rd","Slidin Thru","2012-01-11 00:00:00"
NV,"Las Vegas","The Strip","3663 S Las Vegas Blvd, Ste 610","Pampas Churrascaria Brazilian Grille","2012-01-11 00:00:00"
NV,"Las Vegas","Spring Valley","7295 Arroyo Crossing Pkwy","Men's Wearhouse","2012-01-11 00:00:00"
NV,"Las Vegas",Chinatown,"3431 S Jones Blvd","L'elysée Bakery","2012-01-10 00:00:00"
NV,"Las Vegas",Chinatown,"3429 S Jones Blvd","E-Jo Korean Restaurant","2012-01-10 00:00:00"
NV,"Las Vegas",Westside,"2291 S Fort Apache Rd, Ste 102","Buldogis Gourmet Hot Dogs","2012-01-08 00:00:00"
NV,"Las Vegas",Southeast,"7400 Las Vegas Blvd S","Banana Republic","2012-01-08 00:00:00"
NV,"Las Vegas",Westside,"9400 W Sahara Ave","Regal Cinemas Village Square 18","2012-01-08 00:00:00"
NV,"Las Vegas","South Summerlin","3555 S Town Center Dr, Ste 105","Due Forni","2012-01-07 00:00:00"
NV,"Las Vegas",Chinatown,"4300 Spring Mountain Rd, Ste 116","Yi Mei Champion Taiwan Deli","2012-01-05 00:00:00"
NV,"Las Vegas",Southeast,"7580 Las Vegas Blvd S, Ste 115","The UPS Store","2012-01-05 00:00:00"
NV,"Las Vegas",Downtown,"1724 E Charleston Blvd","TACOS EL GORDO","2012-01-04 00:00:00"
NV,"Las Vegas",Westside,"2101 S Decatur Blvd","Trader Joe's","2012-01-04 00:00:00"
NV,"Las Vegas","The Strip","3663 Las Vegas Blvd S","Urban Outfitters","2012-01-04 00:00:00"
NV,"Las Vegas",Southeast,"2310 E Serene Ave",Walmart,"2012-01-04 00:00:00"
NV,"Las Vegas",,"5012 Arville St, Ste 4","Charlie's Las Vegas","2012-01-03 00:00:00"
NV,"Las Vegas","The Strip","3600 S Las Vegas Blvd","Fountains of Bellagio","2012-01-03 00:00:00"
NV,"Las Vegas","The Strip","3600 S Las Vegas Blvd","Conservatory & Botanical Garden","2012-01-03 00:00:00"
NV,"Las Vegas",Downtown,"1 Fremont St",Du-Par's,"2012-01-03 00:00:00"
NV,Henderson,Southeast,"9570 S Eastern Ave","East Ocean Dim Sum & Seafood Restaurant","2012-01-03 00:00:00"
NV,"Las Vegas",Downtown,"511 Fremont St","The Griffin","2012-01-03 00:00:00"
NV,"Las Vegas",Westside,"2101 S Decatur Blvd, Ste 10","Amena Bakery & Deli","2012-01-03 00:00:00"
NV,"Las Vegas",Downtown,"1070 E Sahara Ave","Imperial Health Spa","2012-01-02 00:00:00"
NV,"Las Vegas",Eastside,"4760 S Eastern Ave","Las Pupusas","2011-12-30 00:00:00"
NV,"Las Vegas",Southeast,"9480 S Eastern Ave, Ste 100","Red Mango","2011-12-29 00:00:00"
NV,"Las Vegas","Spring Valley","4195 South Grand Canyon Dr, Ste 101",Fuddruckers,"2011-12-27 00:00:00"
NV,"Las Vegas",Southeast,"6653 Las Vegas Blvd","Brio Tuscan Grille","2011-12-27 00:00:00"
NV,"Las Vegas","Spring Valley","5165 S Fort Apache Rd, Ste 160","WaffleS Cafe","2011-12-26 00:00:00"
NV,"Las Vegas","The Strip","3667 Las Vegas Blvd S","Spice Market Buffet","2011-12-23 00:00:00"
NV,Henderson,,"10 Via Brianza","Xing Asian Bistro","2011-12-22 00:00:00"
NV,"Las Vegas",Southeast,"9845 S Maryland Pkwy, Ste A","Mama Depalma's Pizza & Bistro","2011-12-20 00:00:00"
NV,"Las Vegas",Southeast,"6883 S Eastern Ave","Peppers Mexican Grill","2011-12-19 00:00:00"
NV,"Las Vegas",Southeast,"6883 S Eastern Ave, Bldg 13, Ste 100","Heidi's Brooklyn Deli","2011-12-19 00:00:00"
NV,"Las Vegas",Southeast,"2345 E Sunset Rd","Techna Glass","2011-12-18 00:00:00"
NV,"Las Vegas",Eastside,"3900 Paradise Rd, Ste N","Satay Thai Bistro & Bar","2011-12-16 00:00:00"
NV,"Las Vegas",Southwest,"7775 S Rainbow Blvd, Ste 105","Soyo Korean Barstaurant","2011-12-14 00:00:00"
NV,"Las Vegas","Spring Valley","6870 S Rainbow Blvd, Ste 116","Drago Sisters Bakery","2011-12-14 00:00:00"
NV,"Las Vegas",Westside,"3909 W Sahara Ave, Ste 1","Island Style","2011-12-13 00:00:00"
NV,Henderson,Southeast,"835 Seven Hills Dr, Ste 190","Saxby's Coffee","2011-12-13 00:00:00"
NV,"Las Vegas",Chinatown,"3550 S Rainbow Blvd",Target,"2011-12-13 00:00:00"
NV,Henderson,Southeast,"835 Seven Hills Dr","Angelina's Pizzeria","2011-12-13 00:00:00"
NV,"Las Vegas","Spring Valley","5625 S Rainbow Blvd, Ste D","Mixers Ice Cream & Coffee","2011-12-12 00:00:00"
NV,"Las Vegas",Westside,"9560 W Sahara Ave",Firefly,"2011-12-09 00:00:00"
NV,"Las Vegas",,"4561 W Flamingo Rd","Marbella Tapas","2011-12-08 00:00:00"
NV,"Las Vegas",Chinatown,"3400 S Jones Blvd, Ste 20","Icy Juicy","2011-12-07 00:00:00"
NV,"Las Vegas",Westside,"2960 S Durango Dr, Ste 112","Fabulous Eyebrow Threading","2011-12-07 00:00:00"
NV,"Las Vegas",Westside,"2980 S Durango Dr, Ste 101","Pan Asian","2011-12-07 00:00:00"
NV,"Las Vegas",Westside,"8751 W Charleston Blvd, Ste 110","Patisserie Manon","2011-12-07 00:00:00"
NV,Henderson,Anthem,"790 Coronado Center Dr, Ste 125","Sushi Wa","2011-12-05 00:00:00"
NV,"Las Vegas",Downtown,"1145 Las Vegas Blvd S","Rincon Criollo","2011-12-03 00:00:00"
NV,"Las Vegas",Downtown,"1025 1st St","First Friday","2011-12-03 00:00:00"
NV,"Las Vegas","Spring Valley","7225 Arroyo Crossing Pkwy, Arroyo Market Square-Two Phases","Ross Dress for Less","2011-11-30 00:00:00"
NV,"Las Vegas","Spring Valley","9460 W Flamingo Rd, Ste 100","Sweet Tomatoes","2011-11-30 00:00:00"
NV,"Las Vegas","Spring Valley","4155 S Grand Canyon Dr",Target,"2011-11-30 00:00:00"
NV,"Las Vegas",Southwest,"3333 Blue Diamond Rd","Seasons Buffet","2011-11-30 00:00:00"
NV,"Las Vegas","Spring Valley","7175 Arroyo Crossing Pkwy","Bed Bath & Beyond","2011-11-30 00:00:00"
NV,"Las Vegas","Spring Valley","7200 Arroyo Crossing Pkwy",Walmart,"2011-11-30 00:00:00"
NV,"Las Vegas",Southeast,"1801 E Tropicana Ave, Ste 8","Badger Cafe","2011-11-28 00:00:00"
NV,"Las Vegas",,"4260 W Flamingo Rd","Sonic Drive-In","2011-11-28 00:00:00"
NV,"Las Vegas",University,"4505 S Maryland Pkwy","Hazel M Wilson Dining Commons","2011-11-24 00:00:00"
NV,"Las Vegas",University,"4550 S Maryland Pkwy, Ste 119","Jamba Juice","2011-11-24 00:00:00"
NV,"Las Vegas",Southeast,"6845 S Las Vegas Blvd",Fry's,"2011-11-24 00:00:00"
NV,"Las Vegas",Southeast,"8560 Las Vegas Blvd S","Geebee's Bar & Grill","2011-11-24 00:00:00"
NV,"Las Vegas","The Strip","3500 Las Vegas Blvd S",Express,"2011-11-23 00:00:00"
NV,"Las Vegas","The Strip","3570 Las Vegas Blvd S","Qua Baths & Spa","2011-11-23 00:00:00"
NV,"Las Vegas",Eastside,"3820 S Maryland Pkwy","Best Buy","2011-11-23 00:00:00"
NV,"Las Vegas",Chinatown,"4215 Spring Mountain Rd, Ste B205","Spicy City","2011-11-23 00:00:00"
NV,"Las Vegas",,,"Great Bao","2011-11-22 00:00:00"
NV,"Las Vegas",Southeast,"South Point Hotel Casino, 9777 S Las Vegas Blvd","Don Vito's Italian","2011-11-21 00:00:00"
NV,Henderson,Anthem,"10935 S Eastern Ave","Lee's Discount Liquor","2011-11-21 00:00:00"
NV,"Las Vegas",,"4985 W Tropicana Ave, Ste 103","Yo Fresh Yogurt Cafe","2011-11-21 00:00:00"
NV,"Las Vegas",Chinatown,"5030 Spring Mountain Rd, Ste 2",Raku,"2011-11-20 00:00:00"
NV,"Las Vegas",Chinatown,"5040 W Spring Mountain Rd, Ste 5","Trattoria Nakamura-Ya","2011-11-18 00:00:00"
NV,Henderson,Anthem,"695 S Green Valley Pkwy",Target,"2011-11-13 00:00:00"
NV,"Las Vegas",Southeast,"9890 S Maryland Pkwy",Cicis,"2011-11-13 00:00:00"
NV,"Las Vegas","The Strip","3790 Las Vegas Blvd S","Coney Island Emporium","2011-11-11 00:00:00"
NV,"Las Vegas",Chinatown,"3943 Spring Mountain Rd","Dae Jang Keum Korean BBQ & Tofu Restaurant","2011-11-11 00:00:00"
NV,"Las Vegas",University,"1487 E Flamingo Rd, Ste C","The Garage","2011-11-11 00:00:00"
NV,"Las Vegas","The Strip","3200 Las Vegas Blvd S","The Body Shop","2011-11-09 00:00:00"
NV,"Las Vegas",Southeast,"9711 S Eastern Ave","Yummy Grill & Sushi","2011-11-09 00:00:00"
NV,"Las Vegas",Southwest,"4800 Blue Diamond Rd",Albertsons,"2011-11-09 00:00:00"
NV,"Las Vegas",Southeast,"6599 Las Vegas Blvd S, Ste 8149","The Coffee Bean & Tea Leaf","2011-11-09 00:00:00"
NV,"Las Vegas","The Strip","3785 S Las Vegas Blvd","M&M's World","2011-11-09 00:00:00"
NV,"Las Vegas",Southeast,"8975 S Eastern Ave, Ste 3-B","Sweet Ruby Jane Confections","2011-11-07 00:00:00"
NV,"Las Vegas","The Strip","3663 Las Vegas Boulevard S","The Body Shop","2011-11-05 00:00:00"
NV,"Las Vegas",Chinatown,"5040 Spring Mountain Rd","Big Wong Restaurant","2011-11-04 00:00:00"
NV,"Las Vegas",Southeast,"9480 S Eastern Ave, Ste 100","Red Mango","2011-11-04 00:00:00"
NV,"Las Vegas",Southeast,"445 E Windmill Ln, Ste 2D","Wells Fargo Bank","2011-10-31 00:00:00"
NV,Henderson,Anthem,"10895 S Eastern Ave, Ste 140","Pho MaiLan","2011-10-28 00:00:00"
NV,"Boulder City",,"Hwy 93","Hoover Dam","2011-10-28 00:00:00"
NV,Henderson,,"1500 N Green Valley Pkwy, Ste 240","Jamba Juice","2011-10-28 00:00:00"
NV,Henderson,,"30 Strada Di Villaggio","The Village Lake Las Vegas","2011-10-28 00:00:00"
NV,"Las Vegas",Westside,"3713 W Sahara Ave","Herbs & Rye","2011-10-27 00:00:00"
NV,"Las Vegas",Southeast,"South Point Hotel & Casino, 9777 S Las Vegas Blvd","Primarily Prime Rib Restaurant","2011-10-27 00:00:00"
NV,"Las Vegas",Southeast,"9460 S Eastern Ave, Ste 100","Laziza Hookah Lounge & Restaurant","2011-10-25 00:00:00"
NV,Henderson,Anthem,"10271 S. Eastern Avenue, Suite 121","Buffalo Wild Wings","2011-10-24 00:00:00"
NV,"Las Vegas",,"6230 S Decatur Blvd, Ste 101",HalloweenMart,"2011-10-23 00:00:00"
NV,"Las Vegas",Southeast,"9725 S Eastern Ave",Target,"2011-10-23 00:00:00"
NV,Henderson,,"4401 E Sunset Rd",Steelz,"2011-10-23 00:00:00"
NV,"Las Vegas","The Strip","3475 Las Vegas Blvd S, Fl 2","Ice Pan","2011-10-23 00:00:00"
NV,"Las Vegas","The Strip","3500 Las Vegas Blvd S",Trevi,"2011-10-20 00:00:00"
NV,Henderson,,,"Las Vegas Coffee & Roasting","2011-10-16 00:00:00"
NV,"Las Vegas",Southeast,"9550 S Eastern Ave, Ste 180","Elixir Organic Cafe & Lounge","2011-10-16 00:00:00"
NV,"Las Vegas",Downtown,"855 S Grand Central Pkwy",Starbucks,"2011-10-14 00:00:00"
NV,"Las Vegas","The Strip","3200 S Las Vegas Blvd S","Forever 21","2011-10-14 00:00:00"
NV,"Las Vegas",,"5780 W Flamingo Rd","Nora's Italian Cuisine","2011-10-14 00:00:00"
NV,"Las Vegas",Downtown,"795 S Grand Central Pkwy","Gap Outlet","2011-10-14 00:00:00"
NV,"Las Vegas",Chinatown,"4300 Spring Mountain Rd, Ste 101","Kinh Do","2011-10-14 00:00:00"
NV,"Las Vegas",Downtown,"875 Grand Central Pkwy",Sasapops,"2011-10-14 00:00:00"
NV,"Las Vegas",,"3980 E Sunset Rd, Ste 102","Blue Fin Sushi & Roll","2011-10-13 00:00:00"
NV,"Las Vegas",University,"4632 S Maryland Pkwy, Ste 12","28GO The Restaurant","2011-10-11 00:00:00"
NV,"Las Vegas",Southeast,"9770 S Maryland Pkwy, Ste 3","Sushi Mon","2011-10-07 00:00:00"
NV,"Las Vegas",Downtown,"1070 E Sahara Ave","Imperial Health Spa","2011-10-07 00:00:00"
NV,Henderson,Anthem,"2265 Village Walk Dr","Balboa Pizza Company","2011-10-06 00:00:00"
NV,Henderson,,"360 N Stephanie St","The Salvation Army","2011-10-05 00:00:00"
NV,"Las Vegas",Eastside,"620 E Flamingo Rd","Roy's Restaurant","2011-10-05 00:00:00"
NV,"Las Vegas",University,"4800 S Maryland Pkwy, Ste J","Mustang Xchange","2011-10-05 00:00:00"
NV,Henderson,,"1231 W Warm Springs Rd, Bldg F",Savers,"2011-10-05 00:00:00"
NV,Henderson,,"1390 American Pacific Dr","Goodwill Retail Store and Donation Center","2011-10-05 00:00:00"
NV,"Las Vegas",University,"1505 E Flamingo Rd","Blueberry Hill Family Restaurant","2011-10-04 00:00:00"
NV,"Las Vegas",Eastside,"4640 Paradise Rd","Double Down Saloon","2011-10-04 00:00:00"
NV,"Las Vegas",Eastside,"4510 Paradise Rd","Hofbräuhaus Las Vegas","2011-10-04 00:00:00"
NV,"Las Vegas",Eastside,"610 E Naples Dr","Free Zone","2011-10-04 00:00:00"
NV,"Las Vegas",Chinatown,"3755 Spring Mountain Rd",Starbucks,"2011-10-01 00:00:00"
NV,"Las Vegas",Chinatown,"6850 W Spring Mountain Rd, Ste 12","Tiffany Coffee","2011-10-01 00:00:00"
NV,"Las Vegas",,"9310 S Eastern Ave, Ste 120","Canyon Falls Spa & Salon","2011-09-29 00:00:00"
NV,"Las Vegas",Southeast,"6689 Las Vegas Blvd","Whole Foods Market","2011-09-28 00:00:00"
NV,"Las Vegas","The Strip","The Cosmopolitan Of Las Vegas, 3708 Las Vegas Blvd S","Secret Pizza","2011-09-24 00:00:00"
NV,"Las Vegas",Chinatown,"4480 W Spring Mountain Rd","Sura BBQ Buffet","2011-09-23 00:00:00"
NV,"Las Vegas",Chinatown,"5300 Spring Mountain Rd, Ste 101","Cafe de Japon","2011-09-20 00:00:00"
NV,"Las Vegas",Southwest,"4830 Blue Diamond Rd","Sonoma Coffee Cafe","2011-09-18 00:00:00"
NV,"Las Vegas",Downtown,"202 Fremont St","Chicago Brewing","2011-09-18 00:00:00"
NV,"Las Vegas",,"4012 S Rainbow Blvd, Ste J","Bonjour Euro Bakery","2011-09-16 00:00:00"
NV,"Las Vegas",Southeast,"9815 S Eastern Ave","Freed's Bakery","2011-09-16 00:00:00"
NV,"Las Vegas",Westside,"1029 S Rainbow Blvd","Jamms Restaurant","2011-09-15 00:00:00"
NV,"Las Vegas",Southeast,"7400 Las Vegas Blvd S","Gap Outlet","2011-09-15 00:00:00"
NV,"Las Vegas",University,"4700 S Maryland Pkwy","Freakin' Frog","2011-09-14 00:00:00"
NV,"Las Vegas",Southwest,"8525 W Warm Springs Rd","Glazier's Food Marketplace","2011-09-14 00:00:00"
NV,"Las Vegas",Southwest,"3890 Blue Diamond Rd, Suite C","World Market","2011-09-14 00:00:00"
NV,"Las Vegas","Spring Valley","5165 S Fort Apache Rd, Ste 160","WaffleS Cafe","2011-09-13 00:00:00"
NV,"Las Vegas",,"9550 S Eastern Ave, Ste 130","Psychic Eye Book Shops","2011-09-13 00:00:00"
NV,"Las Vegas",,"9480 S Eastern Ave",fresh52,"2011-09-11 00:00:00"
NV,"Las Vegas",Southeast,"5835 S Eastern Ave","Psychic Eye Book Shops","2011-09-11 00:00:00"
NV,"Las Vegas",,"9480 S Eastern Ave, Ste 110",Popped,"2011-09-11 00:00:00"
NV,"Las Vegas",Downtown,"1236 Western Ave","Pura Vida Bakery & Bystro","2011-09-11 00:00:00"
NV,"Las Vegas",Eastside,"4178 Koval Ln","Ellis Island Casino & Brewery","2011-09-10 00:00:00"
NV,Henderson,,"Green Valley Ranch Resort & Spa, 2305 Paseo Verde Dr",Quinn's,"2011-09-09 00:00:00"
NV,Henderson,,"Green Valley Ranch Resort & Spa, 2305 Paseo Verde Dr",Quinn's,"2011-09-08 00:00:00"
NV,"Las Vegas",Chinatown,"3505 S Valley View Blvd","Kung Fu Thai & Chinese Restaurant","2011-09-06 00:00:00"
NV,"Las Vegas","The Strip","The Forum Shops at Caesars, 3500 Las Vegas Blvd","Max Brenner","2011-09-05 00:00:00"
NV,"Las Vegas",Southeast,"9255 S Eastern Ave","Papa John's Pizza","2011-09-04 00:00:00"
NV,Henderson,Anthem,"10604 S Eastern Ave","Baskin Robbins","2011-09-04 00:00:00"
NV,"Las Vegas",Chinatown,"3863 Spring Mountain Rd","Hot N Juicy Crawfish","2011-09-02 00:00:00"
NV,"Las Vegas",University,"4110 S Maryland Pkwy, Ste 23","Bakery Magic","2011-09-02 00:00:00"
NV,"Las Vegas","The Strip","3500 Las Vegas Blvd S",H&M,"2011-09-01 00:00:00"
NV,"Las Vegas","The Strip","3900 Las Vegas Blvd S","Rice & Company","2011-08-31 00:00:00"
NV,"Blue Diamond",,"8000 Blue Diamond Rd","Spring Mountain Ranch State Park","2011-08-28 00:00:00"
NV,"Las Vegas",,"Spring Mountain Ranch State Park","Super Summer Theatre","2011-08-28 00:00:00"
NV,"Las Vegas",Southwest,"7315 W Warm Springs Rd","Volcano Grille","2011-08-24 00:00:00"
NV,Henderson,,"87 E Lake Mead Pkwy","Hot Dog Heaven","2011-08-23 00:00:00"
NV,"Las Vegas",Southeast,"6605 Las Vegas Blvd S","Tiki Ice","2011-08-22 00:00:00"
NV,"Las Vegas",Southeast,"6605 Las Vegas Blvd S, Ste 123","Bon Bread","2011-08-22 00:00:00"
NV,"Las Vegas",Southeast,"6677 Las Vegas Blvd S",Staples,"2011-08-22 00:00:00"
NV,"Las Vegas",Chinatown,"4215 W Spring Mountain Rd, Ste B-202","Capital Seafood Restaurant","2011-08-20 00:00:00"
NV,"Las Vegas",Southeast,"8180 S Las Vegas Blvd","Food-4 Less","2011-08-19 00:00:00"
NV,"Las Vegas",Chinatown,"4115 Spring Mountain Rd","T & T Ginseng","2011-08-19 00:00:00"
NV,"Las Vegas","The Strip","99 Convention Center Dr","Royal House","2011-08-19 00:00:00"
NV,"Las Vegas",Southeast,"8880 S Eastern Ave","Regal Cinemas Colonnade 14","2011-08-17 00:00:00"
NV,"Las Vegas",Southeast,"6587 Las Vegas Blvd S","AMC Town Square 18","2011-08-17 00:00:00"
NV,"Las Vegas",Southeast,"9110 Las Vegas Blvd S","Lee's Discount Liquor","2011-08-16 00:00:00"
NV,Henderson,,"601 N Green Valley Pkwy","Claim Jumper","2011-08-15 00:00:00"
NV,"Las Vegas",Chinatown,"5115 Spring Mountain Rd, Ste 217","Island Malaysian Cuisine","2011-08-15 00:00:00"
NV,"Las Vegas","The Strip","3799 Las Vegas Blvd S","The Grand Wok and Sushi Bar","2011-08-15 00:00:00"
NV,"Las Vegas",Southeast,"9777 Las Vegas Blvd S","Steak 'n Shake","2011-08-13 00:00:00"
NV,"Las Vegas",Westside,"2201 S Fort Apache Rd","Chicago Brewing Company","2011-08-11 00:00:00"
NV,"Las Vegas","Spring Valley","4235 S Fort Apache Rd, Ste 160","Biaggio's Pizzeria","2011-08-11 00:00:00"
NV,"Las Vegas",Southeast,"9480 S Eastern Ave, Ste 100","Red Mango","2011-08-10 00:00:00"
NV,"Las Vegas",Westside,"4300 Meadows Ln","Meadows Mall","2011-08-10 00:00:00"
NV,"Las Vegas","The Strip","Nordstrom, 3200 Las Vegas Blvd S",Ebar,"2011-08-10 00:00:00"
NV,Henderson,Anthem,"Green Valley Ranch Resort & Casino, 2300 Paseo Verde Pkwy","U Swirl","2011-08-10 00:00:00"
NV,Henderson,,"500 N Stephanie St","Stein Mart","2011-08-10 00:00:00"
NV,"Las Vegas",,"4650 W Tropicana Ave","McMullan's Irish Pub","2011-08-08 00:00:00"
NV,"Las Vegas",Downtown,"700 E Sahara Ave, Ste D","E-Jo Korean Restaurant","2011-08-06 00:00:00"
NV,"Las Vegas",,"200 N Main St","Triple 7 Restaurant & Microbrewery","2011-08-06 00:00:00"
NV,Henderson,Anthem,"10895 S Eastern Ave, Ste 130","Flame Kabob","2011-08-05 00:00:00"
NV,"Las Vegas","The Strip","3200 Las Vegas Blvd S",Stripburger,"2011-08-05 00:00:00"
NV,"Las Vegas","The Strip","3200 Las Vegas Blvd S, Ste 1794, Fashion Show Mall",Teavana,"2011-08-05 00:00:00"
NV,"Las Vegas",Southeast,"3331 E Tropicana Ave","Chapalas Mexican Restaurants","2011-08-05 00:00:00"
NV,"Las Vegas",Southeast,"1405 E Sunset Rd, Ste 130","Flame Kabob","2011-08-03 00:00:00"
NV,"Las Vegas",Summerlin,"801 S Pavilion Center Dr",Costco,"2011-08-03 00:00:00"
NV,"Las Vegas",Summerlin,"1451 Center Crossing Rd","Technique Restaurant","2011-08-03 00:00:00"
NV,"Las Vegas",Eastside,"4130 S Sandhill Rd","Filfila Mediterranean Cafe","2011-08-02 00:00:00"
NV,"Las Vegas",Southeast,"1910 E Serene Ave","Sam's Club","2011-08-01 00:00:00"
NV,Henderson,Anthem,"2520 W Horizon Ridge Pkwy, Ste 160","Great Harvest Bread","2011-08-01 00:00:00"
NV,Henderson,,"621 Marks St","Bed Bath & Beyond","2011-08-01 00:00:00"
NV,"Las Vegas",University,"1401 E Flamingo Rd","Las Vegas-Clark County Library System - Clark County Library","2011-08-01 00:00:00"
NV,Henderson,Anthem,"10612 S Eastern Ave","Tropical Smoothie Cafe","2011-08-01 00:00:00"
NV,Henderson,,"9530 S Eastern Ave, Ste 180","Taj Palace","2011-07-31 00:00:00"
NV,Henderson,,"2708 N Green Valley Pkwy","Dainty Cakes Bakery","2011-07-30 00:00:00"
NV,"Las Vegas",Southeast,"9881 S Eastern Ave",Michaels,"2011-07-30 00:00:00"
NV,Henderson,,"2716 N Green Valley Pkwy","Trader Joe's","2011-07-30 00:00:00"
NV,"Las Vegas",Southeast,"2200 E Serene Ave","The Home Depot","2011-07-30 00:00:00"
NV,"Las Vegas",Southeast,"467 Silverado Ranch Blvd, Ste 155","Fresh & Easy","2011-07-29 00:00:00"
NV,Henderson,,"2744 N Green Valley Pkwy","Weiss Restaurant Deli & Bakery","2011-07-29 00:00:00"
NV,"Las Vegas",Southeast,"9400 S Eastern Ave, Ste 102-103","Island Sushi & Grill","2011-07-28 00:00:00"
NV,"Las Vegas","The Strip","3200 Las Vegas Blvd S, Ste 600","Fashion Show","2011-07-28 00:00:00"
NV,"Las Vegas","Spring Valley","6925 S Rainbow Blvd, Ste 100","Cherry on Top - Frozen Yogurt","2011-07-23 00:00:00"
NV,"Las Vegas",Westside,"750 S Rampart Blvd, Ste 16","Gordon Biersch Brewery Restaurant","2011-07-23 00:00:00"
NV,"Las Vegas",Westside,"1000 S Rampart Blvd, Ste 15","Vivido Gelato","2011-07-23 00:00:00"
NV,"Las Vegas",Summerlin,"1451 Center Crossing Rd","Technique Restaurant","2011-07-22 00:00:00"
NV,"Las Vegas",Southwest,"8090 S Durango Dr","Island Flavor","2011-07-21 00:00:00"
NV,"Las Vegas","The Strip","2000 Fashion Show Dr","Icewine Tasting with Famed Vintner Donald Ziraldo","2011-07-20 00:00:00"
NV,"Las Vegas",Eastside,"710 E Flamingo Rd, Ste 6","Verona Pizza","2011-07-20 00:00:00"
NV,"Las Vegas","The Strip","3950 S Las Vegas Blvd","Rí Rá Irish Pub","2011-07-19 00:00:00"
NV,"Las Vegas",Chinatown,"3401 S Jones Blvd","Wendy's Noodle Cafe","2011-07-18 00:00:00"
NV,"Las Vegas",Chinatown,"4600 Spring Mountain Rd","Ronald's Donuts","2011-07-18 00:00:00"
NV,"Las Vegas",Downtown,"1616 S Las Vegas Blvd, Ste 120","Viva Las Arepas","2011-07-16 00:00:00"
NV,"Las Vegas",Southeast,"9777 S Las Vegas Blvd","Century 16 South Point","2011-07-16 00:00:00"
NV,"Las Vegas",Southeast,"8168 Las Vegas Blvd S","Steiner's A Nevada Style Pub","2011-07-16 00:00:00"
NV,"Las Vegas",Southeast,"10430 Bermuda Rd, Ste 1","Roberto's Taco Shop","2011-07-16 00:00:00"
NV,"Las Vegas",Downtown,"1516 Las Vegas Blvd S","Dino's Lounge","2011-07-16 00:00:00"
NV,"Las Vegas",Downtown,"1712 W Charleston Blvd","Frankie's Tiki Room","2011-07-16 00:00:00"
NV,"Las Vegas","The Strip","3950 Las Vegas Blvd S","Guinness Store","2011-07-14 00:00:00"
NV,"Las Vegas",Eastside,"855 E Twain Ave, Ste 111","Merkato Ethiopian Cafe","2011-07-14 00:00:00"
NV,"Las Vegas",Southeast,"7400 South Las Vegas Blvd., Ste 320, Las Vegas South Premium","Fossil Outlet","2011-07-13 00:00:00"
NV,"Las Vegas",Summerlin,"2400 N Buffalo Dr, Ste 145","BabyStacks Cafe","2011-07-13 00:00:00"
NV,"Las Vegas","The Strip","3708 Las Vegas Blvd S","Boulevard Pool","2011-07-13 00:00:00"
NV,"Las Vegas",Southeast,"9595 S Eastern Ave, Ste 120","Nielsen's Frozen Custard","2011-07-13 00:00:00"
NV,"Las Vegas",Southeast,"9400 Eastern Ave, Ste 140","Poke Express","2011-07-13 00:00:00"
NV,"Las Vegas",,"4850 W Flamingo Rd, Ste 34-34","Dong Ting Spring","2011-07-12 00:00:00"
NV,"Las Vegas",Chinatown,"4355 Spring Mountain Rd","Cafe Noodle & Chinese Barbeque","2011-07-08 00:00:00"
NV,"Las Vegas","The Strip","New York - New York Las Vegas Hotel Casino, 3790 Las Vegas Blvd S","Cirque du Soleil - Zumanity","2011-07-07 00:00:00"
NV,"Las Vegas","The Strip","Mgm Grand Hotel And Casino, 3799 Las Vegas Boulevard South","KA by Cirque Du Soleil","2011-07-07 00:00:00"
NV,"Las Vegas",Southeast,"2055 E Tropicana Ave","Cuba Cafe","2011-07-07 00:00:00"
NV,"Las Vegas",University,"1350 E Tropicana Ave","Crown & Anchor British Pub","2011-07-07 00:00:00"
NV,"Las Vegas",Southeast,"2451 E Tropicana Ave","Dispensary Lounge","2011-07-06 00:00:00"
NV,"Las Vegas",Southwest,"4100 Blue Diamond Rd",Target,"2011-07-06 00:00:00"
NV,"Las Vegas","The Strip","3755 S Las Vegas Blvd","Tasti D-Lite","2011-07-06 00:00:00"
NV,"Las Vegas",Eastside,"505 E Twain Ave","India Palace - Las Vegas","2011-07-06 00:00:00"
NV,"Las Vegas",Southeast,"Town Square, 6593 Las Vegas Blvd S",Gap,"2011-07-06 00:00:00"
NV,"Las Vegas",University,"4110 S Maryland Pkwy, Ste 8","Alternate Reality Comics","2011-06-30 00:00:00"
NV,"Las Vegas",,"4288 S Polaris Ave, Ste 109","Fast Lap Indoor Kart Racing","2011-06-29 00:00:00"
NV,"Las Vegas",,"4850 W Sunset Rd","Phat Phrank's","2011-06-28 00:00:00"
NV,Henderson,,"521 N Stephanie St","Outback Steakhouse","2011-06-28 00:00:00"
NV,Henderson,,"12300 S Las Vegas Blvd","M Pool","2011-06-28 00:00:00"
NV,"Las Vegas",Southwest,"4262 Blue Diamond Rd, Ste 103","Tropical Smoothie Cafe","2011-06-28 00:00:00"
NV,"Las Vegas",Southwest,"3870 Blue Diamond Rd, Bldg R","Dollar Tree","2011-06-25 00:00:00"
NV,"Las Vegas","The Strip","3570 Las Vegas Blvd S",Celine,"2011-06-25 00:00:00"
NV,"Las Vegas","South Summerlin","11011 W Charleston Blvd","Red Rock Lanes","2011-06-23 00:00:00"
NV,"Las Vegas",,,"Engine 1 Pizza","2011-06-22 00:00:00"
NV,"Las Vegas",Southeast,"310 E Warm Springs Rd, Ste G","A Thyme For All Seasons","2011-06-22 00:00:00"
NV,Henderson,Anthem,"2300 Paseo Verde Pkwy","Regal Cinemas Green Valley Ranch 10","2011-06-21 00:00:00"
NV,"Las Vegas",Southwest,"7355 Rogers St","Western Trails","2011-06-21 00:00:00"
NV,"Las Vegas",Southeast,"8650 Pollock Dr","Duck Creek Park","2011-06-21 00:00:00"
NV,"Las Vegas",Eastside,"2325 E Flamingo Rd","Red Lobster","2011-06-20 00:00:00"
NV,"Las Vegas",,"8878 S Eastern Ave, Ste 100","Havana Grill","2011-06-20 00:00:00"
NV,Henderson,Anthem,"10345 S Eastern Ave, Ste 100","Crepe Shack & Waffles","2011-06-20 00:00:00"
NV,"Las Vegas","Spring Valley","6555 S Jones Blvd, Ste 120","Kyara Japanese Tapas","2011-06-18 00:00:00"
NV,"Las Vegas","Spring Valley","6870 S Rainbow Blvd, Ste 114","Eddie D's","2011-06-17 00:00:00"
NV,"Las Vegas",Southwest,"7815 S Rainbow Blvd, Ste 102","New Day Cafe","2011-06-17 00:00:00"
NV,"Las Vegas",,"9500 S Eastern Ave, Ste 150","Crêpe Expectations","2011-06-16 00:00:00"
NV,"Las Vegas",Southeast,"7430 Las Vegas Blvd South, Suite 120","Buffalo Wild Wings","2011-06-15 00:00:00"
NV,"Spring Valley",Chinatown,"5030 Spring Mountain Rd","Seoul Oak","2011-06-15 00:00:00"
NV,"Las Vegas",Eastside,"3890 S Maryland Pkwy, Ste 137",Jollibee,"2011-06-15 00:00:00"
NV,"Las Vegas",Southwest,"8680 W Warm Springs Rd","Mac Shack Spring Valley","2011-06-13 00:00:00"
NV,"Las Vegas",Southeast,"9240 S Eastern Ave","In-N-Out Burger","2011-06-11 00:00:00"
NV,"Las Vegas",Southeast,"5757 Wayne Newton Blvd","McCarran International Airport","2011-06-11 00:00:00"
NV,"Las Vegas",Chinatown,"4355 W Spring Mountain Rd, Ste 107","Yagyu Yakiniku","2011-06-11 00:00:00"
NV,"Las Vegas",Chinatown,"4255 Spring Mountain Rd, Ste C104","No. 1 Boba Tea","2011-06-11 00:00:00"
NV,Henderson,,"1399 American Pacific Dr","Department of Motor Vehicles - DMV","2011-06-11 00:00:00"
NV,"Las Vegas",Chinatown,"5115 Spring Mountain Rd, Ste 228","Bazic Bar & Restoyaky","2011-06-08 00:00:00"
NV,"Las Vegas",Eastside,"1350 E Flamingo Rd, Ste 18","Yama Sushi","2011-06-06 00:00:00"
NV,"Las Vegas",,"6180 W Tropicana Ave","Black Bear Diner","2011-06-03 00:00:00"
NV,"Las Vegas",,"5255 S Decatur Blvd, Ste118","Sushi House Goyemon","2011-05-31 00:00:00"
NV,"Las Vegas","The Strip","3200 Las Vegas Blvd S","Maggiano's Little Italy","2011-05-30 00:00:00"
NV,"Las Vegas",Southeast,"South Point Hotel & Casino, 9777 S Las Vegas Blvd","Silverado Steakhouse","2011-05-29 00:00:00"
NV,"Las Vegas",Southwest,"8390 S Rainbow Blvd","Cheeburger Cheeburger","2011-05-27 00:00:00"
NV,Henderson,,"1300 W Sunset Rd, Ste 2829","Dairy Queen","2011-05-27 00:00:00"
NV,Henderson,,"1300 W Sunset Rd","Galleria Mall at Sunset","2011-05-26 00:00:00"
NV,"Las Vegas",Eastside,"1020 E Desert Inn Rd","La Scala","2011-05-25 00:00:00"
NV,"Las Vegas","Spring Valley","Crystal-City  Ctr, 3720 Las Vegas Blvd S",Beso,"2011-05-21 00:00:00"
NV,"Las Vegas",Chinatown,"4355 Spring Mountain Rd","Crown Bakery","2011-05-18 00:00:00"
NV,"Las Vegas","The Strip","3667 Las Vegas Blvd S","Miracle Mile Shops","2011-05-18 00:00:00"
NV,"Las Vegas",Southwest,"10690 Southern Highlands Pkwy","Barcelona Tapas","2011-05-17 00:00:00"
NV,Henderson,,"460 N Boulder Hwy","Henderson Hyundai Superstore","2011-05-17 00:00:00"
NV,"Las Vegas",Southeast,"6087 S Pecos Rd, Ste 102","Dang Dee Thai Cuisine","2011-05-16 00:00:00"
NV,"Las Vegas",Chinatown,"4215 Spring Mountain Rd, Ste B101","Sam Woo BBQ Restaurant","2011-05-14 00:00:00"
NV,"Las Vegas",,"5000 S Decatur Blvd","International Marketplace","2011-05-14 00:00:00"
NV,"Las Vegas",Chinatown,"4810 Spring Mountain Rd, Ste C & D","Hot N Juicy Crawfish","2011-05-14 00:00:00"
NV,Henderson,Anthem,"10720 S Eastern Ave, Ste 100","Sushi Factory","2011-05-14 00:00:00"
NV,"Las Vegas",Southwest,"7260 S Cimarron Rd","Born And Raised","2011-05-13 00:00:00"
NV,"Las Vegas",Southwest,"9345 S Cimarron Rd","Poppy's Frozen Yogurt","2011-05-13 00:00:00"
NV,"Las Vegas",Southwest,"7060 W Windmill Ln","Las Vegas-Clark County Library System - Windmill Library","2011-05-13 00:00:00"
NV,"Las Vegas",Chinatown,"3565 S Rainbow Blvd",Tcby,"2011-05-12 00:00:00"
NV,Henderson,Anthem,"10271 S Eastern Ave, Ste 101","Five Guys","2011-05-11 00:00:00"
NV,"Las Vegas",Eastside,"4455 Paradise Rd","Mr. Lucky's 24-7","2011-05-11 00:00:00"
NV,Henderson,,"4300 E Sunset Rd, Ste A-5","Carlito's Burritos","2011-05-11 00:00:00"
NV,"Las Vegas",Southeast,"1725 E Warm Springs Rd","El Herradero Mexican Restaurant","2011-05-10 00:00:00"
NV,"Las Vegas","The Strip","The Cosmopolitan Of Las Vegas, 3708 Las Vegas Blvd S","Vesper Bar","2011-05-08 00:00:00"
NV,"Las Vegas","The Strip","3708 Las Vegas Blvd S","Wicked Spoon","2011-05-08 00:00:00"
NV,"Las Vegas",Southwest,"10690 Southern Highlands Pkwy","Rise & Shine - A Steak & Egg Place","2011-05-06 00:00:00"
NV,"Las Vegas",,"4670 S Decatur Blvd","Chang's Hong Kong Cuisine","2011-05-06 00:00:00"
NV,"Las Vegas",Southeast,"2490 E Sunset Rd","Egg Works","2011-05-05 00:00:00"
NV,Henderson,,"1659 W Warm Springs Rd, Ste 100","Chick & Benny's","2011-05-04 00:00:00"
NV,"Las Vegas",Southeast,"4615 E Tropicana",7-Eleven,"2011-05-04 00:00:00"
NV,Henderson,,"50 N Valle Verde Dr, Ste 110","East Coast Eats","2011-05-03 00:00:00"
NV,"Las Vegas",Southeast,"6593 Las Vegas Blvd S","Yard House","2011-04-29 00:00:00"
NV,"Las Vegas","Spring Valley","8359 W Sunset Rd, Ste 100","Baguette Cafe","2011-04-29 00:00:00"
NV,"Las Vegas","Spring Valley","6950 Arroyo Crossing Pkwy","Best Buy","2011-04-29 00:00:00"
NV,"Las Vegas",Southeast,"8880 S Maryland Pkwy, Ste 103","Laurita's Taco Shop","2011-04-28 00:00:00"
NV,"Las Vegas",Southwest,"4390 Blue Diamond Rd","Famous Dave's Bar-B-Que","2011-04-28 00:00:00"
NV,"Las Vegas",Southeast,"8899 S Eastern Ave","Mad House Coffee","2011-04-27 00:00:00"
NV,Paradise,Southeast,"9711 S Eastern Ave, Ste H-12","Boba Cafe","2011-04-27 00:00:00"
NV,"Las Vegas",Southeast,"6605 Las Vegas Blvd S, Ste B124",Teavana,"2011-04-27 00:00:00"
NV,"Las Vegas",Southeast,"8975 S Eastern Ave, Ste A",Starbucks,"2011-04-27 00:00:00"
NV,"Las Vegas",Chinatown,"3889 Spring Mountain Rd","Mr Tofu","2011-04-26 00:00:00"
NV,"Las Vegas",Southwest,"3333 Blue Diamond Rd","Twin Creeks","2011-04-26 00:00:00"
NV,"Las Vegas",Southwest,"4360 Blue Diamond Rd, Ste 106",Baskin-Robbins,"2011-04-26 00:00:00"
NV,Henderson,Anthem,"10385 S Eastern Ave","Mr D's Frozen Custard","2011-04-25 00:00:00"
NV,"Las Vegas",Southeast,"7400 Las Vegas Blvd S","Las Vegas South Premium Outlets","2011-04-25 00:00:00"
NV,"Las Vegas",Southeast,"6683 Las Vegas Blvd S","Miller's Ale House - Las Vegas","2011-04-22 00:00:00"
NV,"Las Vegas",Southeast,"9620 Las Vegas Blvd, Ste E5","Capriotti's Sandwich Shop","2011-04-22 00:00:00"
NV,"Las Vegas",Southeast,"3130 E Sunset Rd, Ste A","Sunrise Coffee","2011-04-21 00:00:00"
NV,"Las Vegas",,"8820 S Eastern Ave","Lemongrass Café","2011-04-20 00:00:00"
NV,"Las Vegas",University,"730 E Flamingo Rd, Ste 10","Mint Indian Bistro","2011-04-20 00:00:00"
NV,Henderson,Anthem,"790 Coronado Ctr Dr","U-Swirl Frozen Yogurt","2011-04-17 00:00:00"
NV,Henderson,,"1651 W Horizon Ridge Pkwy, Ste 100","Golden Spoon","2011-04-17 00:00:00"
NV,Henderson,,"2100 Olympic Ave",ClubSport,"2011-04-16 00:00:00"
NV,Henderson,,"1716 W Horizon Ridge Pkwy, Ste 110","Shabu Shabu Paradise","2011-04-15 00:00:00"
NV,"Las Vegas",Southeast,"6605 Las Vegas Blvd",H&M,"2011-04-15 00:00:00"
NV,"Las Vegas",Northwest,"4079 N Rancho Dr, Ste 170","The Ace Bartending Academy","2011-04-15 00:00:00"
NV,"Las Vegas",Southeast,"6551 Las Vegas Blvd S, Ste C-145",Phenom,"2011-04-15 00:00:00"
NV,"Las Vegas","The Strip","3049 Las Vegas Blvd","Bombay Indian Cuisine","2011-04-14 00:00:00"
NV,Henderson,Anthem,"2270 Village Walk Dr","Elephant Bar Restaurant","2011-04-13 00:00:00"
NV,Henderson,Anthem,"2225 Village Walk Dr, Ste 177","Ben & Jerry's","2011-04-13 00:00:00"
NV,"Las Vegas",Southeast,"7400 Las Vegas Blvd S","Dairy Queen","2011-04-13 00:00:00"
NV,"Las Vegas",Southeast,"505 E Windmill Ln, Ste 1E","Bank of America","2011-04-13 00:00:00"
NV,"Las Vegas",Southeast,"3481 E Sunset Rd, Ste 101","Access Health Dental - Sunset Dental","2011-04-13 00:00:00"
NV,"Las Vegas",Westside,"3240 Arville St","Moon Doggies","2011-04-13 00:00:00"
NV,"Las Vegas",Southeast,"9777 S Las Vegas Blvd","Coronado Cafe","2011-04-13 00:00:00"
NV,Henderson,Anthem,"2270 Village Walk Dr","Elephant Bar Restaurant","2011-04-12 00:00:00"
NV,"Las Vegas",Southeast,"6629 Las Vegas Blvd S","Claim Jumper","2011-04-11 00:00:00"
NV,"Las Vegas",Southwest,"9285 S Cimarron Rd, Ste 100","Inaka Sushi","2011-04-11 00:00:00"
NV,"Las Vegas",Southwest,"9275 S Buffalo Dr","Exploration Park","2011-04-11 00:00:00"
NV,"Las Vegas",Downtown,"1401 Las Vegas Blvd S","Florida Cafe Cuban Bar & Grill","2011-04-08 00:00:00"
NV,"Las Vegas",Chinatown,"3480 S Jones Blvd",Walgreens,"2011-04-08 00:00:00"
NV,Henderson,Anthem,"10575 S Eastern Ave, Ste 100","Pei Wei","2011-04-08 00:00:00"
NV,"Las Vegas",Downtown,"1401 Las Vegas Blvd S","Florida Cafe Cuban Bar & Grill","2011-04-08 00:00:00"
NV,"Las Vegas",University,"4725 S Maryland Pkwy",Smashburger,"2011-04-07 00:00:00"
NV,"Las Vegas",University,"4632 S Maryland Pkwy, Ste 20","The Lunch Box","2011-04-06 00:00:00"
NV,"Las Vegas",Southwest,"7435 S Durango Dr","808 Sushi","2011-04-06 00:00:00"
NV,"Las Vegas",Southeast,"6593 Las Vegas Blvd S, Bldg L B214","Blue Martini Lounge","2011-04-05 00:00:00"
NV,"Las Vegas",,,"Sloppi Jo's Roving Eatery","2011-04-05 00:00:00"
NV,"Las Vegas",Southeast,"6605 Las Vegas Blvd S","California Pizza Kitchen","2011-04-04 00:00:00"
NV,Henderson,Southeast,"9600 S. Eastern Ave","Red Robin Gourmet Burgers","2011-04-04 00:00:00"
NV,"Las Vegas",Southeast,"470 E Windmill Ln, Ste 100","Bachi Burger","2011-04-04 00:00:00"
NV,"Las Vegas",Chinatown,"4255 Spring Mountain Rd, Ste C201","Las Vegas Chinatown Plaza","2011-04-04 00:00:00"
NV,"Las Vegas",University,"4110 S Maryland Pkwy, Ste 1","Buffalo Exchange","2011-04-04 00:00:00"
NV,"Las Vegas",Southeast,"475 E Windmill Ln",Vons,"2011-04-02 00:00:00"
NV,"Las Vegas",Chinatown,"4215 Spring Mountain Rd, Ste B106B","Volcano Tea House","2011-04-01 00:00:00"
NV,"Las Vegas",Eastside,"395 Hughes Center Dr","FedEx Office Print & Ship Center","2011-04-01 00:00:00"
NV,"Las Vegas",Chinatown,"4255 Spring Mountain Rd, Ste 110","Diamond Bakery","2011-04-01 00:00:00"
NV,"Las Vegas",Chinatown,"4355 Spring Mountain Rd, Ste 106","Tea Station","2011-04-01 00:00:00"
NV,Henderson,,"791 Marks St","Costco Wholesale Gas","2011-04-01 00:00:00"
NV,"Las Vegas",Southeast,"5905 S Eastern Ave, Ste 108","Jamba Juice","2011-03-31 00:00:00"
NV,"Las Vegas",Southeast,"5905 S Eastern Ave, Ste 108","Jamba Juice","2011-03-31 00:00:00"
NV,"Las Vegas",Chinatown,"4711 Spring Mountain Rd","Woo Che","2011-03-31 00:00:00"
NV,Henderson,Anthem,"2240 Village Walk Dr","The District At Green Valley Ranch","2011-03-30 00:00:00"
NV,"Las Vegas","The Strip","3325 South Las Vegas Boulevard","The Palazzo Las Vegas","2011-03-30 00:00:00"
NV,Henderson,Anthem,"Green Valley Ranch Station Casino, 2312 Paseo Verde Pkwy","Tides Oyster Bar","2011-03-30 00:00:00"
NV,"Las Vegas","The Strip","3500 Las Vegas Blvd S","The Forum Shops at Caesars","2011-03-30 00:00:00"
NV,"Las Vegas",,,"Snow Ono Shave Ice","2011-03-29 00:00:00"
NV,"Las Vegas",Chinatown,"4155 W Spring Mountain Rd","99 Ranch Market","2011-03-29 00:00:00"
NV,"Las Vegas",Chinatown,"4801 Spring Mountain Rd","SF Supermarket","2011-03-29 00:00:00"
NV,"Las Vegas",Downtown,"875 S Grand Central Pkwy","Las Vegas North Premium Outlets","2011-03-29 00:00:00"
NV,"Las Vegas",,"4020 S Rainbow Blvd","Sunflower Farmers Market","2011-03-29 00:00:00"
NV,Henderson,Anthem,"2220 Village Walk Dr, Ste 140","The Coffee Bean & Tea Leaf","2011-03-28 00:00:00"
NV,Henderson,Anthem,"645 Carnegie St","Lindo Michoacan","2011-03-28 00:00:00"
NV,Henderson,,"280 S Green Valley Pkwy","Paseo Verde Library","2011-03-28 00:00:00"
NV,Henderson,,"605 Mall Ring Cir, Ste 110","Atomic No 7","2011-03-26 00:00:00"
NV,Henderson,,"1450 W Horizon Ridge Pkwy","Mi Peru South American Grill","2011-03-26 00:00:00"
NV,Henderson,Southeast,"9520 S. Eastern Ave.","BJ's Restaurant & Brewhouse","2011-03-25 00:00:00"
NV,"Las Vegas","The Strip","3708 Las Vegas Blvd S","Holsteins Shakes and Buns","2011-03-23 00:00:00"
NV,"Las Vegas",Chinatown,"3504 Wynn Rd","Veggie Delight","2011-03-23 00:00:00"
NV,"Las Vegas",Chinatown,"3516 Wynn Rd","Thai Style Noodle House","2011-03-23 00:00:00"
NV,"Las Vegas","The Strip","Aria Resort and Casino, 3741 Las Vegas Blvd S","Sweet Chill","2011-03-22 00:00:00"
NV,"Las Vegas",Southeast,"South Point Hotel & Casino, 9777 S Las Vegas Blvd","Garden Buffet","2011-03-19 00:00:00"
NV,"Las Vegas",Chinatown,"5700 W Spring Mountain Rd, #I","Dakao Sandwiches","2011-03-19 00:00:00"
NV,Henderson,,"2553 Wigwam Pkwy","Revv Illusions","2011-03-19 00:00:00"
NV,"Las Vegas",Chinatown,"5700 Spring Mountain Rd","Ann's Salon","2011-03-19 00:00:00"
NV,"Las Vegas",University,"4505 S Maryland Pkwy","University of Nevada Las Vegas","2011-03-19 00:00:00"
NV,"Las Vegas",Chinatown,"3989 Spring Mountain Rd","Lee's Sandwiches","2011-03-19 00:00:00"
NV,Henderson,,"617 Mall Ring Cir","Buffalo Wild Wings","2011-03-19 00:00:00"
NV,"Las Vegas",Southwest,"3333 Blue Diamond Rd","Mi Casa Grill Cantina","2011-03-19 00:00:00"
NV,"Las Vegas",University,"4632 S Maryland Pkwy, Ste 20","The Lunch Box","2011-03-16 00:00:00"
NV,"Las Vegas",Eastside,"670 E Flamingo Rd",9091,"2011-03-16 00:00:00"
NV,"Las Vegas",University,"4147 S Maryland Pkwy","Paymon's Mediterranean Cafe & Lounge","2011-03-14 00:00:00"
NV,"Las Vegas",Southeast,"6587 Las Vegas Blvd",Yogurtland,"2011-03-14 00:00:00"
NV,"Las Vegas",Southeast,"6605 Las Vegas Blvd S","Town Square Las Vegas","2011-03-14 00:00:00"
NV,"Las Vegas",Southeast,"6587 Las Vegas Blvd",Yogurtland,"2011-03-12 00:00:00"
NV,Henderson,,"375 N Stephanie St","Sweet Tomatoes","2011-03-09 00:00:00"
NV,"Las Vegas",Eastside,"3910 South Maryland Pkwy","Jason's Deli","2011-03-04 00:00:00"
NV,"Las Vegas",Eastside,"3900 Paradise Rd",Firefly,"2011-03-04 00:00:00"
NV,"Las Vegas",Southwest,"6935 Blue Diamond Rd","Blue Diamond Saloon","2011-03-01 00:00:00"
NV,Henderson,Anthem,"10345 S Eastern Ave","Trader Joe's","2011-03-01 00:00:00"
NV,Henderson,Anthem,"10920 S Eastern Ave","Osaka Japanese Bistro","2011-03-01 00:00:00"
NV,"Las Vegas",Chinatown,"5300 Spring Mountain Rd, Ste 107","Cathay House Restaurant","2011-03-01 00:00:00"
NV,"Las Vegas",Chinatown,"5115 W Spring Mountain Rd, Ste 117",Shuseki,"2011-02-27 00:00:00"
NV,Henderson,Anthem,"2245 Village Walk Dr","Lucille's Smokehouse Bar-B-Que","2011-02-25 00:00:00"
NV,Henderson,,"665 S Green Valley Pkwy, Ste 100","Layers Bakery Cafe","2011-02-24 00:00:00"
NV,"Las Vegas",University,"4000 Wilbur St","UNLV Student Recreation and Wellness Center","2011-02-13 00:00:00"
NV,"Las Vegas",Eastside,"3318 E Flamingo Rd","Zaba's Mexican Grill","2011-02-11 00:00:00"
NV,"Las Vegas",Chinatown,"6850 Spring Mountain Rd","Greenland Supermarket","2011-02-10 00:00:00"
NV,"Las Vegas",Southeast,"6629 South Las Vegas Boulevard, 6629 Las Vegas Blvd S",Lollicup,"2011-02-09 00:00:00"
NV,Henderson,,"The M Resort, 12300 Las Vegas Blvd S","Hash House A Go Go","2011-02-09 00:00:00"
NV,"Las Vegas",Chinatown,"4053 Spring Mountain Rd","Sunville Bakery","2011-02-08 00:00:00"
NV,"Las Vegas",Chinatown,"4355 Spring Mountain Rd, Ste 101B","Sushi Kaya","2011-02-07 00:00:00"
NV,"Las Vegas",Eastside,"3270 E Tropicana Ave","Great Buns Bakery","2011-02-04 00:00:00"
NV,"Las Vegas",Westside,,"Fukuburger Truck","2011-01-31 00:00:00"
NV,"Las Vegas",Westside,"3240 S Arville St","Naked City Pizza Shop","2011-01-30 00:00:00"
NV,"Las Vegas",,"Rio All-Suite Hotel & Casino, 3700 W Flamingo Road","Carnival World Buffet","2011-01-30 00:00:00"
NV,"Las Vegas",Chinatown,"3963 Spring Mountain Rd","Skin Design Tattoo","2011-01-29 00:00:00"
