state,city,neighborhood,address,name,date
AZ,Scottsdale,,"15147 N Scottsdale Rd, Unit H133","Breakfast Kitchen Bar","2017-07-22 00:00:00"
AZ,Scottsdale,,"9815 E Bell Rd, Ste 105","Family Eyecare Of Scottsdale","2017-07-21 00:00:00"
AZ,Scottsdale,,"20511 N Hayden Rd","Kale & Clover","2017-06-14 00:00:00"
AZ,Scottsdale,,"9500 Via De Ventura","Opa Life Greek Cafe","2017-05-25 00:00:00"
AZ,Tempe,,"1490 E Weber Dr","Singh Meadows","2017-01-21 00:00:00"
AZ,Scottsdale,,"17025 N Scottsdale Rd, Ste 110","Nothing Bundt Cakes","2016-12-12 00:00:00"
AZ,Scottsdale,,"15345 North Scottsdale Rd","Flywheel Sports","2016-11-18 00:00:00"
AZ,Scottsdale,,"7220 E 1st Ave",Patties,"2016-09-18 00:00:00"
AZ,Phoenix,,"5350 E High St, Ste 105","Rick Bronson's House of Comedy","2016-05-23 00:00:00"
AZ,Scottsdale,,,"A Advanced Garage Door Service","2016-02-22 00:00:00"
AZ,Scottsdale,,"15551 N Greenway Hayden Lp, Ste 120","Barre3 - Scottsdale","2016-02-02 00:00:00"
AZ,Scottsdale,,"6107 N Scottsdale Rd, Ste 108","Barre3 - Paradise Valley","2016-02-02 00:00:00"
AZ,Phoenix,,,"Arizona Carpet and Restoration","2015-12-05 00:00:00"
AZ,Scottsdale,,"20751 N Pima Rd",Kindermusik,"2015-11-20 00:00:00"
AZ,Scottsdale,,"15689 N Pima Rd, Ste 126","Digital Doc","2015-11-14 00:00:00"
AZ,Scottsdale,,"20875 N Pima Rd","DELIA'S Cleaners","2015-10-27 00:00:00"
AZ,Scottsdale,,"3839 N Drinkwater Blvd","Beneficial Beans","2015-09-28 00:00:00"
AZ,Scottsdale,,"15059 N Scottsdale Rd, Ste 100","American Girl Store","2015-08-19 00:00:00"
AZ,Scottsdale,,"7177 E Rancho Vista Dr","Optima Camelview","2015-08-16 00:00:00"
AZ,Scottsdale,,"20825 N Pima Rd","Market Street Kitchen","2015-08-10 00:00:00"
AZ,Scottsdale,,"9500 E Via De Ventura","Butterfly Wonderland","2015-08-10 00:00:00"
AZ,Phoenix,,"21001 N Tatum Blvd","FIT4MOM - Phoenix","2015-08-07 00:00:00"
AZ,Phoenix,,"21001 N Tatum Blvd","FIT4MOM - Phoenix","2015-08-07 00:00:00"
AZ,Scottsdale,,"7116 E Mercer Ln, Ste 105-106","Basically Bows & Bowties","2015-08-07 00:00:00"
AZ,Scottsdale,,"20567 N Hayden Rd, Ste110","Primp and Blow - A Blow Dry Bar","2015-08-07 00:00:00"
AZ,Scottsdale,,"7014 E Camelback Rd, Ste 2072","Things Remembered","2015-08-07 00:00:00"
AZ,Scottsdale,,"10460 N 90th St","Flower Child","2015-08-07 00:00:00"
AZ,Scottsdale,,"15816 N Pima Rd","Cobblestone Auto Spa","2015-07-30 00:00:00"
AZ,"Cave Creek",,"6548 E Cave Creek Rd","Dairy Queen","2015-04-15 00:00:00"
AZ,Phoenix,,,"3 Day Blinds Shop-At-Home Services","2015-04-09 00:00:00"
AZ,Scottsdale,,"9393 E Bell Rd","The Thumb BBQ","2015-04-03 00:00:00"
AZ,Scottsdale,,"8623 E Thompson Peak Pkwy","Isabella's Kitchen","2015-04-01 00:00:00"
AZ,Scottsdale,,"15024 N Scottsdale Rd, Ste 100","The Greene House","2015-04-01 00:00:00"
AZ,Scottsdale,,"8711 E Pinnacle Peak Rd","Pinnacle Peak General Store","2015-03-30 00:00:00"
AZ,"North Scottsdale",,"20753 N Pima Rd","Fleming's Prime Steakhouse & Wine Bar","2015-03-24 00:00:00"
AZ,Scottsdale,,"Scottsdale Fashion Square, 7014 East Camelback Rd, Level 1","Louis Vuitton Scottsdale","2015-03-21 00:00:00"
AZ,Scottsdale,,"17050 N Thompson Peak Pkwy","Temple Bar Sports Grill","2015-03-21 00:00:00"
AZ,Scottsdale,,"20831 N Scottsdale Rd, Ste 115","Freshbox Grayhawk","2015-03-20 00:00:00"
AZ,Scottsdale,,"6107 N Scottsdale Rd, Ste C-110","Bink's Kitchen & Bar - Scottsdale","2015-03-19 00:00:00"
AZ,Phoenix,,,"The Happy Handyman","2015-03-19 00:00:00"
AZ,Scottsdale,,"20831 N Scottsdale Rd, Ste 117","Cold Beers & Cheeseburgers","2015-03-17 00:00:00"
AZ,Tempe,,"1200 S Forest Ave","ASU Gammage","2015-03-15 00:00:00"
AZ,Scottsdale,,"7000 E Mayo Blvd, Ste 1104","Huddle Furniture For Kids","2015-03-14 00:00:00"
AZ,Tempe,,"149 S Farmer","The Yard at Farmer Arts District","2015-03-11 00:00:00"
AZ,Scottsdale,,"3830 N Marshall Way","Scottsdale's Museum of the West","2015-03-09 00:00:00"
AZ,Tempe,,"615 S College Ave","Postino Annex","2015-03-08 00:00:00"
AZ,Phoenix,,"20635 N Cave Creek Rd, Ste B1","The Perfectionist Cleaning Services","2015-03-07 00:00:00"
AZ,Scottsdale,,"20751 N Pima Rd, Ste 120","The Living Room","2015-03-06 00:00:00"
AZ,Phoenix,,,"Camelback Moving","2015-03-04 00:00:00"
AZ,Scottsdale,,"7017 E Main St","Escape The Room AZ","2015-03-03 00:00:00"
AZ,Scottsdale,,"20825 N Pima Rd","Jalapeño Inferno","2015-03-02 00:00:00"
AZ,Scottsdale,,"8852 E Pinnacle Peak Rd","Mastro's Steakhouse","2015-02-21 00:00:00"
AZ,Phoenix,,"1700 W Washington St","Wesley Bolin Memorial Plaza","2015-02-17 00:00:00"
AZ,Scottsdale,,"16000 N Scottsdale Rd",Ladlow's,"2015-02-14 00:00:00"
AZ,Scottsdale,,"10215 E Mcdowell Mt Ranch Rd","Arabian Library","2015-02-13 00:00:00"
AZ,Scottsdale,,"16451 North Scottsdale Rd, Ste 115","Carter's Babies & Kids","2015-02-12 00:00:00"
AZ,Scottsdale,,"4233 N Scottsdale Rd","Morning Squeeze","2015-02-10 00:00:00"
AZ,Scottsdale,,"3133 N Scottsdale Rd","Lo-Lo's Chicken & Waffles","2015-02-07 00:00:00"
AZ,Phoenix,,"7000 E Mayo Blvd","Babies R Us","2015-02-05 00:00:00"
AZ,Scottsdale,,"16215 N Scottsdale Rd","Old Navy","2015-02-04 00:00:00"
AZ,Phoenix,,"18560 N Scottsdale Rd","Destination Maternity","2015-02-04 00:00:00"
AZ,Phoenix,,"114 W Adams St, 102","The Hero Factory","2015-02-01 00:00:00"
AZ,Scottsdale,,"3622 N Scottsdale Rd","Brat Haus","2015-01-17 00:00:00"
AZ,Tempe,,"699 S Mill Ave, Ste 107","Ike's Love & Sandwiches","2015-01-16 00:00:00"
AZ,Scottsdale,,"15689 N Hayden Rd",Grabbagreen,"2015-01-09 00:00:00"
AZ,Scottsdale,,"7575 East Princess Drive","Bourbon Steak","2015-01-08 00:00:00"
AZ,Phoenix,,,"Jacked Ice","2015-01-06 00:00:00"
AZ,Scottsdale,,"7135 E Camelback Rd, Ste 101","P.F. Chang's","2015-01-04 00:00:00"
AZ,Scottsdale,,"7014 E Camelback Rd, Sp 576","Johnny Rockets","2014-12-24 00:00:00"
AZ,Scottsdale,,"6186 N Scottsdale Rd","Paul Martin's American Grill","2014-12-24 00:00:00"
AZ,Tempe,,"740 S Mill Ave, Ste 120","The Sweet Shoppe & Nut House","2014-12-20 00:00:00"
AZ,Scottsdale,,"3530 N Goldwater Blvd",Starbucks,"2014-12-17 00:00:00"
AZ,Tempe,,"690 S Mill Ave, Bldg C, Ste 103","Zipps Sports Grill","2014-12-11 00:00:00"
AZ,Scottsdale,,"6137 North Scottsdale Rd, Ste 105","Nekter Juice Bar","2014-12-02 00:00:00"
AZ,Scottsdale,,"6149 N Scottsdale Rd, Ste 171","The Good Egg - Hilton Village","2014-11-12 00:00:00"
AZ,Phoenix,,"2831 N 31st Ave","St. Mary's Food Bank Alliance","2014-11-11 00:00:00"
AZ,Scottsdale,,"7030 E Greenway Pkwy, Ste 140","Pottery Barn Kids","2014-11-08 00:00:00"
AZ,Phoenix,,"349 N Black Canyon Hwy","Special Events Table Linens","2014-11-05 00:00:00"
AZ,Phoenix,,"4725 E Mayo Blvd","Musical Instrument Museum","2014-11-03 00:00:00"
AZ,Phoenix,,"4821 N 20th St","Trader Joe's","2014-10-29 00:00:00"
AZ,Phoenix,,"7677 North 16th St",Hole-in-the-Wall,"2014-08-29 00:00:00"
AZ,Scottsdale,,"8120 N Hayden Rd, Ste E-100","Grassroots Kitchen & Tap","2014-08-28 00:00:00"
AZ,Scottsdale,,"10200 N 92nd St, Ste 205","Southwest Skin Specialists","2014-08-14 00:00:00"
AZ,Tempe,,"525 S Mill Ave","My Big Fat Greek Restaurant","2014-08-12 00:00:00"
AZ,Phoenix,,"5345 N 7th Ave","French Grocery","2014-08-12 00:00:00"
AZ,Phoenix,,"6044 N 16th St","Hobe Meats","2014-08-11 00:00:00"
NV,"Las Vegas","The Strip","3131 Las Vegas Blvd S","Wynn Las Vegas","2014-08-05 00:00:00"
NV,"Las Vegas","The Strip","3595 Las Vegas Blvd S","The Cromwell Las Vegas Resort & Casino","2014-08-01 00:00:00"
NV,"Las Vegas","The Strip","3950 S Las Vegas Blvd","Shark Reef Aquarium","2014-07-31 00:00:00"
AZ,Scottsdale,,"8380 E Via De Ventura","Zipps Sports Grill","2014-07-27 00:00:00"
AZ,Phoenix,,"300 W Camelback Rd, Ste 1","Changing Hands","2014-07-24 00:00:00"
NV,"Las Vegas","The Strip","3708 Las Vegas Blvd S","Rose. Rabbit. Lie","2014-07-23 00:00:00"
AZ,Scottsdale,,"11055 N Scottsdale Rd","Hopdoddy Burger Bar","2014-07-22 00:00:00"
NV,"Las Vegas","The Strip","3720 S Las Vegas Blvd","Mastro's Ocean Club","2014-07-21 00:00:00"
AZ,Phoenix,,"4507 N 36th St","Michael W Zacher, DDS","2014-07-16 00:00:00"
AZ,Phoenix,,"840 N Central Ave","KMLE Country 107.9 FM","2014-07-16 00:00:00"
AZ,Phoenix,,"815 N 2nd St","Yelp's Secret Cinema: Made In Arizona","2014-07-15 00:00:00"
AZ,Scottsdale,,"9500 Talking Stick Way",Topgolf,"2014-07-15 00:00:00"
AZ,Phoenix,,"2 E Jefferson St, Ste 108","Squid Ink","2014-07-14 00:00:00"
AZ,Phoenix,,"5109 N 44th St, Ste D 401","Orangetheory Fitness Arcadia","2014-07-11 00:00:00"
AZ,Phoenix,,"4400 N Central Ave","Lux Central","2014-07-11 00:00:00"
NV,"Las Vegas","The Strip","3655 Las Vegas Blvd S","Eiffel Tower","2014-07-10 00:00:00"
AZ,Phoenix,,"6102 N 16th St","Niccoli's Italian Grocery & Deli","2014-07-08 00:00:00"
AZ,Scottsdale,,"6560 N Scottsdale Rd",SumoMaya,"2014-07-04 00:00:00"
AZ,Phoenix,,"5013 N 44th St, Ste B2025B","Flower Child","2014-07-03 00:00:00"
AZ,Phoenix,,"2502 E Camelback Rd","The Capital Grille","2014-07-02 00:00:00"
AZ,Phoenix,,"4455 E Camelback Rd","The Henry","2014-07-02 00:00:00"
AZ,Mesa,,"1130 W Grove Ave, Ste 110","Ike's Love & Sandwiches","2014-06-26 00:00:00"
NV,"Las Vegas","The Strip","3131 Las Vegas Blvd S","The Buffet","2014-06-20 00:00:00"
AZ,Scottsdale,,"7293 N Scottsdale Rd, Ste 106","Pucci Salon","2014-06-18 00:00:00"
AZ,Scottsdale,,"16245 N Scottsdale Rd","Nordstrom Rack","2014-06-16 00:00:00"
AZ,Scottsdale,,"7014 East Camelback Rd, Space 1056",Gucci,"2014-06-13 00:00:00"
AZ,Scottsdale,,"7217 E 1st St","Bootleggers Modern American Smokehouse","2014-06-12 00:00:00"
AZ,Scottsdale,,,"DJ Sterling","2014-06-11 00:00:00"
AZ,Phoenix,,"4502 N 40th St","Ingo's Tasty Food","2014-06-10 00:00:00"
AZ,Tempe,,"1435 E University Dr, Ste 12","Salut Kitchen Bar","2014-06-09 00:00:00"
AZ,Scottsdale,,"4420 N Saddlebag Trl","Derby Public House","2014-06-06 00:00:00"
AZ,Phoenix,,"4610 E Cotton Ctr Blvd, Ste 100","Fairytale Brownies","2014-06-05 00:00:00"
AZ,Scottsdale,,"7435 E Tierra Buena Ln","China Mist Tea Company","2014-06-04 00:00:00"
AZ,Phoenix,,,"Dizzie the Balloon Artist","2014-06-03 00:00:00"
AZ,Phoenix,,"3400 E Sky Harbor Blvd","Four Peaks Brewing Company","2014-05-29 00:00:00"
AZ,Peoria,,"9784 W Northern Ave","Charming Charlies","2014-05-20 00:00:00"
AZ,Phoenix,,"4236 N Central Ave, Ste 100","Clever Koi","2014-05-19 00:00:00"
AZ,Scottsdale,,"4513 N Scottsdale Rd, Ste 114","FedEx Office Print & Ship Center","2014-05-15 00:00:00"
AZ,Phoenix,,"2425 E Camelback Rd, Ste 110","Del Frisco's Grille","2014-04-30 00:00:00"
AZ,Scottsdale,,"8977 N Scottsdale Rd, Ste 504","Pomo Pizzeria -  Scottsdale","2014-04-22 00:00:00"
AZ,Phoenix,,"5555 N 7th Ave","KTVK 3TV Phoenix","2014-04-21 00:00:00"
AZ,Scottsdale,,"7158 E 5th Ave","Original ChopShop","2014-04-09 00:00:00"
AZ,Phoenix,,"128 E Roosevelt St","Carly's Bistro","2014-04-03 00:00:00"
AZ,Scottsdale,,"8448 E Evans Rd",ADEQ,"2014-04-02 00:00:00"
AZ,Scottsdale,,"7213 E 1st Ave","Hula's Modern Tiki Scottsdale","2014-04-01 00:00:00"
AZ,Phoenix,,"3052 N 16th St","Middle Eastern Bakery & Deli","2014-03-20 00:00:00"
AZ,Phoenix,,"4730 E Indian School, Ste 125","iRun Running Store","2014-03-19 00:00:00"
AZ,Phoenix,,"3802 E Indian School Rd","The Madison Improvement Club","2014-03-18 00:00:00"
AZ,Phoenix,,"3802 E Indian School Rd","Seed Cafe","2014-03-15 00:00:00"
AZ,Scottsdale,,"7299 N Scottsdale Rd","Roka Akor - Scottsdale","2014-02-27 00:00:00"
AZ,Phoenix,,"3400 E Sky Harbor Blvd","Barrio Cafe","2014-02-20 00:00:00"
AZ,Scottsdale,,"3800 N Goldwater Blvd","Cornish Pasty Company","2014-02-18 00:00:00"
AZ,Scottsdale,,"6340 N Scottsdale Rd","Dolce Salon & Spa At Lincoln","2014-02-12 00:00:00"
AZ,Phoenix,,"840 N Central Ave","Live 101.5","2014-02-11 00:00:00"
AZ,Phoenix,,"85013 Central Ave","Winter in Phoenix","2014-02-05 00:00:00"
AZ,Tempe,,"525 S Mill Ave","My Big Fat Greek Restaurant","2014-01-30 00:00:00"
AZ,Chandler,,,NutWhats,"2014-01-28 00:00:00"
AZ,Phoenix,,"620 E Roosevelt St","Red Hut Coffee","2014-01-21 00:00:00"
AZ,Scottsdale,,"7300 E Thomas Rd","AMF Scottsdale Lanes","2014-01-21 00:00:00"
AZ,Phoenix,,"222 E Roosevelt St",GreenHAUS,"2014-01-16 00:00:00"
AZ,Phoenix,,"4046 E Greenway Rd","AAA Paradise Valley Office","2014-01-14 00:00:00"
AZ,"Cave Creek",,"6135 E Cave Creek Rd","Big Earl's Greasy Eats","2014-01-13 00:00:00"
AZ,"Cave Creek",,"6245 E Cave Creek Rd","Cave Creek Candles & Gifts","2014-01-10 00:00:00"
NV,"Las Vegas","The Strip","3131 Las Vegas Blvd S","SW Steakhouse","2014-01-08 00:00:00"
AZ,"Cave Creek",,"6130 E Cave Creek Rd","Bryan's Black Mountain Barbecue","2014-01-07 00:00:00"
AZ,Phoenix,,"4502 N 40th St","Ingo's Tasty Food","2014-01-06 00:00:00"
AZ,Phoenix,,"4502 N 40th St","Ingo's Tasty Food","2014-01-06 00:00:00"
AZ,Phoenix,,"2121 E Highland Ave","Half Moon Sports Grill","2014-01-02 00:00:00"
AZ,Scottsdale,,"5101 N Scottsdale Rd","Speakeasy Comedy Lounge","2013-12-31 00:00:00"
AZ,"Cave Creek",,"6710 E Cave Creek Rd",Cartwright's,"2013-12-30 00:00:00"
AZ,Phoenix,,"2502 E Camelback Rd","Blanco Tacos + Tequila","2013-12-24 00:00:00"
AZ,Phoenix,,,"Grate Roots","2013-12-19 00:00:00"
AZ,Scottsdale,,"7117 E 3rd Ave","Scottsdale Comedy Spot Comedy Club","2013-12-17 00:00:00"
AZ,Scottsdale,,"7575 E Princess Dr","Ironwood American Kitchen","2013-12-10 00:00:00"
AZ,Scottsdale,,"7144 E Stetson Dr, Ste 255",Garage,"2013-12-07 00:00:00"
AZ,Scottsdale,,"4207 N Scottsdale Rd","Velvet Boutique","2013-12-06 00:00:00"
AZ,Phoenix,,"4225 Sky Harbor Blvd","Cartel Coffee Lab","2013-12-04 00:00:00"
AZ,Scottsdale,,"3039 N Scottsdale Rd","Sphinx Date Co Palm & Pantry","2013-12-04 00:00:00"
AZ,Phoenix,,"4225 Sky Harbor Blvd","Cartel Coffee Lab","2013-12-01 00:00:00"
AZ,Tempe,,"227 S Smith Rd","Spinato's Pizza","2013-11-25 00:00:00"
AZ,Phoenix,,"2073 E Camelback Rd","Nordstrom Rack","2013-11-21 00:00:00"
AZ,Scottsdale,,"4225 N Marshall Way, Ste 102","Chocolade van Brugge","2013-11-21 00:00:00"
AZ,"Paradise Valley",,"6131 E Cholla Ln","Cholla Trail","2013-11-19 00:00:00"
AZ,Phoenix,,"555 N Central Ave, Ste 500","KAET - Eight Arizona PBS","2013-11-15 00:00:00"
AZ,Scottsdale,,"7847 N Mockingbird Ln","Camelback Golf Club","2013-11-14 00:00:00"
AZ,Phoenix,,"1219 E Glendale Ave, Ste 14","Spinato's Pizza","2013-11-12 00:00:00"
AZ,Phoenix,,"Biltmore Fashion Park, 2502 E Camelback, Ste 130","Julia Baker Confections","2013-11-09 00:00:00"
AZ,Phoenix,,"10 W Portland St, Portland Pkwy","Certified Local First Fall Festival","2013-11-09 00:00:00"
AZ,Scottsdale,,"3815 N Brown Ave","The Mission Old Town","2013-11-07 00:00:00"
AZ,Phoenix,,"4730 E Indian School Rd, Ste 126","Ken's Nails and Spa","2013-11-06 00:00:00"
AZ,"Cave Creek",,"6710 E Cave Creek Rd",Cartwright's,"2013-11-02 00:00:00"
AZ,Scottsdale,,"15257 N Scottsdale Rd, Ste 160, Bldg F","Make Meaning","2013-10-28 00:00:00"
AZ,Phoenix,,"3603 E Indian School Rd, Ste B",Crudo,"2013-10-24 00:00:00"
AZ,Phoenix,,"5632 N 7th St","The Yard","2013-10-23 00:00:00"
AZ,Scottsdale,,"7254 Main St","Saba's Arizona's Original Western Store","2013-10-18 00:00:00"
NV,"Las Vegas","The Strip","3200 Las Vegas Blvd","NM Café","2013-10-17 00:00:00"
NV,"Las Vegas","The Strip","3600 S Las Vegas Blvd","The Buffet at Bellagio","2013-10-15 00:00:00"
NV,"Las Vegas","The Strip","3131 Las Vegas Blvd S",Encore,"2013-10-11 00:00:00"
NV,"Las Vegas","The Strip","3400 Las Vegas Blvd S","Siegfried & Roy's Secret Garden and Dolphin Habitat","2013-10-10 00:00:00"
NV,"Las Vegas","The Strip","3131 Las Vegas Blvd S",Lakeside,"2013-10-10 00:00:00"
NV,"Las Vegas","The Strip","Wynn Las Vegas, 3131 S Las Vegas Blvd","Sugar & Ice","2013-10-08 00:00:00"
AZ,Scottsdale,,"13604 N Scottsdale Rd, Unit 103","Potbelly Sandwich Shop","2013-10-03 00:00:00"
AZ,Scottsdale,,"9109 E Indian Bend Rd","Hobby Lobby","2013-10-03 00:00:00"
AZ,Phoenix,,"4715 E Cactus Rd","Elite Event: Yelp's Outback Adventure","2013-10-01 00:00:00"
AZ,Scottsdale,,"4225 N Scottsdale Rd","Village Locksmith","2013-09-30 00:00:00"
AZ,Scottsdale,,"4225 N Scottsdale Rd","Village Locksmith","2013-09-30 00:00:00"
AZ,Scottsdale,,"7055 E Camelback Rd",Nordstrom,"2013-09-28 00:00:00"
AZ,Scottsdale,,"7014 E Camelback Rd, Space 1044",Zara,"2013-09-28 00:00:00"
AZ,Scottsdale,,"7014 E Camelback Rd, Space 1044",Zara,"2013-09-28 00:00:00"
AZ,Phoenix,,"23620 N 20th Dr, Ste 22","Stanley Steemer","2013-09-27 00:00:00"
AZ,Scottsdale,,"7158 E 5th Ave","Original ChopShop","2013-09-21 00:00:00"
AZ,Phoenix,,"5063 E Elliot Rd","Caffe Boa Ahwatukee","2013-09-17 00:00:00"
AZ,Scottsdale,,"3399 N Scottsdale Rd","Pebblestone Market and Gas Station","2013-09-16 00:00:00"
AZ,Scottsdale,,"10600 East Crescent Moon Dr","Four Seasons Resort Scottsdale at Troon North","2013-09-14 00:00:00"
AZ,Phoenix,,"2502 E Camelback Rd","Biltmore Fashion Park","2013-09-14 00:00:00"
AZ,Scottsdale,,"7014 E Camelback Rd, Scottsdale Fashion Square","See's Candies","2013-09-14 00:00:00"
AZ,Phoenix,,"2121 E Highland Ave","Half Moon Sports Grill","2013-09-14 00:00:00"
AZ,Phoenix,,"803 N 7th St","Table Tops Etc","2013-09-14 00:00:00"
AZ,Phoenix,,"Biltmore Fashion Park, 2502 E Camelback, Ste 130","Julia Baker Confections","2013-09-14 00:00:00"
AZ,Scottsdale,,"7158 E 5th Ave","Original ChopShop","2013-09-14 00:00:00"
AZ,Scottsdale,,"7137 E Rancho Vista Dr",Metropolis,"2013-09-14 00:00:00"
AZ,Scottsdale,,"3399 N Scottsdale Rd","Pebblestone Market and Gas Station","2013-09-13 00:00:00"
AZ,Scottsdale,,"7315 E Osborn Rd","Compass Bank","2013-09-12 00:00:00"
AZ,Scottsdale,,"15515 N Scottsdale Rd","Danny's Family Car Wash","2013-09-09 00:00:00"
AZ,Phoenix,,"3800 E Sky Harbor Blvd","Chelsea's Kitchen","2013-09-04 00:00:00"
AZ,"Cave Creek",,"5734 E Rancho Manana Blvd","Rancho Manana Golf Club","2013-08-30 00:00:00"
AZ,Phoenix,,"2502 E Camelback Rd, Ste 119","Paradise Bakery & Cafe","2013-08-30 00:00:00"
AZ,Scottsdale,,"7014 E Camelback Rd, Scottsdale Fashion Square","See's Candies","2013-08-28 00:00:00"
AZ,"Cave Creek",,"6554 E Cave Creek Rd","Spazzi Nails","2013-08-28 00:00:00"
AZ,Carefree,,"37220 Mule Train Rd","Carefree Resort & Conference Center","2013-08-27 00:00:00"
AZ,Phoenix,,"5029 N 44th St","Wally's American Pub N Grill","2013-08-24 00:00:00"
AZ,Phoenix,,"810 N 2nd St","Angels Trumpet Ale House","2013-08-22 00:00:00"
AZ,Tempe,,"1526 N Scottsdale Rd","AZ Tip and Toes Nails","2013-08-16 00:00:00"
AZ,Phoenix,,"50 W Jefferson St","Stand Up Live - Phoenix","2013-08-14 00:00:00"
AZ,Phoenix,,"2450 E Camelback Rd",Williams-Sonoma,"2013-08-12 00:00:00"
AZ,Scottsdale,,"7014-590 E Camelback Rd","Five Guys","2013-08-12 00:00:00"
AZ,Scottsdale,,"7014-590 E Camelback Rd","Five Guys","2013-08-11 00:00:00"
AZ,Scottsdale,,"7014-590 E Camelback Rd","Five Guys","2013-08-11 00:00:00"
AZ,Phoenix,,"Biltmore Fashion Park, 2502 E Camelback, Ste 130","Julia Baker Confections","2013-08-08 00:00:00"
AZ,Phoenix,,"2345 E McDowell Rd","U-Haul Moving & Storage at 24th & McDowell","2013-08-05 00:00:00"
AZ,Scottsdale,,"15515 N Scottsdale Rd","Danny's Family Car Wash","2013-07-31 00:00:00"
AZ,Gilbert,,"4874 S Val Vista Dr","FlipSide Entertainment","2013-07-29 00:00:00"
AZ,Phoenix,,"50 W Jefferson St","Gypsy Bar","2013-07-28 00:00:00"
AZ,Phoenix,,"110 E Roosevelt St","Short Leash Hotdogs & Rollover Doughnuts","2013-07-27 00:00:00"
AZ,Scottsdale,,"4222 North Scottsdale Rd","Cold Beers & Cheeseburgers - Old Town","2013-07-14 00:00:00"
AZ,Scottsdale,,"8668 E Shea Blvd",Culver's,"2013-07-13 00:00:00"
AZ,Phoenix,,"2402 E Camelback Rd","Pottery Barn","2013-07-09 00:00:00"
AZ,Scottsdale,,"11108 N Frank Lloyd Wright Blvd","Spinato's Pizzeria","2013-07-07 00:00:00"
AZ,Phoenix,,"401 E Jefferson St","Friday's Front Row Sports Grill","2013-07-06 00:00:00"
AZ,Phoenix,,,"The Baker's Daughter","2013-07-02 00:00:00"
AZ,Phoenix,,,"The Baker's Daughter","2013-07-01 00:00:00"
AZ,Phoenix,,"Le Napoleon, 15820 N 35th Ave","Karl's Quality Bakery","2013-07-01 00:00:00"
AZ,Phoenix,,"3855 E Thomas Rd","Ice House Tavern","2013-06-29 00:00:00"
AZ,Phoenix,,"Le Napoleon, 15820 N 35th Ave","Karl's Quality Bakery","2013-06-28 00:00:00"
AZ,Phoenix,,"5625 E Indian School Rd","The Willows Home and Garden","2013-06-26 00:00:00"
AZ,Tempe,,"680 S Mill Ave","The Handlebar Tempe","2013-06-23 00:00:00"
AZ,Scottsdale,,"7126 E Sahuaro Dr","Prestige Cleaners","2013-06-20 00:00:00"
AZ,Scottsdale,,"7126 E Sahuaro Dr","Prestige Cleaners","2013-06-19 00:00:00"
AZ,Scottsdale,,"20945 N Pima Rd, Ste 100","Diva Nails","2013-06-18 00:00:00"
AZ,Scottsdale,,"20945 N Pima Rd, Ste 100","Diva Nails","2013-06-18 00:00:00"
AZ,Scottsdale,,"16455 N Scottsdale Rd, Ste 101","Golden Spoon","2013-06-14 00:00:00"
AZ,Scottsdale,,"14202 N Scottsdale Rd, Ste 149","My Popcorn Kitchen","2013-06-14 00:00:00"
AZ,Phoenix,,"3908 E Thomas Rd",AutoZone,"2013-06-13 00:00:00"
AZ,Phoenix,,"4410 N 40th St","CMYE: Yelp's Sweet Bake-In at La Grande Orange Bake Shop","2013-06-10 00:00:00"
AZ,Phoenix,,"2401 E Camelback Rd","The Ritz-Carlton","2013-06-09 00:00:00"
AZ,Phoenix,,"4228 E Indian School Rd","The Little Woody","2013-06-04 00:00:00"
AZ,Phoenix,,"2131 E Camelback Rd","Potbelly Sandwich Shop","2013-05-31 00:00:00"
AZ,Glendale,,,"Mr Lockout","2013-05-27 00:00:00"
AZ,Scottsdale,,"7114 E Stetson Dr","Barrio Queen","2013-05-23 00:00:00"
AZ,Phoenix,,"1201 N Galvin Pkwy",Gertrude's,"2013-05-18 00:00:00"
AZ,"Cave Creek",,"6501 E Cave Creek Rd, Ste 8","Grotto Cafe","2013-05-18 00:00:00"
AZ,"Cave Creek",,"6501 E Cave Creek Rd, Ste 8","Grotto Cafe","2013-05-17 00:00:00"
AZ,Phoenix,,"1201 N Galvin Pkwy",Gertrude's,"2013-05-17 00:00:00"
AZ,Scottsdale,,"6830 E 5th Ave","The Western","2013-05-16 00:00:00"
AZ,Scottsdale,,"7339 E Paradise Ln","Motor Vehicle Division","2013-05-13 00:00:00"
AZ,Phoenix,,"3939 E Campbell Ave","Postino Arcadia","2013-05-11 00:00:00"
AZ,"Paradise Valley",,"5550 E Lincoln Dr","El Chorro","2013-05-11 00:00:00"
AZ,Phoenix,,"3103 E. Broadway Rd., Suite 400","Classic Party Rentals","2013-05-11 00:00:00"
AZ,Phoenix,,"803 N 7th St","Table Tops Etc","2013-05-09 00:00:00"
AZ,Mesa,,"1017 S Gilbert Rd, Ste 110","Sassy Chic Salon","2013-05-09 00:00:00"
AZ,Scottsdale,,"3060 N 68th St","El Original Tacos Jalisco","2013-05-07 00:00:00"
AZ,Scottsdale,,"20945 N Pima Rd, Ste 100","Diva Nails","2013-05-03 00:00:00"
AZ,Scottsdale,,"4130 N Marshall Way","The Paper Place","2013-05-02 00:00:00"
AZ,"Litchfield Park",,"300 E Wigwam Blvd","The Wigwam","2013-04-29 00:00:00"
AZ,Phoenix,,"One E Washington","Check, Please Arizona Festival","2013-04-28 00:00:00"
AZ,Scottsdale,,"6830 E 5th Ave","The Western","2013-04-27 00:00:00"
AZ,Phoenix,,"455 N Galvin Pkwy","Phoenix Zoo","2013-04-26 00:00:00"
AZ,Phoenix,,"2400 E Missouri Ave","Arizona Biltmore","2013-04-26 00:00:00"
NC,Charlotte,,"5501 Josh Birmingham Pkwy","Charlotte Douglas International Airport","2013-04-26 00:00:00"
AZ,Scottsdale,,"524 N 92nd St","Casino Arizona ","2013-04-24 00:00:00"
AZ,Phoenix,,"5200 E Camelback Rd","Royal Palms Resort and Spa, in the Unbound Collection by Hyatt","2013-04-23 00:00:00"
AZ,Scottsdale,,"8787 N Scottsdale Rd, Ste 206","Mariée Bridal","2013-04-22 00:00:00"
AZ,Scottsdale,,"8787 N Scottsdale Rd","Pei Wei","2013-04-21 00:00:00"
AZ,Phoenix,,"2208 East Magnolia St, Ste 123","Accent Transportation Services","2013-04-19 00:00:00"
NC,Charlotte,"Fourth Ward","237 N Tryon St","Dunhill Hotel","2013-04-17 00:00:00"
AZ,Phoenix,,"3160 E Camelback Rd","Central Bistro","2013-04-16 00:00:00"
AZ,Scottsdale,,"6166 N Scottsdale Rd","Dolce Salon & Spa At the Borgata","2013-04-04 00:00:00"
AZ,Phoenix,,"5200 E Camelback Rd","Royal Palms Resort and Spa, in the Unbound Collection by Hyatt","2013-04-02 00:00:00"
AZ,Scottsdale,,"7293 N Scottsdale Rd, Ste 106","Pucci Salon","2013-04-02 00:00:00"
AZ,Scottsdale,,"7293 N Scottsdale Rd, Ste 106","Pucci Salon","2013-04-02 00:00:00"
AZ,Mesa,,"1017 S Gilbert Rd, Ste 110","Sassy Chic Salon","2013-04-02 00:00:00"
AZ,Scottsdale,,"15279 N Scottsdale Rd","Pottery Barn","2013-04-02 00:00:00"
AZ,Scottsdale,,"9301 E Shea Blvd","Scottsdale Fine Jewelers","2013-03-30 00:00:00"
AZ,Scottsdale,,"6000 East Camelback Rd","The Phoenician","2013-03-30 00:00:00"
AZ,Scottsdale,,"4014 N Goldwater Blvd","Poisoned Pen A Mystery Book Store","2013-03-30 00:00:00"
AZ,Scottsdale,,"3554 N Goldwater Blvd","Seville Cleaners","2013-03-30 00:00:00"
AZ,Scottsdale,,"6953 E 5th Ave","Fifth Avenue Alterations","2013-03-30 00:00:00"
AZ,Scottsdale,,"7011 E Indian School Rd","Coach House","2013-03-30 00:00:00"
AZ,Scottsdale,,"2613 N Scottsdale Rd","D'Lite Healthy On The Go","2013-03-30 00:00:00"
AZ,Scottsdale,,"Nordstrom, 7055 E Camelback Rd","Marketplace Cafe","2013-03-30 00:00:00"
AZ,Scottsdale,,"7055 E Camelback Rd","Spa Nordstrom","2013-03-30 00:00:00"
AZ,Scottsdale,,"6934 E 1st Ave, Ste 102","Cafe Monarch","2013-03-30 00:00:00"
AZ,Scottsdale,,,"Butter & Me Bakeshop","2013-03-30 00:00:00"
AZ,Scottsdale,,"7320 E Scottsdale Mall","Old Town Tavern","2013-03-30 00:00:00"
AZ,Scottsdale,,"7062 E Indian School Rd","Tony's Shoe Repair","2013-03-30 00:00:00"
AZ,Scottsdale,,"4513 N Scottsdale Rd, Ste 118",Yogurtland,"2013-03-30 00:00:00"
AZ,Scottsdale,,"8787 N Scottsdale Rd, Ste 206","Mariée Bridal","2013-03-30 00:00:00"
AZ,Scottsdale,,"6938 E 1st St",Jam,"2013-03-30 00:00:00"
AZ,Scottsdale,,"7111 E 5th Ave, Ste E","Citizen Public House","2013-03-30 00:00:00"
AZ,Scottsdale,,"7001 N Scottsdale Rd, Ste C-142","Destiny's Bride","2013-03-30 00:00:00"
AZ,Scottsdale,,"6166 N Scottsdale Rd, Ste 701","Pomo Pizzeria Napoletana","2013-03-25 00:00:00"
AZ,Scottsdale,,"7158 E 5th Ave","Original ChopShop","2013-03-23 00:00:00"
AZ,"Paradise Valley",,"4949 E Lincoln Dr","Omni Montelucia Resort & Spa","2013-03-22 00:00:00"
AZ,Phoenix,,"4322 E Cactus Rd","Half Price Books","2013-03-14 00:00:00"
AZ,Phoenix,,"2102 E Camelback Rd","Half Price Books","2013-03-13 00:00:00"
AZ,Scottsdale,,"10574 N 90th Street","Portillo's Hot Dogs","2013-03-04 00:00:00"
AZ,Scottsdale,,"7025 E 1st Ave","Arcadia Farms Cafe","2013-03-02 00:00:00"
AZ,Phoenix,,"5999 E Van Buren St","Phoenix Municipal Stadium","2013-03-02 00:00:00"
AZ,Scottsdale,,"7137 E Rancho Vista Dr",Metropolis,"2013-02-28 00:00:00"
AZ,Scottsdale,,"7144 E Acoma Dr","Shane Co.","2013-02-20 00:00:00"
AZ,Scottsdale,,"6902 East Greenway Pkwy","The Westin Kierland Resort & Spa","2013-02-20 00:00:00"
AZ,Scottsdale,,"7575 East Princess Drive","Well & Being at Willow Stream","2013-02-20 00:00:00"
AZ,Scottsdale,,"7000 E Shea Blvd, Ste 101","Arizona Bread Company","2013-02-20 00:00:00"
AZ,Scottsdale,,"7366 E. Shea Blvd.","Pita Jungle","2013-02-20 00:00:00"
AZ,Scottsdale,,"7366 E Shea Blvd","Gelato Spot","2013-02-20 00:00:00"
AZ,Scottsdale,,"15255 N Hayden Rd",Costco,"2013-02-20 00:00:00"
AZ,Scottsdale,,"15205 N Kierland Blvd, Ste 150","Kierland Commons","2013-02-20 00:00:00"
AZ,Scottsdale,,"15215 N Kierland Blvd, Ste 190","Chloe's Corner","2013-02-20 00:00:00"
AZ,Scottsdale,,"14418 N Scottsdale Rd, Ste 181","Sauce Pizza and Wine","2013-02-20 00:00:00"
AZ,Scottsdale,,"17020 N Hayden Rd","16th Hole at The Phoenix Open","2013-02-20 00:00:00"
AZ,Scottsdale,,"17025 N Scottsdale Rd, Ste 110","Nothing Bundt Cakes","2013-02-20 00:00:00"
AZ,Scottsdale,,"8350 E Evans Rd, Ste D-5","Amenzone Fitness","2013-02-20 00:00:00"
AZ,Scottsdale,,"8787 N Scottsdale Rd, Ste 206","Mariée Bridal","2013-02-20 00:00:00"
AZ,Scottsdale,,"10749 N Scottsdale Rd, Ste 103",Yogurtology,"2013-02-20 00:00:00"
AZ,Scottsdale,,"15191 N Scottsdale Rd, Ste 100","True Food Kitchen","2013-02-20 00:00:00"
AZ,Scottsdale,,"15257 N Scottsdale Rd, Ste F-230","iPic Theaters","2013-02-20 00:00:00"
AZ,Scottsdale,,"15147 N Scottsdale Rd, Ste 102","Press Coffee","2013-02-20 00:00:00"
AZ,Scottsdale,,"15323 N Scottsdale Rd","Eddie V's Prime Seafood","2013-02-20 00:00:00"
AZ,Scottsdale,,"15169 N Scottsdale Rd, Ste 110",Sephora,"2013-02-20 00:00:00"
AZ,Scottsdale,,"7122 E Greenway Pkwy, Ste 120","Queen Creek Olive Mill Marketplace","2013-02-20 00:00:00"
AZ,Scottsdale,,"4380 N Miller Rd",PetSmart,"2013-02-18 00:00:00"
AZ,Scottsdale,,"7301 E Indian Bend Rd","McCormick-Stillman Railroad Park","2013-02-17 00:00:00"
AZ,Scottsdale,,"6113 N Scottsdale Rd","Houston's Restaurant","2013-02-17 00:00:00"
AZ,Scottsdale,,"5001 N Scottsdale Rd","Embassy Suites by Hilton Scottsdale Resort","2013-02-17 00:00:00"
AZ,Scottsdale,,"7501 E Camelback Rd","Don & Charlie's","2013-02-17 00:00:00"
AZ,Scottsdale,,"5401 N Hayden Rd","Chaparral Off Leash Area","2013-02-17 00:00:00"
AZ,Phoenix,,"555 N Central Ave, Ste 500","KAET - Eight Arizona PBS","2013-02-17 00:00:00"
AZ,Scottsdale,,"4925 N Scottsdale Rd","Firesky Resort & Spa","2013-02-17 00:00:00"
AZ,Scottsdale,,"6991 E Camelback Rd","Mastro's City Hall","2013-02-17 00:00:00"
AZ,Scottsdale,,"6934 E 1st Ave, Ste 102","Cafe Monarch","2013-02-17 00:00:00"
AZ,Scottsdale,,"7120 E Indian School Rd, Ste H","teres : A Nail Bar","2013-02-17 00:00:00"
AZ,Scottsdale,,"6900 E Camelback Rd",Searsucker,"2013-02-17 00:00:00"
AZ,Scottsdale,,"7158 E 5th Ave","Original ChopShop","2013-02-17 00:00:00"
AZ,Scottsdale,,"3370 N Hayden Rd","The Blind Pig","2013-02-17 00:00:00"
AZ,Scottsdale,,"7001 N Scottsdale Rd, Ste 171","Wildflower Bread Company","2013-02-07 00:00:00"
AZ,Scottsdale,,"3370 N Hayden Rd","The Blind Pig","2013-02-04 00:00:00"
AZ,Phoenix,,"5210 N Central Ave","Federal Pizza","2013-02-02 00:00:00"
AZ,Phoenix,,"1670 E Camelback Rd","Total Wine & More","2013-02-01 00:00:00"
AZ,Phoenix,,"5210 N Central Ave","Tammie Coe Cakes","2013-01-31 00:00:00"
AZ,Scottsdale,,"15257 N Scottsdale Rd, Ste F-230","The Bar at iPic Theaters","2013-01-29 00:00:00"
AZ,Tempe,,"414 S Mill Ave, Ste 119","Candy Addict","2013-01-28 00:00:00"
AZ,Scottsdale,,"7122 E Greenway Pkwy, Ste 120","Queen Creek Olive Mill Marketplace","2013-01-26 00:00:00"
AZ,Scottsdale,,"7122 E Greenway Pkwy, Ste 120","Queen Creek Olive Mill Marketplace","2013-01-25 00:00:00"
AZ,Scottsdale,,"15257 N Scottsdale Rd, Ste F-230","iPic Theaters","2013-01-24 00:00:00"
AZ,Phoenix,,"18550 N Scottsdale Rd","Container Store","2013-01-23 00:00:00"
AZ,Scottsdale,,"16601 N Pima Rd","Westworld of Scottsdale","2013-01-21 00:00:00"
AZ,Scottsdale,,"7120 E Becker Ln","Il Bosco Pizza","2013-01-19 00:00:00"
AZ,Scottsdale,,"7170 E Stetson Dr","Kyoto Scottsdale","2013-01-19 00:00:00"
AZ,Scottsdale,,"16495 N Scottsdale Rd, Ste 5A-2","Men's Wearhouse","2013-01-18 00:00:00"
AZ,Phoenix,,"50 W Jefferson St, Fl 2","Copper Blues Rock Pub & Kitchen - Phoenix","2013-01-14 00:00:00"
AZ,Phoenix,,"3939 E Campbell Ave","Postino Arcadia","2013-01-12 00:00:00"
AZ,Chandler,,"1986 N Alma School Rd","Sweeties Candy of Arizona","2013-01-12 00:00:00"
AZ,Phoenix,,"50 W Jefferson St, Fl 2","Copper Blues Rock Pub & Kitchen - Phoenix","2013-01-11 00:00:00"
AZ,Scottsdale,,"7120 E Becker Ln","Il Bosco Pizza","2013-01-10 00:00:00"
AZ,Scottsdale,,"6000 E Camelback Rd","Relish Burger Bistro","2013-01-10 00:00:00"
AZ,Scottsdale,,"8880 E Via Linda, Ste 104","Vermont Sandwich Co","2013-01-09 00:00:00"
AZ,Scottsdale,,"2122 N Scottsdale Rd","Frasher's Steak House & Lounge","2013-01-08 00:00:00"
AZ,Scottsdale,,"7000 E Shea Blvd, Ste 101","Arizona Bread Company","2013-01-08 00:00:00"
AZ,Scottsdale,,"7000 E Shea Blvd, Ste 101","Arizona Bread Company","2013-01-07 00:00:00"
AZ,Scottsdale,,"2765 N Scottsdale Rd","H&R Block","2013-01-06 00:00:00"
AZ,Phoenix,,,Uber,"2013-01-03 00:00:00"
AZ,Scottsdale,,"7137 E Stetson Dr","Lee's Cream Liqueur","2012-12-30 00:00:00"
AZ,Scottsdale,,"10749 N Scottsdale Rd","Sweet Basil Gourmetware & Cooking School","2012-12-22 00:00:00"
AZ,Scottsdale,,"6900 E Camelback Rd",Searsucker,"2012-12-19 00:00:00"
AZ,Scottsdale,,"20707 N Pima Rd, Ste 140-145, DC Ranch","The Herb Box","2012-12-18 00:00:00"
AZ,Scottsdale,,"18221 N Pima Rd, Ste 120","Luster Nail & Spa","2012-12-17 00:00:00"
AZ,Scottsdale,,"7001 N Scottsdale Rd, Ste 171","Wildflower Bread Company","2012-12-16 00:00:00"
AZ,Phoenix,,"7000 E Mayo Blvd, Ste 1084","Tea Light Cafe","2012-12-13 00:00:00"
AZ,Phoenix,,"3217 E Camelback Rd","Van's Golf Shops","2012-12-12 00:00:00"
AZ,Phoenix,,"1201 N Galvin Pkwy","Las Noches de Las Luminarias","2012-12-11 00:00:00"
AZ,Phoenix,,"75 N 2nd St","Symphony Hall","2012-12-10 00:00:00"
AZ,Phoenix,,"2601 W Dunlap Ave, Ste 21","Record Room","2012-12-07 00:00:00"
AZ,Scottsdale,,"7144 E 1st Ave","Fashion By Robert Black","2012-12-06 00:00:00"
AZ,Phoenix,,"3205 E Camelback Rd","Sportsman's Fine Wines & Spirits","2012-12-05 00:00:00"
AZ,Phoenix,,"1437 N 1st St, Ste 103","Bunky Boutique","2012-12-04 00:00:00"
AZ,Phoenix,,"1437 N 1st St","Giant Coffee","2012-12-03 00:00:00"
AZ,Phoenix,,"2325 N 7th St","Wy-Knot Cafe","2012-11-22 00:00:00"
AZ,Phoenix,,"2502 E Camelback Rd, Ste 119","Paradise Bakery & Cafe","2012-11-20 00:00:00"
AZ,Phoenix,,"2502 E Camelback Rd, Ste 166","Citrine Natural Beauty Bar","2012-11-20 00:00:00"
AZ,Scottsdale,,"6900 E Camelback Rd",Searsucker,"2012-11-19 00:00:00"
AZ,Scottsdale,,"7117 E 6th Ave","Kelly's At Southbridge","2012-11-19 00:00:00"
AZ,Phoenix,,"1521 W Dobbins Rd","Arizona Humane Society","2012-11-18 00:00:00"
AZ,Scottsdale,,"6316 N Scottsdale Rd","Davanti Enoteca","2012-11-15 00:00:00"
AZ,Scottsdale,,"8823 E Chaparral Rd","Stayshons Chevron","2012-11-14 00:00:00"
AZ,Phoenix,,"4700 N Central Ave",Twirl,"2012-11-14 00:00:00"
AZ,Scottsdale,,"7301 E Indian Bend Rd","McCormick-Stillman Railroad Park","2012-11-12 00:00:00"
AZ,Phoenix,,"2502 E Camelback Rd","UNION Biltmore","2012-11-12 00:00:00"
AZ,Scottsdale,,"6850 E Main St","Cupcake Love-In","2012-11-11 00:00:00"
AZ,Phoenix,,"2502 E Camelback Rd","Biltmore Fashion Park","2012-11-08 00:00:00"
AZ,Phoenix,,"7000 E Mayo Blvd, Ste 1082","All About Nails & Spa","2012-11-06 00:00:00"
AZ,Tempe,,"1021 W University Dr","Harlow's Cafe","2012-11-05 00:00:00"
AZ,Phoenix,,"75 N 2nd St","Symphony Hall","2012-11-05 00:00:00"
AZ,Phoenix,,"2325 N 7th St","Wy-Knot Cafe","2012-11-05 00:00:00"
AZ,Phoenix,,"7000 E Mayo Blvd, Ste 1082","All About Nails & Spa","2012-11-05 00:00:00"
AZ,Scottsdale,,"9301 E Shea Blvd","Scottsdale Fine Jewelers","2012-11-05 00:00:00"
AZ,Tempe,,"1021 W University Dr","Harlow's Cafe","2012-11-03 00:00:00"
AZ,Scottsdale,,"7388 E Shea Blvd","Butterfield's Pancake House","2012-11-03 00:00:00"
AZ,Phoenix,,"7000 E Mayo Blvd, Ste 1082","All About Nails & Spa","2012-11-03 00:00:00"
AZ,Scottsdale,,"7388 E Shea Blvd","Butterfield's Pancake House","2012-11-03 00:00:00"
AZ,Scottsdale,,,"Butter & Me Bakeshop","2012-11-02 00:00:00"
AZ,Phoenix,,"4410 N 40th St","Tammie Coe Cakes & MJ Bread","2012-10-27 00:00:00"
AZ,Tempe,,,"Doctor  Hummus","2012-10-25 00:00:00"
NV,"Las Vegas","The Strip","3950 S Las Vegas Blvd","Mandalay Bay Resort & Casino","2012-10-23 00:00:00"
NV,"Las Vegas",Southeast,"7700 Las Vegas Blvd S, Ste 1","The Bootlegger Italian Bistro","2012-10-23 00:00:00"
AZ,Mesa,,"3129 E McKellips Rd","Rancho De Tia Rosa","2012-10-22 00:00:00"
AZ,Scottsdale,,"6204 N Scottsdale Rd, Ste 103",U-Swirl,"2012-10-19 00:00:00"
AZ,Phoenix,,"3400 E Sky Harbor Blvd","La Grande Orange","2012-10-19 00:00:00"
AZ,Phoenix,,"3400 E Sky Harbor Blvd","La Grande Orange","2012-10-17 00:00:00"
AZ,Tempe,,"1201 N Galvin Pkwy","Desert Botanical Garden","2012-10-16 00:00:00"
AZ,Scottsdale,,"7228 E 1st Ave","Cien Agaves Tacos & Tequila","2012-10-13 00:00:00"
AZ,Scottsdale,,"7120 E Indian School Rd, Ste H","teres : A Nail Bar","2012-10-13 00:00:00"
AZ,Scottsdale,,"7141 E Lincoln Dr","AJ's Fine Foods","2012-10-11 00:00:00"
AZ,"Paradise Valley",,"5700 E McDonald Dr","Sanctuary Camelback Mountain Resort","2012-10-11 00:00:00"
AZ,"Paradise Valley",,"5700 E McDonald Dr","Sanctuary Camelback Mountain Resort","2012-10-11 00:00:00"
AZ,Scottsdale,,"2613 N Scottsdale Rd","D'Lite Healthy On The Go","2012-10-11 00:00:00"
AZ,Scottsdale,,"8035 E Indian School Rd",Bashas',"2012-10-11 00:00:00"
AZ,Scottsdale,,"6107 N Scottsdale Rd, Ste C108","Yuri's Popcorn & More","2012-10-11 00:00:00"
AZ,Scottsdale,,"7051 E 5th Ave","5th and Wine","2012-10-09 00:00:00"
AZ,Scottsdale,,"7135 E Camelback Rd, Ste 165","Zoës Kitchen","2012-10-09 00:00:00"
AZ,Phoenix,,"2502 E Camelback Rd, Ste 127",Zinburger,"2012-10-06 00:00:00"
AZ,Scottsdale,,"6936 E Main St","The House Brasserie","2012-10-05 00:00:00"
AZ,Scottsdale,,"7373 E Scottsdale Mall, Ste 6","Orange Table","2012-10-04 00:00:00"
AZ,Scottsdale,,"6938 E 1st St",Jam,"2012-10-04 00:00:00"
AZ,Scottsdale,,"8390 E Via De Ventura, Ste F-108","Butters Pancakes & Café","2012-10-04 00:00:00"
AZ,Scottsdale,,"6936 E Main St","The House Brasserie","2012-10-04 00:00:00"
AZ,Scottsdale,,"4013 N Brown Ave","The Grapevine","2012-10-02 00:00:00"
AZ,Phoenix,,"2501 E Baseline Rd","The House at Secret Garden","2012-10-02 00:00:00"
AZ,Scottsdale,,"15222 N Kierland Blvd","Schaffer's Bridal and Formal","2012-09-29 00:00:00"
AZ,Scottsdale,,"15222 N Kierland Blvd","Schaffer's Bridal and Formal","2012-09-28 00:00:00"
AZ,Phoenix,,"4041 N 40th St","The Vig","2012-09-28 00:00:00"
AZ,Scottsdale,,"7001 N Scottsdale Rd, Ste C-142","Destiny's Bride","2012-09-26 00:00:00"
AZ,Scottsdale,,"34505 N Scottsdale Rd","Spotted Donkey Cantina, el Pedregal","2012-09-25 00:00:00"
AZ,Tempe,,"51 E 10th St","ASU Art Museum","2012-09-24 00:00:00"
AZ,Scottsdale,,"7501 E Camelback Rd","Don & Charlie's","2012-09-22 00:00:00"
AZ,Scottsdale,,"15301 N Scottsdale Rd","Brio Tuscan Grille","2012-09-22 00:00:00"
AZ,Scottsdale,,"7001 N Scottsdale Rd, Ste 171","Wildflower Bread Company","2012-09-20 00:00:00"
AZ,Scottsdale,,"7055 E Camelback Rd",Nordstrom,"2012-09-17 00:00:00"
AZ,Phoenix,,"602 E Greenway Pkwy",Wendy's,"2012-09-13 00:00:00"
AZ,Scottsdale,,"7125 E 5th Ave, Ste 31",Baratin,"2012-09-13 00:00:00"
AZ,Phoenix,,"214 E Roosevelt St",Monorchid,"2012-09-06 00:00:00"
AZ,Phoenix,,"214 E Roosevelt St","Songbird Coffee & Tea House","2012-09-04 00:00:00"
AZ,Scottsdale,,"7042 E Indian School Rd","Eddie's House","2012-08-31 00:00:00"
AZ,Scottsdale,,"10600 East Crescent Moon Dr","Four Seasons Resort Scottsdale at Troon North","2012-08-28 00:00:00"
AZ,Scottsdale,,"10600 East Crescent Moon Dr","Four Seasons Resort Scottsdale at Troon North","2012-08-25 00:00:00"
AZ,Scottsdale,,"8035 E Indian School Rd",Bashas',"2012-08-17 00:00:00"
AZ,Phoenix,,"111 E Camelback Rd","St. Francis Restaurant","2012-08-16 00:00:00"
AZ,Scottsdale,,"7120 E Indian School Rd, Ste H","teres : A Nail Bar","2012-08-14 00:00:00"
AZ,Scottsdale,,"3622 N Scottsdale Rd","Brat Haus","2012-08-13 00:00:00"
AZ,Scottsdale,,"3915 N Scottsdale Rd","Italian Grotto","2012-08-11 00:00:00"
AZ,Scottsdale,,"15279 N Scottsdale Rd","Scottsdale Quarter","2012-08-09 00:00:00"
AZ,Scottsdale,,"15323 N Scottsdale Rd, Ste 195","SOL Mexican Cocina","2012-08-07 00:00:00"
AZ,Scottsdale,,"6000 E Camelback Rd","J & G Steakhouse","2012-08-06 00:00:00"
AZ,Scottsdale,,"7551 E Camelback Rd","Zipp's Sports Grill","2012-08-05 00:00:00"
AZ,Scottsdale,,"6166 N Scottsdale Rd","Dolce Salon & Spa At the Borgata","2012-08-05 00:00:00"
AZ,Scottsdale,,"6000 E Camelback Rd","The Phoenician Golf Club","2012-08-03 00:00:00"
AZ,Tempe,,"51 E 10th St","ASU Art Museum","2012-08-01 00:00:00"
AZ,Scottsdale,,"7135 E Camelback Rd, Ste 195","Olive & Ivy","2012-07-30 00:00:00"
AZ,Phoenix,,"3400 E Sky Harbor Blvd","Sauce Pizza & Wine","2012-07-22 00:00:00"
AZ,Phoenix,,"3400 E Sky Harbor Blvd","Sauce Pizza & Wine","2012-07-22 00:00:00"
AZ,Phoenix,,"3400 E Sky Harbor Blvd","Sauce Pizza & Wine","2012-07-22 00:00:00"
AZ,Scottsdale,,"15323 N Scottsdale Rd, Ste 103","Paper Source","2012-07-17 00:00:00"
AZ,Scottsdale,,"8390 E Via De Ventura, Ste F-108","Butters Pancakes & Café","2012-07-13 00:00:00"
AZ,Scottsdale,,"8320 N Hayden Rd, Ste 100","Buster's On the Lake","2012-07-10 00:00:00"
AZ,Scottsdale,,"6000 E Camelback Rd","J & G Steakhouse","2012-07-09 00:00:00"
AZ,Scottsdale,,"5700 E McDonald Dr","Sanctuary Spa","2012-07-09 00:00:00"
AZ,Scottsdale,,"15147 N Scottsdale Rd, Ste 180","Nike Brand","2012-07-07 00:00:00"
AZ,Scottsdale,,"27375 N Alma School Pkwy","Greasewood Flat","2012-07-06 00:00:00"
AZ,Phoenix,,"4730 E Indian School Rd, Ste 120","Black Cat Coffee House","2012-07-03 00:00:00"
AZ,Phoenix,,"4730 E Indian School Rd, Ste 113","Rita's Italian Ice","2012-07-02 00:00:00"
AZ,Scottsdale,,"15027 N Thompson Peak Pkwy",Flo's,"2012-06-30 00:00:00"
AZ,Scottsdale,,"15515 N Hayden Rd","Studio Movie Grill","2012-06-23 00:00:00"
AZ,Scottsdale,,"15740 N Pima Rd","Party City","2012-06-22 00:00:00"
AZ,Scottsdale,,"15544 N Pima Rd","Los Olivos Norte","2012-06-21 00:00:00"
AZ,Phoenix,,"2 E Jefferson St","Lustre Bar","2012-06-20 00:00:00"
AZ,Phoenix,,"24 N 2nd St","Majerle's Sports Grill","2012-06-19 00:00:00"
AZ,Phoenix,,"600 E Washington St","Arizona Science Center","2012-06-16 00:00:00"
AZ,Scottsdale,,"20511 N Hayden Rd","Ocean Spa and Nails","2012-06-16 00:00:00"
AZ,Phoenix,,"623 E Adams St","Pizzeria Bianco","2012-06-15 00:00:00"
AZ,Scottsdale,,"15257 N Scottsdale Rd, Ste 160, Bldg F","Make Meaning","2012-06-13 00:00:00"
AZ,Phoenix,,"3953 E Camelback Rd","Baskin-Robbins 31 Ice Cream Stores","2012-06-12 00:00:00"
AZ,Scottsdale,,"2613 N Scottsdale Rd","D'Lite Healthy On The Go","2012-06-11 00:00:00"
AZ,Phoenix,,"4404 N Central Ave","Pane Bianco","2012-06-05 00:00:00"
AZ,Scottsdale,,"10438 North Fort McDowell Rd","We-Ko-Pa Resort and Conference Center","2012-06-04 00:00:00"
AZ,Phoenix,,"721 N Central Ave","Food Truck Friday","2012-06-02 00:00:00"
AZ,Phoenix,,"110 E Roosevelt St","Short Leash Hot Dogs Food Truck","2012-06-01 00:00:00"
AZ,Phoenix,,"20235 N Cave Creek Rd, Ste 111","Upper Crust Pizza Patio & Wine Bar","2012-05-31 00:00:00"
AZ,Scottsdale,,"9393 N 90th St, Ste 122","Ajo Al's","2012-05-26 00:00:00"
AZ,Phoenix,,"3400 E Sky Harbor Blvd","Sauce Pizza & Wine","2012-05-23 00:00:00"
AZ,Scottsdale,,"4000 N Drinkwater Blvd",Distrito,"2012-05-20 00:00:00"
AZ,Chandler,,"58 S San Marcos Pl","Irish Republic","2012-05-19 00:00:00"
AZ,Chandler,,"96 W Boston St, Ste 100","Paletas Betty","2012-05-19 00:00:00"
AZ,Phoenix,,"215 N 7th St","Children's Museum of Phoenix","2012-05-17 00:00:00"
AZ,Scottsdale,,"5402 East Lincoln Dr","Rita's Kitchen & R Bar","2012-05-14 00:00:00"
AZ,Scottsdale,,"7551 E Camelback Rd","Zipp's Sports Grill","2012-05-13 00:00:00"
AZ,Phoenix,,"10 W Vernon Ave","Shine Coffee","2012-05-11 00:00:00"
AZ,Phoenix,,"7330 N Dreamy Draw Dr","Aunt Chiladas Squaw Peak","2012-05-10 00:00:00"
AZ,Scottsdale,,"7145 E Indian School Rd","Paradise Bakery & Cafe","2012-05-09 00:00:00"
AZ,Tempe,,"1230 W Southern Ave","Andrews Party Rental","2012-05-08 00:00:00"
AZ,Phoenix,,"34640 N Valley Pkwy","Hot Bagels and Deli","2012-05-07 00:00:00"
AZ,Phoenix,,"15414 N 19th Ave","Good Fellas Grill","2012-05-05 00:00:00"
AZ,Phoenix,,"2440 W Lincoln St","Ice Now","2012-05-04 00:00:00"
AZ,Phoenix,,"24 N 2nd St","Majerle's Sports Grill","2012-04-30 00:00:00"
AZ,Phoenix,,"201 E Jefferson St","Talking Stick Resort Arena","2012-04-30 00:00:00"
AZ,Scottsdale,,"7301 E Indian Bend Rd","McCormick-Stillman Railroad Park","2012-04-30 00:00:00"
AZ,Scottsdale,,"6929 N Hayden Rd, Ste C2","Goldmans Deli","2012-04-30 00:00:00"
AZ,Scottsdale,,"8418 E McDonald Dr","Chizona's Pizza","2012-04-30 00:00:00"
AZ,Scottsdale,,"7904 E Chaparral Rd","Randy's Restaurant & Ice Cream","2012-04-30 00:00:00"
AZ,Scottsdale,,"9027 E Via Linda","Brunswick Zone Via Linda Lanes","2012-04-30 00:00:00"
AZ,Scottsdale,,"7500 E Doubletree Ranch Rd","Hyatt Regency Scottsdale Resort & Spa at Gainey Ranch","2012-04-30 00:00:00"
AZ,Phoenix,,"18 W Monroe St","Seamus McCaffrey's","2012-04-30 00:00:00"
AZ,Scottsdale,,"7408 E Osborn Rd","Scottsdale Stadium","2012-04-30 00:00:00"
AZ,Scottsdale,,"7245 E Main St","Rusty Spur Saloon","2012-04-30 00:00:00"
AZ,Scottsdale,,"6910 E Main St","Old Town Tortilla Factory","2012-04-30 00:00:00"
AZ,Scottsdale,,"6952 E Main St",Grazie,"2012-04-30 00:00:00"
AZ,Scottsdale,,"3636 N Scottsdale Rd","Salty Señorita","2012-04-30 00:00:00"
AZ,Scottsdale,,"3828 N Scottsdale Rd","Buca di Beppo","2012-04-30 00:00:00"
AZ,Scottsdale,,"3313 N Hayden Rd","Carlsbad Tavern","2012-04-30 00:00:00"
AZ,Scottsdale,,"7011 E Indian School Rd","Coach House","2012-04-30 00:00:00"
AZ,Scottsdale,,"4121 N Marshall Way","Frank & Lupe's Old Mexico","2012-04-30 00:00:00"
AZ,Scottsdale,,"3915 N Scottsdale Rd","Italian Grotto","2012-04-30 00:00:00"
AZ,Scottsdale,,"5402 E Lincoln Dr","JW Marriott Scottsdale Camelback Inn Resort & Spa","2012-04-30 00:00:00"
AZ,Scottsdale,,"2334 N Scottsdale Rd, Ste A133","Defalco's Italian Grocery","2012-04-30 00:00:00"
AZ,Scottsdale,,"7353 E Scottsdale Mall",AZ88,"2012-04-30 00:00:00"
AZ,Scottsdale,,"4360 N Scottsdale Rd","Bungalow Bar & Grill","2012-04-30 00:00:00"
AZ,Phoenix,,"122 N Second St","Compass Arizona Grill","2012-04-30 00:00:00"
AZ,Scottsdale,,"3238 N Scottsdale Rd","US Egg","2012-04-30 00:00:00"
AZ,Scottsdale,,"2613 N Scottsdale Rd","D'Lite Healthy On The Go","2012-04-30 00:00:00"
AZ,Scottsdale,,"8880 E Via Linda, Ste 104","Vermont Sandwich Co","2012-04-30 00:00:00"
AZ,Scottsdale,,"7135 E Camelback Rd","Urban Outfitters","2012-04-30 00:00:00"
AZ,Scottsdale,,"8880 E Via Linda","Andreoli Italian Grocer","2012-04-30 00:00:00"
AZ,Scottsdale,,"7014 E Camelback Rd, Ste 1023","Grand Lux Cafe","2012-04-30 00:00:00"
AZ,Scottsdale,,"7299 N Scottsdale Rd","Roka Akor - Scottsdale","2012-04-30 00:00:00"
AZ,Scottsdale,,"6991 E Camelback Rd","Mastro's City Hall","2012-04-30 00:00:00"
AZ,Scottsdale,,"4321 N Scottsdale Rd","Saddle Ranch Chop House","2012-04-30 00:00:00"
AZ,Scottsdale,,"7620 E Indian School Rd","Scratch Pastries & Bistro","2012-04-30 00:00:00"
AZ,Scottsdale,,"W Scottsdale, 7277 E Camelback Rd","Sushi Roku","2012-04-30 00:00:00"
AZ,Scottsdale,,"5402 E Lincoln Dr","BLT Steak, Scottsdale","2012-04-30 00:00:00"
AZ,Phoenix,,"111 W Monroe St, Ste 130",zpizza,"2012-04-30 00:00:00"
AZ,Scottsdale,,"4949 E Lincoln Dr","The Joya Spa","2012-04-30 00:00:00"
AZ,Scottsdale,,"7212 E Main St","David's Hamburgers","2012-04-30 00:00:00"
AZ,Scottsdale,,"2765 N Scottsdale Rd","Lo-Lo's Chicken & Waffles","2012-04-30 00:00:00"
AZ,Scottsdale,,"4513 N Scottsdale Rd, Ste 108","Chipotle Mexican Grill","2012-04-30 00:00:00"
AZ,Scottsdale,,"7014 E. Camelback Rd.","Pita Jungle","2012-04-30 00:00:00"
AZ,"Paradise Valley",,"6204 N Scottsdale Rd, Ste 106","Tottie's Asian Fusion 2","2012-04-30 00:00:00"
AZ,Scottsdale,,"7240 E Main St, Ste C","The Cider Mill","2012-04-30 00:00:00"
AZ,Scottsdale,,"6166 N Scottsdale Rd, Ste 701","Pomo Pizzeria Napoletana","2012-04-30 00:00:00"
AZ,Scottsdale,,"9800 E Talking Stick Way","Wandering Horse Buffet","2012-04-30 00:00:00"
AZ,Scottsdale,,"9800 E Talking Stick Way","Orange Sky","2012-04-30 00:00:00"
AZ,Scottsdale,,"7014-590 E Camelback Rd","Five Guys","2012-04-30 00:00:00"
AZ,Scottsdale,,"Village At Hayden, 8220 N Hayden Rd, Ste C111","Spotted Donkey Cantina","2012-04-30 00:00:00"
AZ,Scottsdale,,"7111 E 5th Ave, Ste E","Citizen Public House","2012-04-30 00:00:00"
AZ,Phoenix,,"2 E Jefferson St, Ste 150","The Arrogant Butcher","2012-04-30 00:00:00"
AZ,Scottsdale,,"8390 E Via De Ventura, Ste F-108","Butters Pancakes & Café","2012-04-30 00:00:00"
AZ,Scottsdale,,"7025 E 1st Ave","Arcadia Farms Cafe","2012-04-30 00:00:00"
AZ,Phoenix,,"50 W Jefferson St, Fl 2","Copper Blues Rock Pub & Kitchen - Phoenix","2012-04-30 00:00:00"
AZ,Phoenix,,"50 W Jefferson St, Ste 100","Oakville Grocery","2012-04-30 00:00:00"
AZ,Phoenix,,"308 N 2nd Ave","Crescent Ballroom","2012-04-30 00:00:00"
AZ,Scottsdale,,"4165 N Craftsman Ct","The Brush Bar","2012-04-30 00:00:00"
AZ,Scottsdale,,"15609 N Hayden Rd","Hi-Health Supermart - Hayden & Frank Lloyd Wright","2012-04-29 00:00:00"
AZ,Scottsdale,,"6333 N Scottsdale Rd","Fleming's Prime Steakhouse & Wine Bar","2012-04-29 00:00:00"
AZ,Scottsdale,,"6113 N Scottsdale Rd","Houston's Restaurant","2012-04-29 00:00:00"
AZ,Scottsdale,,"5401 N Hayden Rd","Chaparral Park","2012-04-29 00:00:00"
AZ,Scottsdale,,"6333 N Scottsdale Rd","Hilton Scottsdale Resort & Villas","2012-04-29 00:00:00"
AZ,Scottsdale,,"5001 N Scottsdale Rd","Embassy Suites by Hilton Scottsdale Resort","2012-04-29 00:00:00"
AZ,Scottsdale,,"4400 N Scottsdale Rd","Breakfast Club- Scottsdale","2012-04-29 00:00:00"
AZ,Scottsdale,,"4209 N Craftsman Ct","Dos Gringos","2012-04-29 00:00:00"
AZ,Scottsdale,,"7373 E Scottsdale Mall, Ste 6","Orange Table","2012-04-29 00:00:00"
AZ,Scottsdale,,"7014 E Camelback Rd, Fashion Square Mall","Kona Grill","2012-04-29 00:00:00"
AZ,Scottsdale,,"4251 N Winfield Scott Plz",Giligins,"2012-04-29 00:00:00"
AZ,Scottsdale,,"7014 E Camelback Rd",Sephora,"2012-04-29 00:00:00"
AZ,Scottsdale,,"7325 East 3rd Ave","Scottsdale Marriott Suites Old Town","2012-04-29 00:00:00"
AZ,Scottsdale,,"7247 E Main St","Bischoff's Shades of the West","2012-04-29 00:00:00"
AZ,Scottsdale,,"3933 N Brown Ave","Mexican Imports","2012-04-29 00:00:00"
AZ,Scottsdale,,"4005 N Scottsdale Rd","Sugar Bowl","2012-04-29 00:00:00"
AZ,Scottsdale,,"7328 E 2nd St","Los Olivos","2012-04-29 00:00:00"
AZ,Scottsdale,,"7137 E Stetson Dr","Kazimierz World Wine Bar","2012-04-29 00:00:00"
AZ,Scottsdale,,"7055 E Camelback Rd",Nordstrom,"2012-04-29 00:00:00"
AZ,Scottsdale,,"7014 E Camelback Rd, Scottsdale Fashion Square","See's Candies","2012-04-29 00:00:00"
AZ,Scottsdale,,"4800 N Scottsdale Rd, Ste 1700","Roaring Fork","2012-04-29 00:00:00"
AZ,Scottsdale,,"3554 N Goldwater Blvd","Seville Cleaners","2012-04-29 00:00:00"
AZ,Scottsdale,,"7135 E Camelback Rd, Ste 101","P.F. Chang's","2012-04-29 00:00:00"
AZ,Scottsdale,,"7295 E Stetson Dr","Martini Ranch","2012-04-29 00:00:00"
AZ,Scottsdale,,"6953 E 5th Ave","Fifth Avenue Alterations","2012-04-29 00:00:00"
AZ,Scottsdale,,"7551 E Camelback Rd","Zipp's Sports Grill","2012-04-29 00:00:00"
AZ,Scottsdale,,"7501 E Camelback Rd","Don & Charlie's","2012-04-29 00:00:00"
AZ,Scottsdale,,"7014 E Camelback Rd, Ste 1092","Godiva Chocolatier","2012-04-29 00:00:00"
AZ,Scottsdale,,"8100 E Camelback Rd, Ste 1001","Le Cordon Bleu","2012-04-29 00:00:00"
AZ,Scottsdale,,"3815 N Scottsdale Rd","RA Sushi Bar Restaurant","2012-04-29 00:00:00"
AZ,Scottsdale,,"7170 E Stetson Dr","Kyoto Scottsdale","2012-04-29 00:00:00"
AZ,Scottsdale,,"4000 N Scottsdale Rd, Ste 105","Grimaldi's Pizzeria","2012-04-29 00:00:00"
AZ,Scottsdale,,"4215 N Winfield Scott Plz",Alphagraphics,"2012-04-29 00:00:00"
AZ,Scottsdale,,"4013 N Brown Ave","The Grapevine","2012-04-29 00:00:00"
AZ,Scottsdale,,"3821 N Scottsdale Rd",Bandera,"2012-04-29 00:00:00"
AZ,Scottsdale,,"6204 N Scottsdale Rd","My Sister's Closet","2012-04-29 00:00:00"
AZ,"Paradise Valley",,"6909 E Lincoln Dr","Applewood Pet Resort","2012-04-29 00:00:00"
AZ,Scottsdale,,"6208 N Scottsdale Rd","My Sister's Attic","2012-04-29 00:00:00"
AZ,Scottsdale,,"6202 N Scottsdale Rd","Trader Joe's","2012-04-29 00:00:00"
AZ,"Cave Creek",,"6823 E Cave Creek Rd","Buffalo Chip Saloon & Steakhouse","2012-04-29 00:00:00"
AZ,Scottsdale,,"15205 North Kierland Boulevard, 100","Tommy Bahama Restaurant | Bar | Store - Scottsdale","2012-04-29 00:00:00"
AZ,Scottsdale,,"3102 N Scottsdale Rd","Oregano's Pizza Bistro","2012-04-29 00:00:00"
AZ,Scottsdale,,"7014 E Camelback Rd","Build-A-Bear Workshop","2012-04-29 00:00:00"
AZ,"Cave Creek",,"6248 E Cave Creek Rd","El Encanto","2012-04-29 00:00:00"
AZ,Scottsdale,,"7001 E Highland Ave","Harkins Camelview 5","2012-04-29 00:00:00"
AZ,Scottsdale,,"7135 E Camelback Rd, Ste 160","Sauce Pizza and Wine","2012-04-29 00:00:00"
AZ,Scottsdale,,"7135 E Camelback Rd, Ste 130","Wildfish Seafood Grille","2012-04-29 00:00:00"
AZ,Scottsdale,,"7135 E Camelback Rd, Ste 195","Olive & Ivy","2012-04-29 00:00:00"
AZ,Scottsdale,,"4225 N Craftsman Ct","Philadelphia Sandwich Company","2012-04-29 00:00:00"
AZ,Phoenix,,"10 W Camelback Rd",Frances,"2012-04-29 00:00:00"
AZ,Scottsdale,,"4224 N Craftsman Ct","Blitz Sports Bar & Grill","2012-04-29 00:00:00"
AZ,"Cave Creek",,"6033 E Cave Creek Rd","Cave Creek Coffee Company","2012-04-29 00:00:00"
AZ,Scottsdale,,"5401 N Hayden Rd","Chaparral Off Leash Area","2012-04-29 00:00:00"
AZ,Scottsdale,,,"Old Town Scottsdale","2012-04-29 00:00:00"
AZ,Scottsdale,,"4166 N Scottsdale Rd","The Gelato Spot","2012-04-29 00:00:00"
AZ,Scottsdale,,"7014 E Camelback Rd",Anthropologie,"2012-04-29 00:00:00"
AZ,Scottsdale,,"7014 E Camelback Rd","Sur La Table","2012-04-29 00:00:00"
AZ,Scottsdale,,"7014 East Camelback Rd, Space  1081","MAC Cosmetics","2012-04-29 00:00:00"
AZ,Scottsdale,,"7014 E Camelback Rd","Paradise Bakery","2012-04-29 00:00:00"
AZ,Scottsdale,,"7150 E Camelback Rd","Scottsdale Waterfront","2012-04-29 00:00:00"
AZ,Scottsdale,,"7014 E Camelback Rd","kate spade new york","2012-04-29 00:00:00"
AZ,Scottsdale,,"3014 N Scottsdale Rd",Wendy's,"2012-04-29 00:00:00"
AZ,Scottsdale,,"4700 N Scottsdale Rd","Coco's Family Restaurant","2012-04-29 00:00:00"
AZ,Scottsdale,,"4925 N Scottsdale Rd","Firesky Resort & Spa","2012-04-29 00:00:00"
AZ,Phoenix,,"2502 E Camelback Rd, Ste 148d","Paris Envy","2012-04-29 00:00:00"
AZ,Scottsdale,,"Nordstrom, 7055 E Camelback Rd","Marketplace Cafe","2012-04-29 00:00:00"
AZ,Scottsdale,,"4501 North Scottsdale Rd","Sprinkles Cupcakes","2012-04-29 00:00:00"
AZ,Scottsdale,,"4400 N Scottsdale Rd","Stax Burger Bistro","2012-04-29 00:00:00"
AZ,Scottsdale,,"7330 E Main St, Ste 105","Su Vino Winery","2012-04-29 00:00:00"
AZ,Scottsdale,,"7228 E 1st Ave","Cien Agaves Tacos & Tequila","2012-04-29 00:00:00"
AZ,Scottsdale,,"7014 E Camelback Rd","Z'Tejas Mexican Restaurant and Grill","2012-04-29 00:00:00"
AZ,Scottsdale,,"7150 E 6th Ave","Geisha A Go Go","2012-04-29 00:00:00"
AZ,Scottsdale,,"7220 E 1st Ave",Patties,"2012-04-29 00:00:00"
AZ,Scottsdale,,"7447 E Indian School Rd","Downtown Scottsdale Trolley","2012-04-29 00:00:00"
AZ,Scottsdale,,"7014 E Camelback Rd","Harkins Theatres Fashion Square 7","2012-04-29 00:00:00"
AZ,Scottsdale,,"6166 N Scottsdale Rd","Dolce Salon & Spa At the Borgata","2012-04-29 00:00:00"
AZ,Scottsdale,,"7277 East Camelback Rd","W Scottsdale","2012-04-29 00:00:00"
AZ,Scottsdale,,"7908 E Chaparral Rd",Subway,"2012-04-29 00:00:00"
AZ,Phoenix,,"2041 N 7th St","America's Taco Shop","2012-04-29 00:00:00"
AZ,Scottsdale,,"N Brown Ave & E 1st St","Old Town Farmers Market","2012-04-29 00:00:00"
AZ,Scottsdale,,"6166 N Scottsdale Rd, Ste 601","Blanco Tacos + Tequila","2012-04-29 00:00:00"
AZ,Scottsdale,,"4422 N 75th St","The Lodge","2012-04-29 00:00:00"
AZ,Scottsdale,,"4020 N Scottsdale Rd","Daily Dose","2012-04-29 00:00:00"
AZ,Scottsdale,,"7320 E Scottsdale Mall","Old Town Tavern","2012-04-29 00:00:00"
AZ,Scottsdale,,"7167 E Rancho Vista Dr, Ste 111","Posh Improvisational Cuisine","2012-04-29 00:00:00"
AZ,Scottsdale,,"7137 E Stetson Dr, Ste 8","Oh My Dog Boutique Hotel","2012-04-29 00:00:00"
AZ,Scottsdale,,"4380 N Miller Rd",PetSmart,"2012-04-29 00:00:00"
AZ,Scottsdale,,"7062 E Indian School Rd","Tony's Shoe Repair","2012-04-29 00:00:00"
AZ,Phoenix,,"2502 E Camelback Rd",Smeeks,"2012-04-29 00:00:00"
AZ,Tempe,,"1811 N Scottsdale Rd, Bldg C","Dunkin' Donuts","2012-04-29 00:00:00"
AZ,Scottsdale,,"7216 E Shoeman Ln","Petite Maison","2012-04-29 00:00:00"
AZ,Scottsdale,,"7137 E Stetson Dr, Ste 7","Scottsdale Pen and Knife","2012-04-29 00:00:00"
AZ,Scottsdale,,"7177 E Rancho Vista Dr","Optima Camelview","2012-04-29 00:00:00"
AZ,"Paradise Valley",,"6204 N Scottsdale Rd, Ste 106","Tottie's Asian Fusion 2","2012-04-29 00:00:00"
AZ,Scottsdale,,"7051 E 5th Ave","5th and Wine","2012-04-29 00:00:00"
AZ,Scottsdale,,"7240 E Main St, Ste A-2","Outrageous Olive Oils and Vinegars","2012-04-29 00:00:00"
AZ,Scottsdale,,"7135 E Camelback Rd, Ste 125","Culinary Dropout","2012-04-29 00:00:00"
AZ,Scottsdale,,"4343 North Scottsdale Rd","Café Conmigo","2012-04-29 00:00:00"
AZ,Scottsdale,,"4020 N Scottsdale Rd, Ste 102","Sandwich Club","2012-04-29 00:00:00"
AZ,Scottsdale,,"7014 East Camelback, Ste 2005","Charming Charlie - Scottsdale","2012-04-29 00:00:00"
AZ,Scottsdale,,"7014 E Camelback Rd","Tory Burch","2012-04-29 00:00:00"
AZ,Phoenix,,"110 E Roosevelt St","Short Leash Hot Dogs Food Truck","2012-04-29 00:00:00"
AZ,Scottsdale,,"7014 E Camelback Rd",H&M,"2012-04-29 00:00:00"
AZ,Scottsdale,,"7137 E Stetson Dr","Lee's Cream Liqueur","2012-04-29 00:00:00"
AZ,Phoenix,,"One E Washington",CityScape,"2012-04-29 00:00:00"
AZ,Scottsdale,,"7014 E Camelback Rd, Ste B156","Francesca's Collections","2012-04-29 00:00:00"
AZ,Scottsdale,,"7134 E Stetson Dr, Ste 200, Old Town Scottsdale","The Herb Box","2012-04-29 00:00:00"
AZ,Phoenix,,"1 E Washington St, Ste 120","Charming Charlie - Phoenix","2012-04-29 00:00:00"
AZ,Scottsdale,,"6204 N Scottsdale Rd, Ste 103",U-Swirl,"2012-04-29 00:00:00"
AZ,Scottsdale,,"7137 E Rancho Vista Dr","Divine Cafe & Market at Optima","2012-04-29 00:00:00"
AZ,Scottsdale,,"4425 N Saddlebag Trl","El Hefe","2012-04-29 00:00:00"
AZ,Scottsdale,,"6204 N Scottsdale Rd, Ste 101","Einstein Bros Bagels","2012-04-29 00:00:00"
AZ,Scottsdale,,"4425 N Saddlebag Trl","Majerle's Sports Grill","2012-04-29 00:00:00"
AZ,Phoenix,,"5223 N Central Ave",Churn,"2012-04-29 00:00:00"
AZ,Scottsdale,,"6200 N Scottsdale Rd",Walgreens,"2012-04-29 00:00:00"
AZ,Scottsdale,,"7014-590 E Camelback Rd",Yogurtology,"2012-04-29 00:00:00"
AZ,Scottsdale,,"6900 E Camelback Rd","NM Cafe","2012-04-29 00:00:00"
AZ,Scottsdale,,"4175 N Goldwater Blvd","T. Roosevelt's Tavern","2012-04-29 00:00:00"
AZ,Scottsdale,,"4000 N Scottsdale Rd, Ste 101","Old Town Candy & Toys","2012-04-29 00:00:00"
AZ,Scottsdale,,"7555 N Pima Rd","Arizona Taco Festival","2012-04-29 00:00:00"
AZ,Scottsdale,,"7014 E Camelback Rd","J Crew","2012-04-29 00:00:00"
AZ,Scottsdale,,"5402 E Lincoln Dr","JW Marriott Scottsdale Camelback Inn Resort & Spa","2012-04-27 00:00:00"
AZ,Scottsdale,,"15740 N Pima Rd","Party City","2012-04-26 00:00:00"
AZ,Phoenix,,"215 N 7th St","Children's Museum of Phoenix","2012-04-26 00:00:00"
AZ,Scottsdale,,"7135 E Camelback Rd, Ste 165","Zoës Kitchen","2012-04-26 00:00:00"
AZ,Scottsdale,,"7135 E Camelback Rd, Ste 185","Primp and Blow - A Blow Dry Bar","2012-04-26 00:00:00"
AZ,Scottsdale,,"2441 N Scottsdale Rd","Smart & Final","2012-04-26 00:00:00"
AZ,Scottsdale,,"2441 N Scottsdale Rd","Smart & Final","2012-04-25 00:00:00"
AZ,Tempe,,"555 N Scottsdale Rd",Yogurtland,"2012-04-25 00:00:00"
AZ,Phoenix,,"North Arcadia, 4925 N 40th St","North Italia","2012-04-25 00:00:00"
AZ,Phoenix,,"4502 E Oak St",Costco,"2012-04-24 00:00:00"
AZ,Phoenix,,"4515 E Thomas Rd",Target,"2012-04-24 00:00:00"
AZ,Phoenix,,"4410 N 40th St","La Grande Orange Pizzeria","2012-04-24 00:00:00"
AZ,Phoenix,,"4410 N 40th St","La Grande Orange Grocery","2012-04-23 00:00:00"
AZ,Scottsdale,,"4800 N Scottsdale Rd, Ste 1700","Roaring Fork","2012-04-23 00:00:00"
AZ,Phoenix,,"2825 N Central Ave","Lenny's Burger Shop","2012-04-21 00:00:00"
AZ,Phoenix,,"215 N 7th St","Children's Museum of Phoenix","2012-04-18 00:00:00"
AZ,Scottsdale,,"7908 E Chaparral Rd",Subway,"2012-04-18 00:00:00"
AZ,Phoenix,,"2400 E Missouri Ave","Arizona Biltmore","2012-04-17 00:00:00"
AZ,Phoenix,,"21001 N Tatum Blvd","Desert Ridge Marketplace","2012-04-15 00:00:00"
AZ,Scottsdale,,"7014 E. Camelback Rd.","Pita Jungle","2012-04-05 00:00:00"
AZ,Scottsdale,,"7014 E Camelback Rd, Scottsdale Fashion Square","See's Candies","2012-04-04 00:00:00"
AZ,Scottsdale,,"7135 E Camelback Rd, Ste 165","Zoës Kitchen","2012-04-03 00:00:00"
AZ,Scottsdale,,"3313 N Hayden Rd","Carlsbad Tavern","2012-04-02 00:00:00"
AZ,Scottsdale,,"9000 E Talking Stick Way",Target,"2012-03-16 00:00:00"
AZ,Carefree,,"36889 N Tom Darlington Dr","Cafe Bink","2012-03-15 00:00:00"
AZ,Phoenix,,"10710 W Camelback Rd","Camelback Ranch","2012-03-13 00:00:00"
AZ,Scottsdale,,"7380 E Second St","Scottsdale Arts Festival","2012-03-12 00:00:00"
AZ,Scottsdale,,"15037 N Scottsdale Rd",Kitty,"2012-03-11 00:00:00"
AZ,Scottsdale,,"7447 E Indian School Rd","Downtown Scottsdale Trolley","2012-03-10 00:00:00"
AZ,Scottsdale,,"2524 N Scottsdale Rd","Pep Boys","2012-03-07 00:00:00"
AZ,Scottsdale,,"9139 Indian Bend Rd.","Toys R Us","2012-03-06 00:00:00"
AZ,Phoenix,,"4747 E Thomas Rd, Ste E","Let Them Eat Cake","2012-03-05 00:00:00"
AZ,Phoenix,,"108 E Pierce St","The Breadfruit & Rum Bar","2012-03-03 00:00:00"
AZ,Tempe,,"514 S Mill Ave, Ste 102","Cookiez On Mill","2012-03-02 00:00:00"
AZ,Tempe,,"414 S Mill Ave, Ste 114","Silver Mine Subs","2012-02-28 00:00:00"
AZ,Scottsdale,,"6850 E Main St","Hotel Valley Ho","2012-02-26 00:00:00"
AZ,Scottsdale,,"3939 N Drinkwater Blvd","Civic Center Mall","2012-02-25 00:00:00"
AZ,Phoenix,,"1251 S 25th Pl, Ste 35","Southwest Airlines","2012-02-20 00:00:00"
AZ,Phoenix,,"108 E Pierce St","The Breadfruit & Rum Bar","2012-02-16 00:00:00"
AZ,Tempe,,"516 S Mill Ave","Divaz Boutique","2012-02-14 00:00:00"
AZ,Phoenix,,"1125 N 3rd Ave","Japanese Friendship Garden - Ro Ho En","2012-02-09 00:00:00"
AZ,Scottsdale,,"7500 E Doubletree Ranch Rd","Hyatt Regency Scottsdale Resort & Spa at Gainey Ranch","2012-02-07 00:00:00"
AZ,Scottsdale,,"17020 N Hayden Rd","16th Hole at The Phoenix Open","2012-02-06 00:00:00"
AZ,Gilbert,,"1385 E Warner Rd, Ste 103","Udder Delights","2012-02-04 00:00:00"
AZ,Phoenix,,,"Carte Blanche Gourmet Tacos & Catering","2012-02-04 00:00:00"
AZ,Scottsdale,,"4360 N Scottsdale Rd","Bungalow Bar & Grill","2012-02-03 00:00:00"
AZ,Mesa,,"2150 W Broadway Rd, Ste 106","AZ Opera Rehearsal Space","2012-02-02 00:00:00"
AZ,Phoenix,,"3601 N 7th St","Schreiner's Fine Sausage","2012-02-02 00:00:00"
AZ,Phoenix,,"122 North 2nd St","Hyatt Regency Phoenix","2012-02-01 00:00:00"
AZ,Phoenix,,"10870 N 32nd Street","AMF Shea Village Lanes","2012-01-30 00:00:00"
AZ,Phoenix,,"555 N Central Ave",Subway,"2012-01-26 00:00:00"
AZ,Tempe,,"310 S Mill Ave","Mill Avenue District","2012-01-24 00:00:00"
AZ,Scottsdale,,"6929 N Hayden Rd, Ste C2","Goldmans Deli","2012-01-23 00:00:00"
AZ,Phoenix,,"2160 E Baseline Rd, Ste 128",GreenMix,"2012-01-21 00:00:00"
AZ,Scottsdale,,"7001 N Scottsdale Rd, Ste 173",Yogurtopia,"2012-01-20 00:00:00"
AZ,Scottsdale,,"8740 E Shea Blvd","PGA Tour Superstore","2012-01-18 00:00:00"
AZ,Scottsdale,,"15169 N Scottsdale Rd, Ste 110",Sephora,"2012-01-15 00:00:00"
AZ,Scottsdale,,"7555 N Pima Rd","Street Eats Food Truck Festival","2012-01-14 00:00:00"
AZ,Tempe,,"1201 N Galvin Pkwy","Desert Botanical Garden","2012-01-13 00:00:00"
AZ,Scottsdale,,"Nordstrom, 7055 E Camelback Rd","Marketplace Cafe","2012-01-13 00:00:00"
AZ,Scottsdale,,"9301 E Shea Blvd, Ste 132","Sprouts Farmers Market","2012-01-12 00:00:00"
AZ,Phoenix,,"4533 E Cactus Rd","Party City of Paradise Valley","2012-01-11 00:00:00"
AZ,Scottsdale,,"7655 E Main St","Our Lady of Perpetual Help Roman Catholic Parish","2012-01-10 00:00:00"
AZ,Scottsdale,,"N Brown Ave & E 1st St","Old Town Farmers Market","2012-01-09 00:00:00"
AZ,Scottsdale,,"N Brown Ave & E 1st St","Old Town Farmers Market","2012-01-07 00:00:00"
AZ,Scottsdale,,"7032 E Main St","Cafe Forte","2012-01-07 00:00:00"
AZ,Phoenix,,"4700 N Central Ave","Lola Coffee","2012-01-05 00:00:00"
AZ,Phoenix,,"222 E Monroe St","Herberger Theater Center","2012-01-04 00:00:00"
AZ,Phoenix,,"333 N Central Ave","Province Urban Kitchen & Bar","2012-01-04 00:00:00"
AZ,Phoenix,,"5070 N Central Ave","Practical Art","2012-01-04 00:00:00"
AZ,Scottsdale,,"7014 E Camelback Rd","Z'Tejas Mexican Restaurant and Grill","2012-01-03 00:00:00"
AZ,Scottsdale,,"7014 E Camelback Rd","Harkins Theatres Fashion Square 7","2011-12-31 00:00:00"
AZ,Phoenix,,"3640 E Washington St","Clean Air Cab","2011-12-31 00:00:00"
AZ,Scottsdale,,"7062 E Indian School Rd","Tony's Shoe Repair","2011-12-30 00:00:00"
AZ,Carefree,,"201 Easy St, Ste 103","English Rose Tea Room","2011-12-27 00:00:00"
AZ,Phoenix,,"333 E Jefferson St, Ste 102","Karim's Cobbler Shop & Deli","2011-12-26 00:00:00"
AZ,Scottsdale,,"6200 N Scottsdale Rd",Walgreens,"2011-12-25 00:00:00"
AZ,Scottsdale,,"15444 N Frank Lloyd Wright Blvd",Target,"2011-12-24 00:00:00"
AZ,Scottsdale,,"8423 E McDonald Dr",Bashas',"2011-12-23 00:00:00"
AZ,Scottsdale,,"7079 E 5th Ave","Charles Parkhurst Rare Books","2011-12-22 00:00:00"
AZ,Phoenix,,"14 E Pierce St","Phoenix Public Market","2011-12-21 00:00:00"
AZ,Scottsdale,,"14850 N Northsight Blvd","K O'Donnell's Sports Bar & Grill","2011-12-21 00:00:00"
AZ,Scottsdale,,"7124 E 5th Ave","Cartel Coffee Lab","2011-12-20 00:00:00"
AZ,Scottsdale,,"7124 E 5th Ave","Cartel Coffee Lab","2011-12-19 00:00:00"
AZ,Scottsdale,,"4000 N Scottsdale Rd, Ste 101","Old Town Candy & Toys","2011-12-19 00:00:00"
AZ,Carefree,,"36811 N Pima Rd","Our Lady of Joy Catholic Church","2011-12-19 00:00:00"
AZ,Phoenix,,"815 N 2nd St",FilmBar,"2011-12-17 00:00:00"
AZ,Scottsdale,,"Village At Hayden, 8220 N Hayden Rd, Ste C111","Spotted Donkey Cantina","2011-12-16 00:00:00"
AZ,Scottsdale,,"7137 E Stetson Dr, Ste 7","Scottsdale Pen and Knife","2011-12-15 00:00:00"
AZ,Phoenix,,"908 N 6th St","Butter Toast Boutique","2011-12-14 00:00:00"
AZ,Phoenix,,"902 N 6th St",GROWop,"2011-12-13 00:00:00"
AZ,Phoenix,,"922 N 5th St","MADE Art Boutique","2011-12-12 00:00:00"
AZ,Phoenix,,"918 N 5th St","JoBot Coffee & Diner","2011-12-10 00:00:00"
AZ,Scottsdale,,"7555 E Frank Lloyd Wright Blvd","Trader Joe's","2011-12-10 00:00:00"
AZ,Scottsdale,,"10450 N 90th St","Fry's Food & Drug","2011-12-09 00:00:00"
AZ,Chandler,,"25 S Arizona Pl, Ste 330","Arizona Traffic Schools","2011-12-08 00:00:00"
NV,"Las Vegas","The Strip","3600 S Las Vegas Blvd",Prime,"2011-12-07 00:00:00"
AZ,Scottsdale,,"7210 E 2nd St","Bonfire Grill and Bar","2011-12-06 00:00:00"
AZ,Scottsdale,,"4000 N Scottsdale Rd, Ste 101","Old Town Candy & Toys","2011-12-05 00:00:00"
NV,"Las Vegas",Downtown,"10 Main St","Golden Nugget Hotel & Casino","2011-12-04 00:00:00"
AZ,Phoenix,,"2201 N 7th St","Coronado Cafe","2011-12-03 00:00:00"
AZ,Phoenix,,"4750 E Indian School Rd",Safeway,"2011-12-01 00:00:00"
NV,"Las Vegas","The Strip","3600 S Las Vegas Blvd","Conservatory & Botanical Garden","2011-12-01 00:00:00"
AZ,Phoenix,,"3400 E Sky Harbor Blvd","Paradise Bakery & Cafe","2011-11-30 00:00:00"
NV,"Las Vegas",Downtown,"15 Fremont St","La Bayou Casino","2011-11-29 00:00:00"
NV,"Las Vegas",Westside,"The Venetian, 3355 Las Vegas Blvd S",Phantom,"2011-11-28 00:00:00"
AZ,Scottsdale,,"7135 E Camelback Rd, Ste 185","Primp and Blow - A Blow Dry Bar","2011-11-26 00:00:00"
AZ,Phoenix,,"North Arcadia, 4925 N 40th St","North Italia","2011-11-25 00:00:00"
AZ,Scottsdale,,"7293 N Scottsdale Rd","Blue 32 Sports Grill","2011-11-24 00:00:00"
AZ,Phoenix,,"918 N 5th St","JoBot Coffee & Diner","2011-11-23 00:00:00"
AZ,Scottsdale,,"14870 N Northsight Blvd, Ste 103","Asian Island","2011-11-22 00:00:00"
AZ,Scottsdale,,"7919 E. Thomas Rd, Ste 104","Fresh & Easy","2011-11-22 00:00:00"
AZ,Scottsdale,,"7137 E Stetson Dr","Kazimierz World Wine Bar","2011-11-21 00:00:00"
AZ,Phoenix,,"1700 W Washington St","Arizona Capitol Museum","2011-11-19 00:00:00"
AZ,Scottsdale,,"4925 N Scottsdale Rd","The Scott Grill","2011-11-19 00:00:00"
AZ,Scottsdale,,"4013 N Brown Ave","The Grapevine","2011-11-17 00:00:00"
AZ,Phoenix,,"7111 E Mayo Blvd","Whole Foods Market","2011-11-15 00:00:00"
AZ,"Cave Creek",,"6033 E Cave Creek Rd","Cave Creek Coffee Company","2011-11-14 00:00:00"
AZ,Phoenix,,"1651 E Camelback Rd","Duck & Decanter","2011-11-12 00:00:00"
AZ,Phoenix,,"10 W Portland St, Portland Pkwy","Certified Local First Fall Festival","2011-11-12 00:00:00"
AZ,Scottsdale,,"7353 E Scottsdale Mall",AZ88,"2011-11-12 00:00:00"
AZ,Scottsdale,,"15544 N Pima Rd","Los Olivos Norte","2011-11-11 00:00:00"
AZ,Phoenix,,"2221 N 7th St","Rice Paper","2011-11-10 00:00:00"
AZ,Phoenix,,"3508 N 7th St, Ste 100","Urban Beans Cafe & Bar","2011-11-09 00:00:00"
AZ,Scottsdale,,"7353 E Scottsdale Mall",AZ88,"2011-11-08 00:00:00"
AZ,Scottsdale,,"6938 E 1st St",Jam,"2011-11-08 00:00:00"
AZ,Phoenix,,"One E Washington",CityScape,"2011-11-06 00:00:00"
AZ,Mesa,,"18 W Main St","Monsterland Bar & Grill","2011-11-05 00:00:00"
AZ,Tempe,,"1323 W University Dr","Tracy Dempsey Originals","2011-11-04 00:00:00"
AZ,Scottsdale,,"6938 E 1st St",Jam,"2011-11-03 00:00:00"
AZ,Phoenix,,"2714 W Thomas Rd","El New Yorican Puerto Rican","2011-11-03 00:00:00"
AZ,Phoenix,,"2714 W Thomas Rd","El New Yorican Puerto Rican","2011-10-27 00:00:00"
AZ,Phoenix,,"4619 E Washington St","Pueblo Grande Museum and Archaeological Park","2011-10-18 00:00:00"
AZ,Scottsdale,,"7134 E Stetson Dr, Ste 200, Old Town Scottsdale","The Herb Box","2011-10-18 00:00:00"
AZ,Tempe,,"555 N Scottsdale Rd",Yogurtland,"2011-10-15 00:00:00"
AZ,Scottsdale,,"7328 E 2nd St","Los Olivos","2011-10-12 00:00:00"
AZ,Scottsdale,,"6991 E Camelback Rd","Mastro's City Hall","2011-10-11 00:00:00"
AZ,Scottsdale,,"7014 E Camelback Rd","Tory Burch","2011-10-10 00:00:00"
AZ,Phoenix,,"5144 N Central Ave","Postino Central","2011-10-08 00:00:00"
AZ,Scottsdale,,"4228 N Scottsdale Rd","Loco Patron","2011-10-07 00:00:00"
AZ,Scottsdale,,", 9800 E Indian Bend Rd","Coffee Garden","2011-10-06 00:00:00"
AZ,Scottsdale,,"15705 North Hayden Rd, Ste C8-9",Rubio's,"2011-10-05 00:00:00"
AZ,Scottsdale,,"9800 E Talking Stick Way","Talking Stick Resort","2011-10-05 00:00:00"
AZ,Scottsdale,,"7444 E Mcdowell Rd","Bosa Donuts","2011-10-04 00:00:00"
AZ,Glendale,,"1 Cardinals Dr","University of Phoenix Stadium","2011-10-03 00:00:00"
AZ,Scottsdale,,"3636 N Scottsdale Rd","Salty Señorita","2011-10-01 00:00:00"
AZ,Scottsdale,,"4121 N Marshall Way","Frank & Lupe's Old Mexico","2011-10-01 00:00:00"
AZ,Scottsdale,,"4228 N Scottsdale Rd","Loco Patron","2011-10-01 00:00:00"
AZ,Scottsdale,,"7228 E 1st Ave","Cien Agaves Tacos & Tequila","2011-10-01 00:00:00"
AZ,Scottsdale,,"10105 East Via Linda","Samurai Sam's","2011-10-01 00:00:00"
AZ,Scottsdale,,"14202 N Scottsdale Rd, Ste 167","Yogurt Builderz","2011-09-30 00:00:00"
AZ,Phoenix,,"12630 N Tatum Blvd",Wendy's,"2011-09-29 00:00:00"
AZ,Scottsdale,,"9160 E Shea Blvd, Ste 105","Sweet Republic","2011-09-28 00:00:00"
AZ,Scottsdale,,"10426 E Jomax Rd","Pinnacle Peak Patio","2011-09-27 00:00:00"
AZ,Phoenix,,"40 N 1st St",Hanny's,"2011-09-26 00:00:00"
AZ,Phoenix,,"6008 N 16th St","Dick's Hideaway","2011-09-23 00:00:00"
AZ,Scottsdale,,"4032 N Miller Rd, Ste 102","The Coffee Bean & Tea Leaf","2011-09-22 00:00:00"
AZ,Phoenix,,"3039 W Peoria, Ste 103","Samurai Sam's","2011-09-20 00:00:00"
AZ,Scottsdale,,"3821 N Scottsdale Rd",Bandera,"2011-09-17 00:00:00"
AZ,"Paradise Valley",,"6166 N Scottsdale Rd, Ste 600","The Borgata of Scottsdale","2011-09-13 00:00:00"
AZ,Phoenix,,"3132 E Camelback Rd",Safeway,"2011-09-12 00:00:00"
AZ,Scottsdale,,"7171 E Lincoln Dr","Bridwell Automotive Center","2011-09-11 00:00:00"
AZ,Phoenix,,"14 E Pierce St","Royal At The Market","2011-09-09 00:00:00"
AZ,Phoenix,,"4619 E Washington St","Pueblo Grande Museum and Archaeological Park","2011-09-08 00:00:00"
AZ,Phoenix,,"1001 N 3rd Ave","Lola Coffee","2011-09-07 00:00:00"
AZ,Scottsdale,,"4513 N Scottsdale Rd, Ste 108","Chipotle Mexican Grill","2011-09-06 00:00:00"
AZ,Scottsdale,,"7245 E Main St","Rusty Spur Saloon","2011-09-05 00:00:00"
AZ,Scottsdale,,"4000 N Scottsdale Rd, Ste 105","Grimaldi's Pizzeria","2011-09-04 00:00:00"
AZ,Phoenix,,"One E Washington",CityScape,"2011-09-03 00:00:00"
AZ,Phoenix,,"14 E Pierce St","Phoenix Public Market","2011-09-03 00:00:00"
AZ,Tempe,,"922 E Apache Blvd","Brosenbrus Cafe","2011-09-02 00:00:00"
AZ,Tempe,,"922 E Apache Blvd","Brosenbrus Cafe","2011-09-01 00:00:00"
AZ,Phoenix,,"1 E Washington St",Yogurtini,"2011-08-31 00:00:00"
AZ,Phoenix,,"108 E Pierce St","The Breadfruit & Rum Bar","2011-08-30 00:00:00"
AZ,Scottsdale,,"4321 N Scottsdale Rd","Saddle Ranch Chop House","2011-08-30 00:00:00"
AZ,Phoenix,,"2515 E Camelback Rd","AMC Dine-in Theatres Esplanade 14","2011-08-29 00:00:00"
AZ,Scottsdale,,"6902 E Greenway Pkwy","Agave - The Arizona Spa","2011-08-29 00:00:00"
AZ,Scottsdale,,"2020 N Scottsdale Rd","Antique Trove","2011-08-27 00:00:00"
AZ,Scottsdale,,"4166 N Scottsdale Rd","The Gelato Spot","2011-08-26 00:00:00"
AZ,Phoenix,,"2241 N 7th St","La Piccola Cucina","2011-08-26 00:00:00"
AZ,Scottsdale,,"15147 N Scottsdale Rd, Ste HI-165",IT'SUGAR,"2011-08-25 00:00:00"
AZ,Scottsdale,,"8418 E McDonald Dr","Chizona's Pizza","2011-08-24 00:00:00"
AZ,Phoenix,,"509 W Mcdowell Rd","Easley's Fun Shop","2011-08-23 00:00:00"
AZ,Scottsdale,,"9800 E Talking Stick Way","Wandering Horse Buffet","2011-08-23 00:00:00"
AZ,"Cave Creek",,"6895 E Cave Creek Rd","Harold's Corral","2011-08-22 00:00:00"
AZ,Phoenix,,"8501 N 27th Ave","Bobby Q","2011-08-20 00:00:00"
AZ,Scottsdale,,"6900 E Camelback Rd","NM Cafe","2011-08-18 00:00:00"
AZ,Phoenix,,"525 S Central Ave","The Duce","2011-08-13 00:00:00"
AZ,Phoenix,,"101 E Jackson St","Alice Cooperstown","2011-08-12 00:00:00"
AZ,Phoenix,,"11 W Washington St, Ste 100","Urban Outfitters","2011-08-10 00:00:00"
AZ,Phoenix,,"3039 W Peoria Ave, Ste C101","Pro Nails by Tina","2011-08-10 00:00:00"
AZ,Scottsdale,,"6953 E 5th Ave","Fifth Avenue Alterations","2011-08-08 00:00:00"
AZ,Phoenix,,"3164 E Camelback Rd","The Gelato Spot","2011-08-06 00:00:00"
AZ,Chandler,,"11 W Boston St","Latitude Eight Thai Grill","2011-08-06 00:00:00"
AZ,Mesa,,"21 W Main St","Sweet Cakes Café","2011-07-30 00:00:00"
AZ,Scottsdale,,"10105 E Via Linda","Aj's Purveyor of Fine Foods","2011-07-29 00:00:00"
AZ,Scottsdale,,"8880 E Via Linda","Andreoli Italian Grocer","2011-07-28 00:00:00"
AZ,Scottsdale,,"7014-590 E Camelback Rd",Yogurtology,"2011-07-28 00:00:00"
AZ,Phoenix,,"50 W Jefferson St, Ste 100","Oakville Grocery","2011-07-23 00:00:00"
AZ,Chandler,,"501 N Arizona Ave",Chodang,"2011-07-22 00:00:00"
AZ,Phoenix,,"110 E Roosevelt St","Short Leash Hot Dogs Food Truck","2011-07-21 00:00:00"
AZ,Scottsdale,,"7051 E 5th Ave","5th and Wine","2011-07-20 00:00:00"
AZ,Scottsdale,,"7299 N Scottsdale Rd","Roka Akor - Scottsdale","2011-07-19 00:00:00"
AZ,Phoenix,,"622 E Adams St","Nobuo At Teeter House","2011-07-15 00:00:00"
AZ,Phoenix,,"622 E Adams St","Nobuo At Teeter House","2011-07-14 00:00:00"
AZ,Scottsdale,,"7111 E 5th Ave, Ste E","Citizen Public House","2011-07-14 00:00:00"
AZ,Phoenix,,"515 N 44th St","ABC15, KNXV-TV Phoenix","2011-07-13 00:00:00"
AZ,Phoenix,,"401 E Jefferson St","Chase Field","2011-07-12 00:00:00"
AZ,Scottsdale,,"7051 E 5th Ave","5th and Wine","2011-07-11 00:00:00"
AZ,Scottsdale,,"9160 E Shea Blvd","92nd Street Cafe","2011-07-11 00:00:00"
AZ,Gilbert,,"3107 S Gilbert Rd, Ste 107","Jimmy's of Chicago","2011-07-09 00:00:00"
AZ,Phoenix,,"4626 N 16th St","Coup Des Tartes","2011-07-07 00:00:00"
AZ,Scottsdale,,"7501 E Indian School Rd","The Carwasher","2011-07-07 00:00:00"
AZ,Scottsdale,,"7228 E 1st Ave","Cien Agaves Tacos & Tequila","2011-07-07 00:00:00"
AZ,Scottsdale,,"7299 N Scottsdale Rd","Roka Akor - Scottsdale","2011-07-07 00:00:00"
AZ,Phoenix,,"10810 N Tatum Blvd","Bombay Spice Grill","2011-07-07 00:00:00"
AZ,Phoenix,,"7000 E Mayo Blvd, Ste 21","The Compound Grill","2011-07-07 00:00:00"
AZ,Scottsdale,,"7051 E 5th Ave","5th and Wine","2011-07-07 00:00:00"
AZ,Phoenix,,"7677 N 16th St","Rico's American Grill","2011-07-07 00:00:00"
AZ,Scottsdale,,"7025 E 1st Ave","Arcadia Farms Cafe","2011-07-07 00:00:00"
AZ,Scottsdale,,"4343 North Scottsdale Rd","Café Conmigo","2011-07-07 00:00:00"
AZ,Scottsdale,,"8823 E Chaparral Rd","Stayshons Chevron","2011-07-06 00:00:00"
AZ,Phoenix,,"2108 W Camelback Rd","Pepe's Taco Villa","2011-06-24 00:00:00"
AZ,Tempe,,"1021 W University Dr","Harlow's Cafe","2011-06-21 00:00:00"
AZ,Phoenix,,"1702 W Camelback Rd, Ste 14","Pho Thanh","2011-06-20 00:00:00"
AZ,Phoenix,,"18 W Monroe St","Seamus McCaffrey's","2011-06-19 00:00:00"
AZ,Scottsdale,,"2902 N 68th St, Ste 135","Echo Coffee","2011-06-17 00:00:00"
AZ,Scottsdale,,"8880 E Via Linda","Andreoli Italian Grocer","2011-06-17 00:00:00"
AZ,Phoenix,,"1702 W Camelback Rd, Ste 14","Pho Thanh","2011-06-16 00:00:00"
AZ,Phoenix,,"111 East Dunlap Ave, Ste 17","V-K Elle Nails","2011-06-16 00:00:00"
AZ,Scottsdale,,"4014 N Goldwater Blvd","Poisoned Pen A Mystery Book Store","2011-06-07 00:00:00"
AZ,Scottsdale,,"7127 E. Shea Blvd","Fresh & Easy","2011-06-06 00:00:00"
AZ,Phoenix,,"7677 N 16th St","Pointe Hilton Squaw Peak Resort","2011-06-04 00:00:00"
AZ,Tempe,,"114 E 7th St","House of Tricks","2011-06-03 00:00:00"
AZ,Scottsdale,,"7001 E Highland Ave","Harkins Camelview 5","2011-06-01 00:00:00"
AZ,Phoenix,,"3400 E Sky Harbor Blvd, Ste 3300","Phoenix Sky Harbor International Airport","2011-05-29 00:00:00"
AZ,Scottsdale,,"10330 N 90th St","Best Buy","2011-05-27 00:00:00"
AZ,Phoenix,,"401 E Jefferson St","Chase Field","2011-05-27 00:00:00"
AZ,Phoenix,,"101 N 1st Ave, Ste 1300","METRO light rail","2011-05-26 00:00:00"
AZ,Phoenix,,"5223 N Central Ave",Churn,"2011-05-24 00:00:00"
AZ,Tempe,,"54 W Rio Salado Pkwy","Tempe Beach Park","2011-05-23 00:00:00"
AZ,Tempe,,"54 W Rio Salado Pkwy","Tempe Beach Park","2011-05-22 00:00:00"
AZ,Scottsdale,,"6952 E Main St",Grazie,"2011-05-21 00:00:00"
AZ,Scottsdale,,"9800 E Talking Stick Way","Orange Sky","2011-05-21 00:00:00"
AZ,Scottsdale,,"7135 E Camelback Rd, Ste 195","Olive & Ivy","2011-05-20 00:00:00"
AZ,Scottsdale,,"7014 E Camelback Rd","Paradise Bakery","2011-05-19 00:00:00"
AZ,Scottsdale,,"4121 N Marshall Way","Frank & Lupe's Old Mexico","2011-05-17 00:00:00"
AZ,Phoenix,,"1916 E Camelback Rd","The Parlor","2011-05-17 00:00:00"
AZ,Scottsdale,,"15147 N Scottsdale Rd, Ste H-135","Grimaldi's Pizzeria","2011-05-16 00:00:00"
AZ,Phoenix,,"2929 N 24th St","Barb's Bakery","2011-05-14 00:00:00"
AZ,Scottsdale,,"6204 N Scottsdale Rd, Ste 101","Einstein Bros Bagels","2011-05-11 00:00:00"
AZ,Scottsdale,,"W Scottsdale, 7277 E Camelback Rd","Sushi Roku","2011-05-10 00:00:00"
AZ,Phoenix,,"5223 N Central Ave",Windsor,"2011-05-10 00:00:00"
AZ,Phoenix,,"1501 W Bell Rd","Turf Paradise Race Course","2011-05-09 00:00:00"
AZ,Phoenix,,"1501 W Bell Rd","Turf Paradise Race Course","2011-05-07 00:00:00"
AZ,Scottsdale,,"7051 E 5th Ave, Ste C","Tea Time","2011-05-06 00:00:00"
AZ,Scottsdale,,"9397 E Shea Blvd, Ste 110","Golden Spoon Frozen Yogurt","2011-05-04 00:00:00"
AZ,Scottsdale,,"7025 E 1st Ave","Arcadia Farms Cafe","2011-05-04 00:00:00"
AZ,Scottsdale,,"4949 E Lincoln Dr","The Joya Spa","2011-05-03 00:00:00"
AZ,Phoenix,,"1590 E Bethany Home Rd","Luci's Healthy Marketplace","2011-04-29 00:00:00"
AZ,Scottsdale,,"15205 North Kierland Boulevard, 100","Tommy Bahama Restaurant | Bar | Store - Scottsdale","2011-04-27 00:00:00"
AZ,Scottsdale,,"7247 E Main St","Bischoff's Shades of the West","2011-04-26 00:00:00"
AZ,Phoenix,,"7677 North 16th St",Hole-in-the-Wall,"2011-04-25 00:00:00"
AZ,Phoenix,,"702 W Deer Valley Rd","Phoenix-Deer Valley Municipal Airport","2011-04-20 00:00:00"
AZ,Scottsdale,,"7001 N Scottsdale Rd","Massage Envy - Scottsdale Seville","2011-04-19 00:00:00"
AZ,Scottsdale,,"6880 E Shea Blvd","Snappy Auto Spa","2011-04-18 00:00:00"
AZ,Pheonix,,"4250 W Anthem Way","Outlets at Anthem","2011-04-16 00:00:00"
AZ,Phoenix,,"202 E Buckeye Rd","The Meat Shop","2011-04-15 00:00:00"
AZ,Phoenix,,"2 E Jefferson St, Ste 150","The Arrogant Butcher","2011-04-13 00:00:00"
AZ,Phoenix,,"2650 E Camelback Rd","Hillstone Restaurant","2011-04-12 00:00:00"
AZ,Scottsdale,,"4425 N Saddlebag Trl","Majerle's Sports Grill","2011-04-11 00:00:00"
AZ,Phoenix,,"222 E Monroe St","Arizona Theatre Company","2011-04-09 00:00:00"
AZ,Scottsdale,,"3815 N Scottsdale Rd","RA Sushi Bar Restaurant","2011-04-08 00:00:00"
AZ,Phoenix,,"231 N 3rd St","St. Mary's Basilica","2011-04-07 00:00:00"
AZ,Phoenix,,"4410 N 40th St","La Grande Orange Pizzeria","2011-04-06 00:00:00"
AZ,Scottsdale,,"20715 Market St","DC Ranch","2011-04-06 00:00:00"
AZ,Scottsdale,,"7141 E Lincoln Dr","AJ's Fine Foods","2011-04-05 00:00:00"
AZ,Scottsdale,,"3636 N Scottsdale Rd","Salty Señorita","2011-04-04 00:00:00"
AZ,Scottsdale,,"4005 N Scottsdale Rd","Sugar Bowl","2011-04-03 00:00:00"
AZ,Phoenix,,"4225 E Camelback Rd","Carmel's Coffee & Bakery","2011-04-02 00:00:00"
AZ,Scottsdale,,"3300 N Hayden Rd, Ste B",Subway,"2011-03-31 00:00:00"
AZ,Scottsdale,,"2730 N Scottsdale Rd","The Dirty Drummer","2011-03-29 00:00:00"
AZ,Scottsdale,,"7150 E Camelback Rd","Scottsdale Waterfront","2011-03-26 00:00:00"
AZ,Phoenix,,"4290 E Indian School Rd","Wildflower Bread Company","2011-03-26 00:00:00"
AZ,Scottsdale,,"7014 E Camelback Rd, Suite 1433","Modern Steak","2011-03-25 00:00:00"
AZ,Scottsdale,,"7343 E Scottsdale Mall","The Clayton On the Park","2011-03-24 00:00:00"
AZ,Scottsdale,,"7908 E Chaparral Rd",Subway,"2011-03-22 00:00:00"
AZ,Scottsdale,,"6204 N Scottsdale Rd, Ste 103",U-Swirl,"2011-03-21 00:00:00"
AZ,Scottsdale,,"7135 E Camelback Rd, Ste 160","Sauce Pizza and Wine","2011-03-19 00:00:00"
AZ,Scottsdale,,"7135 E Camelback Rd, Ste 130","Wildfish Seafood Grille","2011-03-19 00:00:00"
AZ,Scottsdale,,"3839 N Drinkwater Blvd","Scottsdale Public Library - Civic Center","2011-03-18 00:00:00"
AZ,Scottsdale,,"6186 N Scottsdale Rd","J. Alexander's","2011-03-17 00:00:00"
AZ,Peoria,,"16101 N 83rd Ave","Peoria Sports Complex","2011-03-16 00:00:00"
AZ,Scottsdale,,"16001 N Scottsdale Rd",CrackerJax,"2011-03-15 00:00:00"
AZ,Scottsdale,,"5402 E Lincoln Dr","JW Marriott Scottsdale Camelback Inn Resort & Spa","2011-03-14 00:00:00"
AZ,Phoenix,,"1625 N Central Ave","Phoenix Art Museum","2011-03-13 00:00:00"
AZ,Tempe,,"700 W Rio Salado Pkwy","Tempe Center for the Arts","2011-03-12 00:00:00"
AZ,Scottsdale,,"11107 N Scottsdale Rd","Macayo's Mexican Grill & Cantina","2011-03-12 00:00:00"
AZ,Phoenix,,"4410 N 40th St","La Grande Orange Pizzeria","2011-03-10 00:00:00"
AZ,Scottsdale,,"9027 E Via Linda","Brunswick Zone Via Linda Lanes","2011-03-09 00:00:00"
AZ,Scottsdale,,"4416 N Miller Rd","Pasta Brioni","2011-03-08 00:00:00"
AZ,Scottsdale,,"7555 N Pima Rd","Salt River Fields at Talking Stick","2011-03-07 00:00:00"
AZ,Scottsdale,,"8380 E Via De Ventura","Zipps Sports Grill","2011-03-05 00:00:00"
AZ,Phoenix,,"1111 East McDowell Rd","Banner - University Medical Center Phoenix","2011-03-04 00:00:00"
AZ,Phoenix,,"4519 E Thomas Rd","Office Max","2011-03-03 00:00:00"
AZ,Scottsdale,,"2613 N Scottsdale Rd","D'Lite Healthy On The Go","2011-03-03 00:00:00"
AZ,Scottsdale,,"7014 E Camelback Rd",Anthropologie,"2011-02-28 00:00:00"
AZ,Scottsdale,,"7137 E Rancho Vista Dr","Divine Cafe & Market at Optima","2011-02-26 00:00:00"
AZ,Phoenix,,"115 N 6th St","Historic Heritage Square","2011-02-25 00:00:00"
AZ,Scottsdale,,"4020 N Scottsdale Rd, Ste 102","Sandwich Club","2011-02-24 00:00:00"
AZ,Phoenix,,"5053 N 44th St","Taylor's Cafe","2011-02-23 00:00:00"
AZ,Scottsdale,,"7111 E 5th Ave, Ste E","Citizen Public House","2011-02-21 00:00:00"
AZ,Phoenix,,"4340 E Indian School Rd","Pita Jungle","2011-02-21 00:00:00"
AZ,Scottsdale,,"9378 East Bahia Dr","Pump It Up of Scottsdale","2011-02-19 00:00:00"
AZ,Scottsdale,,"10135 E Via Linda",Walgreens,"2011-02-18 00:00:00"
AZ,Scottsdale,,"15147 N Scottsdale Rd, Ste 102","Press Coffee","2011-02-17 00:00:00"
AZ,Scottsdale,,"14900 N Pima Rd, Ste 103","Jimmy John's","2011-02-16 00:00:00"
AZ,Phoenix,,"115 N 6th St","Historic Heritage Square","2011-02-14 00:00:00"
AZ,Scottsdale,,"6333 N Scottsdale Rd","Fleming's Prime Steakhouse & Wine Bar","2011-02-12 00:00:00"
AZ,Phoenix,,"4041 N 15th Ave","Crazy Jim's","2011-02-11 00:00:00"
AZ,Scottsdale,,"15215 N Kierland Blvd, Ste 190","Chloe's Corner","2011-02-09 00:00:00"
AZ,Scottsdale,,"15147 N Scottsdale Rd","Menchies Frozen Yogurt","2011-02-08 00:00:00"
AZ,Scottsdale,,"Scottsdale Quarter, 15257 N Scottsdale Rd","Narcisse Champagne and Tea Lounge","2011-02-07 00:00:00"
AZ,Scottsdale,,"4400 N Scottsdale Rd","Stax Burger Bistro","2011-02-06 00:00:00"
AZ,Phoenix,,"800 E Camelback Rd","That's a Wrap","2011-02-05 00:00:00"
AZ,Phoenix,,"600 E Washington St","Arizona Science Center","2011-02-04 00:00:00"
AZ,Scottsdale,,"8787 N Scottsdale Rd","Village Tavern","2011-02-04 00:00:00"
AZ,Phoenix,,"2400 E Missouri Ave","Frank & Albert's","2011-02-03 00:00:00"
AZ,Phoenix,,"1139 E Glendale Ave","Zoyo Neighborhood Yogurt","2011-02-02 00:00:00"
AZ,Scottsdale,,"4252 N Drinkwater Ave, Ste A","Cream Stereo Lounge","2011-02-01 00:00:00"
AZ,Phoenix,,"100 N 3rd St","Phoenix Convention Center","2011-01-28 00:00:00"
AZ,Scottsdale,,"4380 N Miller Rd",PetSmart,"2011-01-27 00:00:00"
AZ,Phoenix,,"3717 E Indian School Rd","Beckett's Table","2011-01-27 00:00:00"
AZ,Scottsdale,,"7001 N Scottsdale Rd","Taberna Mexicana","2011-01-26 00:00:00"
AZ,Mesa,,"1924 W Rio Salado Pkwy","Ski Pro Mesa","2011-01-21 00:00:00"
AZ,Scottsdale,,"7501 E Indian School Rd","The Carwasher","2011-01-21 00:00:00"
AZ,Mesa,,"821 N Dobson Rd","Party City","2011-01-19 00:00:00"
AZ,Gilbert,,"3107 S Gilbert Rd, Ste 107","Jimmy's of Chicago","2011-01-18 00:00:00"
AZ,"Cave Creek",,"6248 E Cave Creek Rd","El Encanto","2011-01-16 00:00:00"
AZ,"Cave Creek",,"6823 E Cave Creek Rd","Buffalo Chip Saloon & Steakhouse","2011-01-16 00:00:00"
AZ,Scottsdale,,"7552 E Indian School Rd","CVS Pharmacy","2011-01-15 00:00:00"
AZ,Phoenix,,"5200 E Camelback Rd","T Cook's","2011-01-14 00:00:00"
AZ,Scottsdale,,"4513 N Scottsdale Rd, Ste 118",Yogurtland,"2011-01-12 00:00:00"
AZ,Scottsdale,,"7124 E 5th Ave","Sola Coffee Bar","2011-01-11 00:00:00"
AZ,Tempe,,"1353 E University Dr","Phoenix Rock Gym","2011-01-10 00:00:00"
AZ,Phoenix,,"2110 E Camelback Rd","Ski Pro","2011-01-08 00:00:00"
AZ,Tempe,,"1353 E University Dr","Phoenix Rock Gym","2011-01-06 00:00:00"
AZ,Scottsdale,,"4501 North Scottsdale Rd","Sprinkles Cupcakes","2011-01-06 00:00:00"
AZ,Chandler,,"2475 W Queen Creek Rd, Ste 1","The Living Room","2011-01-04 00:00:00"
AZ,Scottsdale,,"6113 N Scottsdale Rd","Houston's Restaurant","2010-12-31 00:00:00"
AZ,Phoenix,,"149 W McDowell Rd","Hob Nobs","2010-12-29 00:00:00"
AZ,Scottsdale,,"7320 E Stetson Dr","DJ's of Scottsdale","2010-12-28 00:00:00"
AZ,Scottsdale,,"3737 N Scottsdale Rd","RnR Gastropub","2010-12-27 00:00:00"
AZ,Scottsdale,,"6107 N Scottsdale Rd, Ste C108","Yuri's Popcorn & More","2010-12-24 00:00:00"
AZ,Chandler,,"24605 S McQueen Rd","La Casa Blanca","2010-12-23 00:00:00"
AZ,Scottsdale,,"8469 E Mcdonald Dr",Walgreens,"2010-12-23 00:00:00"
AZ,Tempe,,"1605 W University Dr, Ste 106","Cookies From Home","2010-12-22 00:00:00"
AZ,Phoenix,,"10 W Camelback Rd",Frances,"2010-12-21 00:00:00"
AZ,Phoenix,,"2611 N Central Ave",Durant's,"2010-12-15 00:00:00"
AZ,Phoenix,,"1950 E Watkins, Ste 160","Arizona Shuttle","2010-12-15 00:00:00"
AZ,Phoenix,,"1625 N Central Ave","Phoenix Art Museum","2010-12-13 00:00:00"
AZ,Scottsdale,,"7904 E Chaparral Rd","Randy's Restaurant & Ice Cream","2010-12-12 00:00:00"
AZ,Scottsdale,,"8485 E McDonald Dr","Mail Call","2010-12-11 00:00:00"
AZ,Scottsdale,,"8979 E Talking Stick Way",Michaels,"2010-12-08 00:00:00"
AZ,Scottsdale,,"4209 N Craftsman Ct","Dos Gringos","2010-12-07 00:00:00"
AZ,Glendale,,"1 Cardinals Dr","University of Phoenix Stadium","2010-12-04 00:00:00"
AZ,Scottsdale,,"7135 E Camelback Rd, Ste 125","Culinary Dropout","2010-12-04 00:00:00"
AZ,Scottsdale,,"6501 E Greenway Pkwy, Ste 130","Zipps Sports Grill","2010-12-03 00:00:00"
AZ,Phoenix,,"455 N Galvin Pkwy","Phoenix Zoo","2010-12-01 00:00:00"
AZ,Scottsdale,,"4251 N Winfield Scott Plz",Giligins,"2010-11-28 00:00:00"
AZ,Scottsdale,,"7014 E Camelback Rd, Ste 1433","Modern Burger","2010-11-27 00:00:00"
AZ,Scottsdale,,"15191 N Scottsdale Rd, Ste 100","True Food Kitchen","2010-11-24 00:00:00"
AZ,Phoenix,,"401 W Clarendon Ave","Gallo Blanco","2010-11-24 00:00:00"
AZ,Scottsdale,,"26540 N Scottsdale Rd","MacDonald's Ranch","2010-11-20 00:00:00"
AZ,Scottsdale,,"7353 N Via Paseo Del Sur","Lox, Stock & Bagel","2010-11-20 00:00:00"
AZ,Phoenix,,"3939 E Campbell Ave","Postino Arcadia","2010-11-20 00:00:00"
AZ,Phoenix,,"5060 N Central Ave","All About Books & Comics","2010-11-19 00:00:00"
AZ,Tempe,,"401 S Mill Ave","Rula Bula","2010-11-17 00:00:00"
AZ,Phoenix,,"5027 N 7th Ave","Stupid Cupid","2010-11-15 00:00:00"
AZ,Phoenix,,"4238 N 7th Ave","Melrose Vintage","2010-11-15 00:00:00"
AZ,Phoenix,,"1651 E Camelback Rd","Duck & Decanter","2010-11-14 00:00:00"
AZ,Tempe,,"1719 E Southern Ave","Andrews Restaurant Supply","2010-11-12 00:00:00"
AZ,Phoenix,,"10215 S Central Ave","Ponderosa Stables","2010-11-10 00:00:00"
AZ,Phoenix,,"2337 N 7th St","The Main Ingredient Ale House And Café","2010-11-08 00:00:00"
AZ,Phoenix,,"One E Washington",CityScape,"2010-11-07 00:00:00"
AZ,Scottsdale,,"7014 E Camelback Rd","Scottsdale Fashion Square","2010-11-07 00:00:00"
AZ,Phoenix,,"14 E Pierce St","Phoenix Public Market","2010-11-05 00:00:00"
AZ,Phoenix,,"One E Washington",CityScape,"2010-11-05 00:00:00"
AZ,Scottsdale,,"7014 E Camelback Rd","kate spade new york","2010-11-05 00:00:00"
AZ,Scottsdale,,"4225 N Craftsman Ct","Philadelphia Sandwich Company","2010-11-02 00:00:00"
AZ,Scottsdale,,"Scottsdale Fashion Square, 4500 Scottsdale Rd","Fred's at Barneys New York","2010-11-01 00:00:00"
AZ,Scottsdale,,"6850 E Main St","Hotel Valley Ho","2010-10-31 00:00:00"
AZ,Scottsdale,,"6850 E Main St","Hotel Valley Ho","2010-10-29 00:00:00"
AZ,Scottsdale,,"4501 N Scottsdale Rd","American Apparel","2010-10-29 00:00:00"
AZ,Scottsdale,,"7014 E Camelback Rd, Ste 1023","Grand Lux Cafe","2010-10-29 00:00:00"
AZ,Scottsdale,,"7318 E Stetson Dr",Mulligan's,"2010-10-25 00:00:00"
AZ,Scottsdale,,"4422 N 75th St","The Lodge","2010-10-23 00:00:00"
AZ,Tempe,,"640 S Mill Ave","Canteen Modern Tequila Bar","2010-10-20 00:00:00"
AZ,Scottsdale,,"4215 N Winfield Scott Plz",Alphagraphics,"2010-10-20 00:00:00"
AZ,Scottsdale,,"3554 N Goldwater Blvd","Seville Cleaners","2010-10-19 00:00:00"
AZ,Scottsdale,,"Optima Camelview Complex, 7147 E Highland Ave",Nourish,"2010-10-18 00:00:00"
AZ,Scottsdale,,"6934 E 1st Ave, Ste 102","Cafe Monarch","2010-10-17 00:00:00"
AZ,Phoenix,,"1614 E Bell Rd","Spinato's Pizzeria","2010-10-15 00:00:00"
AZ,Scottsdale,,"34505 N Scottsdale Rd","El Pedregal at The Boulders","2010-10-15 00:00:00"
AZ,Scottsdale,,"7216 E Shoeman Ln","Petite Maison","2010-10-14 00:00:00"
AZ,Scottsdale,,"7011 E Indian School Rd","Coach House","2010-10-12 00:00:00"
AZ,Scottsdale,,"5402 E Lincoln Dr","BLT Steak, Scottsdale","2010-10-09 00:00:00"
AZ,Phoenix,,"3331 E Corona Ave","Coyote Courier Services","2010-10-08 00:00:00"
AZ,Scottsdale,,"7001 N Scottsdale Rd, Ste 171","Wildflower Bread Company","2010-10-07 00:00:00"
AZ,Tempe,,"606 W Southern Ave","Honey Moon Sweets","2010-10-06 00:00:00"
AZ,Scottsdale,,"7373 E Scottsdale Mall, Ste 6","Orange Table","2010-10-05 00:00:00"
AZ,Phoenix,,"603 N 5th Ave",Cibo,"2010-10-02 00:00:00"
AZ,Phoenix,,"9832 N 7th St, Ste 1","Scramble A Breakfast Joint","2010-10-02 00:00:00"
AZ,Scottsdale,,"7135 E Camelback Rd","Urban Outfitters","2010-10-01 00:00:00"
AZ,Tempe,,"839 W University Dr","Sacks Sandwiches","2010-09-30 00:00:00"
AZ,Scottsdale,,"5895 N Granite Reef Rd","Mardi Gras Costume Shop","2010-09-29 00:00:00"
AZ,Tempe,,"350 S Mill Ave","Mojo Yogurt","2010-09-27 00:00:00"
AZ,Scottsdale,,"4224 N Craftsman Ct","Blitz Sports Bar & Grill","2010-09-26 00:00:00"
AZ,Tempe,,"1201 N Galvin Pkwy","Desert Botanical Garden","2010-09-24 00:00:00"
AZ,Phoenix,,"600 E Washington St","Arizona Science Center","2010-09-24 00:00:00"
AZ,Scottsdale,,"7217 E 4th Ave","Au Petit Four","2010-09-24 00:00:00"
AZ,Scottsdale,,"6166 N Scottsdale Rd, Ste 601","Blanco Tacos + Tequila","2010-09-23 00:00:00"
AZ,Tempe,,"3141 S McClintock Dr, Unit 13","Lobbys Burgers","2010-09-22 00:00:00"
AZ,Scottsdale,,"3636 N Scottsdale Rd","Salty Señorita","2010-09-21 00:00:00"
AZ,Scottsdale,,"2613 N Scottsdale Rd","D'Lite Healthy On The Go","2010-09-21 00:00:00"
AZ,Scottsdale,,"7001 N Scottsdale Rd, Ste 171","Wildflower Bread Company","2010-09-21 00:00:00"
AZ,Scottsdale,,"7001 N Scottsdale Rd, Ste 171","Wildflower Bread Company","2010-09-20 00:00:00"
AZ,Scottsdale,,"7114 E Stetson Dr, Ste 210","Tapas Papa Frita","2010-09-20 00:00:00"
AZ,Scottsdale,,"15024 N Scottsdale Rd","North Italia","2010-09-18 00:00:00"
AZ,Tempe,,"3141 S McClintock Dr, Unit 13","Lobbys Burgers","2010-09-17 00:00:00"
AZ,Phoenix,,"4340 E Indian School Rd, Ste 19","Zen Zen Yogurt","2010-09-17 00:00:00"
AZ,Tempe,,"414 W University Dr","Dilly's Deli","2010-09-16 00:00:00"
AZ,Scottsdale,,"3933 N Brown Ave","Mexican Imports","2010-09-15 00:00:00"
AZ,Phoenix,,"4801 E Indian School Rd","Arcadia Tavern","2010-09-13 00:00:00"
AZ,Scottsdale,,"7620 E Indian School Rd","Scratch Pastries & Bistro","2010-09-13 00:00:00"
AZ,Phoenix,,"1521 W Dobbins Rd","Arizona Humane Society","2010-09-12 00:00:00"
AZ,Phoenix,,"2010 W Parkside Ln, Ste 110","Fumar Cigars","2010-09-11 00:00:00"
AZ,Scottsdale,,"15205 N Kierland Blvd, Ste 150","Kierland Commons","2010-09-10 00:00:00"
AZ,Scottsdale,,"6989 N Hayden Rd, Ste A12","Sakana Sushi & Grill","2010-09-08 00:00:00"
AZ,Phoenix,,,"Melrose District","2010-09-07 00:00:00"
AZ,Scottsdale,,"7607 E McDowell Rd","Duke's Sports Bar and Grill","2010-09-06 00:00:00"
AZ,Phoenix,,"6106 S 32nd St","Morning Glory Cafe","2010-08-29 00:00:00"
AZ,Tempe,,"398 S Mill Ave","Caffe Boa","2010-08-25 00:00:00"
AZ,"Paradise Valley",,"6204 N Scottsdale Rd, Ste 106","Tottie's Asian Fusion 2","2010-08-25 00:00:00"
AZ,Scottsdale,,"7014 E Camelback Rd",Sephora,"2010-08-23 00:00:00"
AZ,Phoenix,,"3961 E Camelback Rd","The Grind","2010-08-23 00:00:00"
AZ,Scottsdale,,"3939 N Drinkwater Blvd","Scottsdale Civic Center Plaza","2010-08-21 00:00:00"
AZ,Scottsdale,,"7365 N. Via Paseo Del Sur","LA Fitness","2010-08-19 00:00:00"
AZ,Phoenix,,"3930 E Camelback Rd","Vincent Market Bistro","2010-08-15 00:00:00"
AZ,Scottsdale,,"7408 E Osborn Rd","Scottsdale Stadium","2010-08-15 00:00:00"
AZ,Phoenix,,"2502 Camelback Rd","Mojo Yogurt","2010-08-14 00:00:00"
AZ,Scottsdale,,"4000 N Scottsdale Rd, Ste 105","Grimaldi's Pizzeria","2010-08-12 00:00:00"
AZ,Phoenix,,"1020 N 1st Ave","Fair Trade Cafe","2010-08-11 00:00:00"
AZ,Scottsdale,,"7137 E Stetson Dr, Ste 8","Oh My Dog Boutique Hotel","2010-08-10 00:00:00"
AZ,Phoenix,,"21001 N Tatum Blvd, Ste 34-1110","The Notorious PIG","2010-08-09 00:00:00"
AZ,Scottsdale,,"7501 E Camelback Rd","Don & Charlie's","2010-08-06 00:00:00"
AZ,Scottsdale,,"4020 N Scottsdale Rd","Daily Dose","2010-08-02 00:00:00"
AZ,Scottsdale,,"7217 E 1st St",Iruna,"2010-07-30 00:00:00"
AZ,Phoenix,,"1437 N 1st St","Giant Coffee","2010-07-30 00:00:00"
AZ,Phoenix,,"8383 S 48th St","Rustler's Rooste","2010-07-28 00:00:00"
AZ,Scottsdale,,"4380 N Miller Rd","Banfield Pet Hospital","2010-07-28 00:00:00"
AZ,Scottsdale,,"15015 N Scottsdale Rd","Oakville Grocery","2010-07-26 00:00:00"
AZ,Phoenix,,"7000 N 16th St","Salon Surreal","2010-07-25 00:00:00"
AZ,Phoenix,,"7000 N 16th St","Salon Surreal","2010-07-24 00:00:00"
AZ,Tempe,,"825 W University Dr","Essence Bakery Café","2010-07-23 00:00:00"
AZ,Scottsdale,,"15425 N Scottsdale Rd, Ste 200","Tasti D-Lite","2010-07-21 00:00:00"
AZ,Phoenix,,"2800 E Squaw Peak Dr","Piestewa Peak","2010-07-20 00:00:00"
AZ,Scottsdale,,"7373 E Scottsdale Mall","The Blue Moose","2010-07-19 00:00:00"
AZ,Scottsdale,,"7575 East Princess Drive","Well & Being at Willow Stream","2010-07-18 00:00:00"
AZ,Scottsdale,,"5401 N Hayden Rd","Chaparral Off Leash Area","2010-07-17 00:00:00"
AZ,Phoenix,,"6015 N 16th St","The Vig Uptown","2010-07-16 00:00:00"
AZ,Scottsdale,,,"The Arizona Canal","2010-07-15 00:00:00"
AZ,Phoenix,,"5040 N 40th St","Chelsea's Kitchen","2010-07-14 00:00:00"
AZ,Scottsdale,,"Hotel Valley Ho, 6850 E Main St","Trader Vic's","2010-07-12 00:00:00"
AZ,Scottsdale,,"4400 N Scottsdale Rd","Breakfast Club- Scottsdale","2010-07-10 00:00:00"
AZ,Phoenix,,"4410 N 40th St","La Grande Orange Grocery","2010-07-06 00:00:00"
AZ,Phoenix,,"2325 North 7th St","Urban Cookies","2010-07-04 00:00:00"
AZ,Phoenix,,"215 N 7th St","Children's Museum of Phoenix","2010-07-01 00:00:00"
AZ,Scottsdale,,"2902 N 68th St, Ste 135","Echo Coffee","2010-06-29 00:00:00"
AZ,Phoenix,,"4225 E Camelback Rd","Chestnut Lane","2010-06-28 00:00:00"
AZ,Scottsdale,,"5905 N Granite Reef Rd","Casella's Italian Delicatessen","2010-06-27 00:00:00"
AZ,Phoenix,,"2022 N 7th St","That's A Wrap","2010-06-26 00:00:00"
AZ,Phoenix,,"Melrose Mall, 724 W Indian School Rd","Hollywood Regency Vintage","2010-06-25 00:00:00"
AZ,Scottsdale,,"6160 N Scottsdale Rd","Scottsdale Cottonwoods Resort & Suites","2010-06-24 00:00:00"
AZ,Phoenix,,"2502 E Camelback Rd",Smeeks,"2010-06-23 00:00:00"
AZ,Scottsdale,,"4302 N Scottsdale Rd","Stingray Sushi","2010-06-21 00:00:00"
AZ,Scottsdale,,"4166 N Scottsdale Rd","The Gelato Spot","2010-06-20 00:00:00"
AZ,Scottsdale,,"15037 N Scottsdale Rd",Primebar,"2010-06-18 00:00:00"
AZ,Phoenix,,"2301 N Central Ave","Heard Museum","2010-06-14 00:00:00"
AZ,Scottsdale,,"7575 East Princess Drive","Well & Being at Willow Stream","2010-06-01 00:00:00"
AZ,Phoenix,,"6029 N 7th St","Healthy Habit","2010-05-20 00:00:00"
AZ,Phoenix,,"2041 N 7th St","America's Taco Shop","2010-05-18 00:00:00"
AZ,Scottsdale,,"6208 N Scottsdale Rd","My Sister's Attic","2010-05-13 00:00:00"
AZ,Phoenix,,"724 W Indian School Rd","Zinnias at Melrose","2010-05-05 00:00:00"
AZ,Phoenix,,"5701 N Echo Canyon Pkwy","Camelback Mountain","2010-05-05 00:00:00"
AZ,Phoenix,,"2502 E Camelback Rd, Ste 148d","Paris Envy","2010-05-05 00:00:00"
AZ,Scottsdale,,"7018 E Main St",Mabel's,"2010-05-04 00:00:00"
AZ,Scottsdale,,"7150 E 6th Ave","Geisha A Go Go","2010-05-04 00:00:00"
AZ,Scottsdale,,"2334 N Scottsdale Rd, Ste A133","Defalco's Italian Grocery","2010-05-04 00:00:00"
AZ,Scottsdale,,"809 N Scottsdale Rd","World Motors","2010-04-05 00:00:00"
AZ,Phoenix,,"1019 E Indian School Rd","Rhythm Room","2010-04-05 00:00:00"
AZ,Phoenix,,"1602 E Indian School Rd","Luke's of Chicago's","2010-03-16 00:00:00"
AZ,Phoenix,,"1949 E Camelback Rd","Best Buy","2010-03-11 00:00:00"
AZ,Scottsdale,,"6202 N Scottsdale Rd","Trader Joe's","2010-01-26 00:00:00"
AZ,Phoenix,,"3950 E Campbell","Radio Cafe","2010-01-26 00:00:00"
AZ,Phoenix,,"3134 E Indian School Rd","Bertha's Café","2010-01-11 00:00:00"
