state,city,neighborhood,address,name,date
PA,Pittsburgh,,"6408 Brownsville Rd","Dorido's Restaurant","2015-04-14 00:00:00"
PA,Pittsburgh,Downtown,"922 Penn Ave","Bistro Penn","2015-04-14 00:00:00"
PA,Pittsburgh,Dormont,"1451 Potomac Ave","Fredos Deli","2015-04-14 00:00:00"
PA,Pittsburgh,Downtown,"600 Grant St","Pittsburgh Grille","2015-04-14 00:00:00"
PA,Monroeville,,"Miracle Mile Plaza, 4100 William Penn Hwy","Mad Mex - Monroeville","2015-04-13 00:00:00"
PA,"Bethel Park",,"301 South Hills Village","Red Robin Gourmet Burgers","2015-04-13 00:00:00"
PA,Pittsburgh,"Strip District","1601 Penn Ave","Gaucho Parrilla Argentina","2015-04-13 00:00:00"
PA,Pittsburgh,,"1230 Grove Rd","Bob's Diner","2015-04-07 00:00:00"
PA,Pittsburgh,"Strip District","1125 Penn Ave","Niko's Coffee","2015-04-05 00:00:00"
PA,Pittsburgh,"Strip District",,"PGH Taco Truck","2015-04-05 00:00:00"
PA,Pittsburgh,,"5253 Brownsville Rd","Dave's Terrace Bakery","2015-04-05 00:00:00"
PA,Pittsburgh,Lawrenceville,"4717 Butler St","Gus' Cafe","2015-03-21 00:00:00"
PA,Bridgeville,,"1595 Washington Pike","Walnut Grill - Bridgeville","2015-03-02 00:00:00"
PA,Pittsburgh,Dormont,"3024 W Liberty Ave","My Thai","2015-03-01 00:00:00"
PA,Bridgeville,,"1597 Washington Pike","Collier Town Square","2015-02-23 00:00:00"
PA,Pittsburgh,Bloomfield,"5242 Baum Blvd","Cafe Sam","2015-02-23 00:00:00"
PA,Pittsburgh,Dormont,"1810 Dormont Ave","Jet's Pizza","2015-02-23 00:00:00"
PA,Pittsburgh,Downtown,"942 Penn Ave","Sienna Mercato","2015-02-23 00:00:00"
PA,"Pleasant Hills",,"720 Clairton Blvd",Kmart,"2015-01-25 00:00:00"
PA,"Bethel Park",,"4000 Oxford Dr","The Home Depot","2015-01-25 00:00:00"
PA,Murrysville,,"4701 William Penn Hwy",Sheetz,"2015-01-25 00:00:00"
PA,Homestead,Homestead,"100 W Bridge St","Barnes & Noble Booksellers","2015-01-25 00:00:00"
PA,Pittsburgh,,"670 Washington Rd","Jade Grille","2015-01-25 00:00:00"
PA,"Upper St. Clair",,"1855-1901 Washington Rd",Target,"2015-01-25 00:00:00"
PA,"Bethel Park",,"4000 Oxford Dr",Michaels,"2015-01-25 00:00:00"
PA,Pittsburgh,,"926 Freeport Rd","Barnes & Noble Booksellers","2015-01-25 00:00:00"
PA,Homestead,Homestead,"245 E Waterfront Dr","Eat'n Park","2015-01-25 00:00:00"
PA,"Bethel Park",,"4000 Oxford Dr","Half Price Books","2015-01-25 00:00:00"
PA,Pittsburgh,Downtown,"245 Fourth Ave","Tavern 245","2015-01-21 00:00:00"
PA,Pittsburgh,Lawrenceville,"3720 Butler St","Round Corner Cantina","2015-01-20 00:00:00"
PA,Homestead,Homestead,"299 W Bridge St",Burgatory,"2015-01-19 00:00:00"
PA,"West Homestead",Homestead,"210 W Bridge St","Panera Bread","2015-01-18 00:00:00"
PA,Pittsburgh,Knoxville,"617 Brownsville Rd","Vocelli Pizza","2015-01-18 00:00:00"
PA,Pittsburgh,,"1500 Washington Rd",BRGR,"2015-01-12 00:00:00"
PA,Pittsburgh,,"830 Clairton Blvd","Primanti Bros.","2015-01-04 00:00:00"
PA,Pittsburgh,Dormont,"2885 W Liberty Ave","Vincenzo's Pizza & Pasta","2015-01-04 00:00:00"
PA,Blawnox,,"934 Freeport Rd","Waterworks Mall","2015-01-04 00:00:00"
PA,Pittsburgh,Downtown,"120 Fifth Ave","Katie's Kandy","2015-01-04 00:00:00"
PA,Pittsburgh,Downtown,"960 Penn Ave","Ten Penny","2014-12-13 00:00:00"
PA,Pittsburgh,,"1870 Painters Run Rd","Bob's Diner","2014-12-07 00:00:00"
PA,Pittsburgh,Oakland,"212 Oakland Ave","Fuel & Fuddle","2014-12-07 00:00:00"
PA,Pittsburgh,Oakland,"3719 Terrace St","Petersen Events Center","2014-12-07 00:00:00"
PA,Pittsburgh,,"663 Washington Rd","BnD'z Burgerz & Dogz","2014-10-14 00:00:00"
PA,Pittsburgh,,"664 Washington Rd","Betsy's Ice Cream","2014-10-14 00:00:00"
PA,"South Park Township",,"4120 Brownsville Rd","BnD'z Burgerz & Dogz","2014-10-13 00:00:00"
PA,Pittsburgh,,"301 S Hills Vlg","Hot Topic","2014-10-13 00:00:00"
PA,Pittsburgh,"Strip District","3101 Penn Ave","31st Street Pub","2014-10-06 00:00:00"
PA,Homestead,Homestead,"112 W Bridge St","Gordon Shoes","2014-10-05 00:00:00"
PA,Pittsburgh,Downtown,"Macy's, 400 Fifth Ave","Tic Toc Restaurant","2014-10-03 00:00:00"
PA,Pittsburgh,"Strip District","1241 Penn Ave","Sushi Kim Restaurant","2014-10-03 00:00:00"
PA,Pittsburgh,"South Side","240 W Station Square Dr, Ste D1","Texas de Brazil","2014-10-03 00:00:00"
PA,Pittsburgh,"North Side","211 N Shore Dr","McFadden's Saloon","2014-10-02 00:00:00"
PA,McKeesport,,"308 36th St","Tillie's Restaurant & Chantillie Lounge","2014-10-02 00:00:00"
PA,Pittsburgh,Downtown,"946 Penn Ave","August Henry's City Saloon","2014-09-28 00:00:00"
PA,"Bethel Park",,"4599 Library Rd",Sheetz,"2014-09-28 00:00:00"
PA,Pittsburgh,Lawrenceville,"4300 Butler St","Tender Bar & Kitchen","2014-09-21 00:00:00"
PA,"West Homestead",Homestead,"148 W Bridge St","P.F. Chang's","2014-09-21 00:00:00"
PA,Pittsburgh,Dormont,"3147 Banksville Rd",Subway,"2014-09-20 00:00:00"
PA,Plum,,"2003 Golden Mile Hwy",Sheetz,"2014-09-20 00:00:00"
PA,Pittsburgh,"South Side","2705 S Water St","Hofbrauhaus Pittsburgh","2014-09-01 00:00:00"
PA,Pittsburgh,,"2500 Swallow Hill Rd","The Other Place","2014-09-01 00:00:00"
PA,Pittsburgh,,"460 Home Dr","El Campesino","2014-09-01 00:00:00"
PA,Pittsburgh,Beechview,"2500 W Liberty Ave","The Smokehouse Bar & Grill","2014-09-01 00:00:00"
PA,"Mt. Lebanon",,"307 Beverly Rd","Bado's Pizza Grill & Ale House","2014-09-01 00:00:00"
PA,Pittsburgh,"Strip District","1914 Penn Ave","Bella Notte","2014-09-01 00:00:00"
PA,Pittsburgh,Downtown,"134 6th St","Cafe Milano","2014-09-01 00:00:00"
PA,Pittsburgh,,"420 Home Dr",PetSmart,"2014-08-31 00:00:00"
PA,Pittsburgh,,"1636 Cochran Rd","Get Go Fuel Station","2014-08-31 00:00:00"
PA,Pittsburgh,,"300 S Hills Vlg",Sears,"2014-08-31 00:00:00"
PA,Pittsburgh,,"1660 Cochran Rd",Wendy's,"2014-08-31 00:00:00"
PA,Pittsburgh,"South Side","2681 Sydney St","Sur La Table","2014-08-31 00:00:00"
PA,Pittsburgh,Dormont,"1530 Potomac Ave",Cogo's,"2014-08-31 00:00:00"
PA,Pittsburgh,,"2760 Saw Mill Run Blvd","Sunset Restaurant and Grill","2014-07-11 00:00:00"
PA,"West Mifflin",,"2377 Mountain View Dr","Amy's Hallmark Shop","2014-07-06 00:00:00"
PA,Pittsburgh,Downtown,"501 Grant St","Jimmy John's","2014-07-06 00:00:00"
PA,"West Mifflin",,"3535 Mountain View Dr","T&T Frozen Yogurt","2014-07-06 00:00:00"
PA,Pittsburgh,,"2500 Swallow Hill Rd","The Other Place","2014-07-02 00:00:00"
PA,"West Mifflin",,"2210 Lebanon Church Rd","Bob Evans","2014-06-30 00:00:00"
PA,Pittsburgh,Downtown,"310 Forbes Ave","Courthouse Tavern","2014-06-16 00:00:00"
PA,Pittsburgh,,"2070 Greentree Rd","Rita's Italian Ice","2014-06-15 00:00:00"
PA,Pittsburgh,,"373 Vanadium Rd","Nobby's Pizzeria","2014-06-15 00:00:00"
PA,"Mt. Lebanon",,"1500 Washington Rd","AMC Mount Lebanon 6","2014-05-26 00:00:00"
PA,Pittsburgh,,"301 S Hills Village","Eat'n Park","2014-05-26 00:00:00"
PA,Pittsburgh,Bloomfield,"4509 Liberty Ave",Howlers,"2014-05-25 00:00:00"
PA,Pittsburgh,"Mt. Washington","6 Bailey Ave","Fox's Pizza Den","2014-05-25 00:00:00"
PA,Pittsburgh,"North Side","337 N Shore Dr",Rivertowne,"2014-05-25 00:00:00"
PA,Pittsburgh,,"4100 Library Rd","Pho Kim 88","2014-05-25 00:00:00"
PA,Pittsburgh,"Strip District","2301 Smallman St","Marty's Market","2014-05-25 00:00:00"
PA,Pittsburgh,,"1910 Cochran Rd, Manor Oak 2, Ste 335","Mt Lebanon Chiropractic","2014-05-25 00:00:00"
PA,Pittsburgh,,"1209 Streets Run Rd","Thee Olde Place Inn","2014-05-25 00:00:00"
PA,Pittsburgh,Bloomfield,"4617 Liberty Ave","Lot 17","2014-05-25 00:00:00"
PA,"Bethel Park",,"5035 Library Rd","PNC Bank","2014-05-18 00:00:00"
PA,Pittsburgh,,"3925 Willow Ave","McMinn's Irish Pub","2014-05-18 00:00:00"
PA,Pittsburgh,Downtown,,Lyft,"2014-05-12 00:00:00"
PA,Pittsburgh,"North Side","200 Federal St","Mullen's Bar & Grill","2014-05-12 00:00:00"
PA,Pittsburgh,"Strip District","2021 Penn Ave",Lefty's,"2014-05-11 00:00:00"
PA,Pittsburgh,Brookline,"600 Brookline Blvd","Bama's Southern Kitchen","2014-05-11 00:00:00"
PA,Pittsburgh,"Strip District","1620 Penn Ave","Altar Bar","2014-05-06 00:00:00"
PA,Pittsburgh,"Strip District","2021 Penn Ave",Lefty's,"2014-05-06 00:00:00"
PA,Downtown,Downtown,"423-499 Ross St","Port Authority Steel Plaza Station","2014-05-04 00:00:00"
PA,Pittsburgh,Downtown,"Wood St","Wood Street Subway Station","2014-05-04 00:00:00"
PA,Pittsburgh,Downtown,"500 Grant St","Crazy Mocha","2014-05-04 00:00:00"
PA,Pittsburgh,Dormont,"1573 McFarland Rd","Jose' and Tony's Mexican Restaurant","2014-04-30 00:00:00"
PA,Pittsburgh,,"300C Beverly Rd","IO Deli","2014-04-26 00:00:00"
PA,Pittsburgh,"South Side","1703 E Carson St","Apsara Cafe","2014-04-26 00:00:00"
PA,Pittsburgh,"North Side","900 Western Ave","Benjamins Western Avenue Burger Bar","2014-04-26 00:00:00"
PA,Pittsburgh,"Polish Hill","3117 Brereton St",Gooski's,"2014-04-20 00:00:00"
PA,Pittsburgh,"Polish Hill","3117 Brereton St",Gooski's,"2014-04-19 00:00:00"
PA,Pittsburgh,"North Side","900 Western Ave","Benjamins Western Avenue Burger Bar","2014-04-18 00:00:00"
PA,Pittsburgh,Lawrenceville,"3623 Butler St","Espresso A Mano","2014-04-14 00:00:00"
PA,Pittsburgh,,"300 Beverly Rd","Cafe io","2014-04-14 00:00:00"
PA,Pittsburgh,,"1614 Cochran Rd","Chipotle Mexican Grill","2014-04-14 00:00:00"
PA,Pittsburgh,Dormont,"2937 W Liberty Ave","Tom's Diner","2014-04-14 00:00:00"
PA,"West Mifflin",,"6111 Mountain View Rd","Lone Star Steakhouse","2014-04-14 00:00:00"
PA,Pittsburgh,,"660 Washington Rd","Walnut Grill","2014-04-14 00:00:00"
PA,Pittsburgh,,"311 Beverly Rd","Scoops On Beverly","2014-04-13 00:00:00"
PA,Pittsburgh,"South Side","2705 S Water St","Hofbrauhaus Pittsburgh","2014-04-13 00:00:00"
PA,Pittsburgh,,"1614 Cochran Rd","Chipotle Mexican Grill","2014-04-13 00:00:00"
PA,Pittsburgh,"Mt. Washington","206 Shiloh St","Golden Palace Chinese Restaurant","2014-04-13 00:00:00"
PA,Pittsburgh,Dormont,"2937 W Liberty Ave","Tom's Diner","2014-04-12 00:00:00"
PA,Pittsburgh,Lawrenceville,"3623 Butler St","Espresso A Mano","2014-04-10 00:00:00"
PA,Pittsburgh,Lawrenceville,"3623 Butler St","Espresso A Mano","2014-04-09 00:00:00"
PA,Pittsburgh,"North Side","400 N Shore Dr","Stage AE","2014-04-09 00:00:00"
PA,Pittsburgh,Dormont,"2937 W Liberty Ave","Tom's Diner","2014-04-09 00:00:00"
PA,Pittsburgh,Lawrenceville,"3623 Butler St","Espresso A Mano","2014-04-08 00:00:00"
PA,Pittsburgh,Lawrenceville,"3623 Butler St","Espresso A Mano","2014-04-07 00:00:00"
PA,Pittsburgh,"North Side","400 N Shore Dr","Stage AE","2014-04-07 00:00:00"
PA,"West Mifflin",,"2351 Century Dr","Walmart Supercenter","2014-04-06 00:00:00"
PA,Pittsburgh,,"629 Clairton Blvd","Carmike Southland 9","2014-04-06 00:00:00"
PA,"Pleasant Hills",,"523 Clairton Blvd",PetSmart,"2014-04-06 00:00:00"
PA,Pittsburgh,Lawrenceville,"3623 Butler St","Espresso A Mano","2014-04-04 00:00:00"
PA,Pittsburgh,,"660 Washington Rd","Walnut Grill","2014-03-31 00:00:00"
PA,Pittsburgh,"Mt. Washington","221 Shiloh St","Micro Diner","2014-03-31 00:00:00"
PA,"West Mifflin",,"1025 Lebanon Rd","Hot Metal Diner","2014-03-29 00:00:00"
PA,Pittsburgh,Dormont,"3113 W Liberty Ave","Jamison's On West Liberty","2014-03-27 00:00:00"
PA,Pittsburgh,Beechview,"1616 Broadway Ave","Market On Broadway IGA","2014-03-23 00:00:00"
PA,Pittsburgh,,"1110 Park Manor Blvd","DeLuca's Diner","2014-03-18 00:00:00"
PA,"Bethel Park",,"59 Fort Couch Rd",Petco,"2014-03-17 00:00:00"
PA,Pittsburgh,,"632 Washington Rd","Lebo Subs","2014-03-16 00:00:00"
PA,Pittsburgh,"South Side","1306 E Carson St","The Smiling Moose","2014-03-16 00:00:00"
PA,Pittsburgh,"South Side","1207 E Carson St",Kassab's,"2014-03-16 00:00:00"
PA,Pittsburgh,Bloomfield,"4763 Liberty Ave","Paddy Cake Bakery","2014-03-16 00:00:00"
PA,Bridgeville,,"533 Washington Ave","Burgh's Pizza & Wing Pub","2014-03-16 00:00:00"
PA,Bridgeville,,"609 Washington Ave, Ste 1","Labella Bean","2014-03-16 00:00:00"
PA,Pittsburgh,,"6408 Steubenville Pike","Central Diner & Grille","2014-03-03 00:00:00"
PA,Pittsburgh,,"3360 Library Rd","Signature Desserts","2014-03-03 00:00:00"
PA,Pittsburgh,"Mt. Oliver","203 Brownsville Rd","Maietta Restaurant","2014-03-03 00:00:00"
PA,Pittsburgh,Millvale,"621 Evergreen Ave","Sidelines Bar & Grill","2014-03-03 00:00:00"
PA,Pittsburgh,,"2122 Monongahela Ave","Triangle Bar & Grill","2014-03-02 00:00:00"
PA,Pittsburgh,,"24 Donati Rd","Slate Bistro","2014-02-23 00:00:00"
PA,Pittsburgh,Lawrenceville,"3511 Butler St","Bella Christie's & Lil Z's Sweet Boutique","2014-02-11 00:00:00"
PA,Pittsburgh,Bloomfield,"4729 Liberty Ave","Pleasure Bar and Restaurant","2014-02-02 00:00:00"
PA,"West Mifflin",,"3000 Mountain View Dr","Burlington Coat Factory","2014-02-02 00:00:00"
PA,Pittsburgh,Greentree,"661 Andersen Dr, Bldg 7","Scoglio's Green Tree","2014-01-24 00:00:00"
PA,Bridgeville,,"1025 Washington Pike, Ste 25","Classic Chinese Cuisine","2014-01-24 00:00:00"
PA,Pittsburgh,Millvale,"301 N Ave","Millvale Diner","2014-01-21 00:00:00"
PA,Pittsburgh,"North Side","203 Federal St",SoHo,"2014-01-21 00:00:00"
PA,Pittsburgh,,"4143 Brownsville Rd","JT's Restaurant","2014-01-17 00:00:00"
PA,Pittsburgh,,"300 Mount Lebanon Blvd","Graham's Bakery","2014-01-17 00:00:00"
PA,Pittsburgh,,"362 Townesquare Way",RadioShack,"2014-01-13 00:00:00"
PA,Pittsburgh,,"331 Mount Lebanon Blvd","Castle Place","2014-01-13 00:00:00"
PA,"Castle Shannon",,"329 Mt Lebanon Blvd","Nick's Pizza","2014-01-12 00:00:00"
PA,Bridgeville,,"1197 Washington Pike","Eat'n Park","2014-01-12 00:00:00"
PA,"West Mifflin",,"3075 Clairton Rd",Sears,"2014-01-12 00:00:00"
PA,Bridgeville,,"1025 Washington Pike, Ste 11","Burton's Total Pet","2013-12-29 00:00:00"
PA,Pittsburgh,Downtown,"513 Clairton Blvd","Jo-Ann Fabrics and Crafts","2013-12-23 00:00:00"
PA,Pittsburgh,"Mt. Oliver","11 Ormsby Ave","Hook Fish & Chicken","2013-12-23 00:00:00"
PA,Pittsburgh,,"300 Mount Lebanon Blvd, Ste 13","Hall Of Cards","2013-12-23 00:00:00"
PA,Pittsburgh,"Strip District","207 21st St","Colangelo's Bakery","2013-12-16 00:00:00"
PA,Pittsburgh,"Strip District","209 21st St","The Pittsburgh Popcorn Company","2013-12-16 00:00:00"
PA,Canonsburg,,"511 Adams Ave","Sarris Candies","2013-12-15 00:00:00"
PA,Pittsburgh,"Strip District","60 21st St","P&G's Pamela's Diner","2013-12-15 00:00:00"
PA,Pittsburgh,,"100 Settlers Ridge Center Dr","Giant Eagle Market District","2013-12-15 00:00:00"
PA,Pittsburgh,Downtown,"436 Grant St","Allegheny County Courthouse","2013-12-15 00:00:00"
PA,Pittsburgh,"South Side","1610 E Carson St","Gino's Pizza","2013-12-09 00:00:00"
PA,"Robinson Township",Fairywood,"700 Settlers Ridge Center Dr",Michaels,"2013-12-09 00:00:00"
PA,Pittsburgh,"North Side","103 Federal St","Atria's Restaurant","2013-12-02 00:00:00"
PA,Pittsburgh,"North Side","140 Federal St","BZ's Bar and Grill","2013-12-02 00:00:00"
PA,"Bethel Park",,"5041 Library Rd","Rice Inn","2013-12-02 00:00:00"
PA,Pittsburgh,Lawrenceville,"4130 Butler St","Dijlah Restaurant","2013-11-30 00:00:00"
PA,Pittsburgh,Lawrenceville,"4110 Butler St","House of the Dead","2013-11-29 00:00:00"
PA,Pittsburgh,Bloomfield,"4412 Liberty Ave","Bloomfield Bridge Tavern","2013-11-29 00:00:00"
PA,Pittsburgh,Bloomfield,"4525 Liberty Ave","Crazy Mocha","2013-11-29 00:00:00"
PA,Pittsburgh,,"715 Washington Rd","Sesame Inn Chinese Restaurant","2013-11-29 00:00:00"
PA,Pittsburgh,Lawrenceville,"4209 Butler St","Wild Card","2013-11-25 00:00:00"
PA,Brookline,Brookline,"109 Brookline Blvd","Angelina's Pizzeria","2013-11-25 00:00:00"
PA,Pittsburgh,"South Side","1830 E Carson St","The Pub Chip Shop","2013-11-24 00:00:00"
PA,Pittsburgh,,"1948 Greentree Rd","Bradley's Books","2013-11-24 00:00:00"
PA,Pittsburgh,,"1900 Greentree Rd","Panera Bread","2013-11-24 00:00:00"
PA,"West Mifflin",,"7005 Clairton Rd","Big Lots - West Mifflin","2013-11-24 00:00:00"
PA,Coraopolis,,"5990 University Blvd","Giant Eagle","2013-11-20 00:00:00"
PA,"Moon Twp",,"5990 University Blvd","Brighton Hot Dog Shoppe","2013-11-20 00:00:00"
PA,"Moon Township",,"5990 University Blvd, Ste 30","Dollar Tree","2013-11-20 00:00:00"
PA,Pittsburgh,"Strip District","2031 Penn Ave","Casa Reyna","2013-11-17 00:00:00"
PA,Homestead,Homestead,"205 East Waterfront Drive","Uno Pizzeria & Grill","2013-11-17 00:00:00"
PA,Pittsburgh,"Strip District","2117 Penn Ave","The BeerHive","2013-11-17 00:00:00"
PA,Munhall,Homestead,"660 Waterfront Dr E",Michaels,"2013-11-16 00:00:00"
PA,Homestead,Homestead,"430 E Waterfront Dr","GetGo Fuel Station","2013-11-16 00:00:00"
PA,Pittsburgh,Bloomfield,"4401 Liberty Ave","Bloomfield ShurSave","2013-11-16 00:00:00"
PA,Pittsburgh,"South Side","1327 E Carson St","Beehive Coffee","2013-10-31 00:00:00"
PA,Pittsburgh,"South Side","1602 E Carson St","Rex Theater","2013-10-31 00:00:00"
PA,Pittsburgh,Beechview,"1542 Beechview Ave","El Milagro","2013-10-31 00:00:00"
PA,Pittsburgh,,"10 Old Clairton Rd",Atria's,"2013-10-31 00:00:00"
PA,Pittsburgh,"South Side","1304 E Carson St",Slacker,"2013-10-31 00:00:00"
PA,Pittsburgh,"South Side","93 S 16th St","Tootie's Famous Italian Beef","2013-10-31 00:00:00"
PA,Pittsburgh,"West End","410 S Main St","Bellamonte Pizza","2013-10-28 00:00:00"
PA,Pittsburgh,Downtown,"Point State Park","Rubber Duck","2013-10-26 00:00:00"
PA,"Pleasant Hills",,"4 Old Clairton Rd",Walgreens,"2013-10-26 00:00:00"
PA,Munhall,Homestead,"510 E 10th Ave","Carnegie Library Music Hall","2013-10-21 00:00:00"
PA,"West Homestead",Homestead,"415 7th Ave","Nancy B's Bakery","2013-10-13 00:00:00"
PA,"West Mifflin",,"3230 Lebanon Church Rd",Skyvue,"2013-10-13 00:00:00"
PA,Pittsburgh,,"250 Mount Lebanon Blvd","Carbonara's Restaurant","2013-10-13 00:00:00"
PA,Pittsburgh,"North Side","115 Federal St","Pittsburgh Pirates","2013-10-13 00:00:00"
PA,Pittsburgh,"North Side","381 N Shore Dr","Pittsburgh Grill and Sports Bar","2013-10-13 00:00:00"
PA,Pittsburgh,Bloomfield,"4765 Liberty Ave","WG Grinders","2013-10-13 00:00:00"
PA,Pittsburgh,"South Side","7 E Carson St","Saddle Ridge","2013-10-10 00:00:00"
PA,Pittsburgh,,"120 Andrew Dr","Lone Star Steakhouse & Saloon","2013-10-06 00:00:00"
PA,Pittsburgh,,"3801 Saw Mill Run Blvd","Brentwood Towne Square","2013-09-29 00:00:00"
PA,Brentwood,,"324 Towne Square Way","Dollar Tree Stores","2013-09-29 00:00:00"
PA,Pittsburgh,,"Brentwood Towne Square, 4090 Brownsville Rd","TCBY Yogurt","2013-09-29 00:00:00"
PA,Pittsburgh,,"300 Towne Square Way","Definitely You","2013-09-29 00:00:00"
PA,Pittsburgh,Downtown,"400 Fifth Ave",Macy's,"2013-09-29 00:00:00"
PA,Pittsburgh,,"2760 Saw Mill Run Blvd","Edgar's Authentic Mexican","2013-09-28 00:00:00"
PA,Pittsburgh,Downtown,"930 Penn Ave",Subway,"2013-09-28 00:00:00"
PA,Pittsburgh,Overbrook,"2209 Saw Mill Run Blvd","Frank & Shirley's Restaurant","2013-09-28 00:00:00"
PA,Pittsburgh,"North Side","115 Federal St","PNC Park","2013-09-26 00:00:00"
PA,Pittsburgh,"Strip District","1233 Penn Ave","Two Louie's Market","2013-09-25 00:00:00"
PA,"Mt. Lebanon",,"110 Beverly Rd","Atria's Restaurant","2013-09-25 00:00:00"
PA,Pittsburgh,,"530 E Bruceton Rd","Wintzell's Oyster House","2013-09-24 00:00:00"
PA,Bridgeville,,"200 Washington Ave","Shouf's Cafe","2013-09-22 00:00:00"
PA,Pittsburgh,Banksville,"3105 Banksville Rd","Coach's Bottleshop & Grille","2013-09-21 00:00:00"
PA,Pittsburgh,Beechview,"1540 Beechview Ave","Las Palmas Carniceria","2013-09-19 00:00:00"
PA,"West Mifflin",,"4800 Kennywood Blvd","Black Widow","2013-09-16 00:00:00"
PA,"West Mifflin",,"4800 Kennywood Blvd","Garfield's Nightmare","2013-09-14 00:00:00"
PA,Pittsburgh,Lawrenceville,"3623 Butler St","Espresso A Mano","2013-09-12 00:00:00"
PA,Pittsburgh,Lawrenceville,"3349 Liberty Ave","Quick Stop Convenience Store Mini Mart","2013-09-09 00:00:00"
PA,Pittsburgh,Downtown,"107 Smithfield St","R&B's Pizza Place","2013-09-09 00:00:00"
PA,Pittsburgh,,"6491 Robinson Center Dr","Joe's Crab Shack","2013-09-09 00:00:00"
PA,Pittsburgh,Beechview,"2410 W Liberty Ave",Wendy's,"2013-09-04 00:00:00"
PA,"West Mifflin",,"4800 Kennywood Blvd","Aero 360","2013-09-03 00:00:00"
PA,"West Mifflin",,"4800 Kennywood Blvd","Cosmic Chaos","2013-09-02 00:00:00"
PA,Pittsburgh,Beechview,"1601 Canton Ave","Canton Avenue","2013-09-02 00:00:00"
PA,"West Mifflin",,"488 Kennywood Blvd","The Exterminator","2013-09-02 00:00:00"
PA,"West Mifflin",,"4800 Kennywood Blvd","Phantom's Revenge","2013-09-02 00:00:00"
PA,"West Mifflin",,"4800 Kennywood Blvd","Kennywood Park","2013-09-01 00:00:00"
PA,Pittsburgh,"Squirrel Hill","1922 Murray Ave","Gullifty's Restaurant","2013-08-30 00:00:00"
PA,Pittsburgh,Downtown,"539 Liberty Ave","Dream Cream Ice Cream","2013-08-27 00:00:00"
PA,Pittsburgh,Downtown,"115 Forbes Ave","Fat Tommy's Pizzeria","2013-08-27 00:00:00"
PA,Pittsburgh,"North Side","400 N Shore Dr","Stage AE","2013-08-23 00:00:00"
PA,Pittsburgh,,"325 Mt Lebanon Blvd","Italian Village Pizza","2013-08-23 00:00:00"
PA,Pittsburgh,"Strip District","1620 Penn Ave","Altar Bar","2013-08-23 00:00:00"
PA,Pittsburgh,Brookline,"1256 Brookline Blvd","James M Kyros, DMD","2013-08-23 00:00:00"
PA,"West Mifflin",,"2600 Skyline Dr","Jim's Famous Sauce","2013-08-11 00:00:00"
PA,Pittsburgh,Banksville,"3025 Banksville Rd","City Oven","2013-08-10 00:00:00"
PA,Pittsburgh,,"1500 Washington Rd",Houlihan's,"2013-08-03 00:00:00"
PA,Pittsburgh,Bloomfield,"4715 Liberty Ave","Oh! Yogurt","2013-08-03 00:00:00"
PA,"Mount Lebanon",,"711 Washington Rd","Bistro 19","2013-08-03 00:00:00"
PA,Pittsburgh,Bloomfield,"4601 Liberty Ave",Tessaro's,"2013-08-03 00:00:00"
PA,"Mount Washington","Mt. Washington","200 Virginia Ave","Cestone's Pizza","2013-08-01 00:00:00"
PA,Pittsburgh,Dormont,"2973 W Liberty Ave","The Exchange","2013-08-01 00:00:00"
PA,Pittsburgh,"Strip District","1611 Penn Ave","Little Shanghai","2013-08-01 00:00:00"
PA,Pittsburgh,,"300 Beverly Rd","Cafe io","2013-07-31 00:00:00"
PA,Pittsburgh,"Squirrel Hill","5875 Forbes Ave","Everyday Noodles","2013-07-24 00:00:00"
PA,"West Mifflin",,"2240 Lebanon Church Rd","Handel's Homemade Ice Cream & Yogurt","2013-07-22 00:00:00"
PA,Pittsburgh,,"951 Killarney Dr","South Hills Electric","2013-07-21 00:00:00"
PA,"West Mifflin",,"2280 Lebanon Church Rd",Wendy's,"2013-07-21 00:00:00"
PA,Pittsburgh,,"2940 Library Rd","Busy Beaver","2013-07-21 00:00:00"
PA,Pittsburgh,"West End","1165 McKinney Ln","Parkway Center Mall","2013-07-08 00:00:00"
PA,Pittsburgh,Downtown,"601 Commonwealth Pl","Point State Park","2013-07-07 00:00:00"
PA,Pittsburgh,Greentree,"900 Parish St","Three Rivers Regatta","2013-07-07 00:00:00"
PA,Pittsburgh,Downtown,,"Point State Park Fountain","2013-07-07 00:00:00"
PA,"Mt. Lebanon",,"1539 Washington Rd","Primanti Bros.","2013-07-07 00:00:00"
PA,Pittsburgh,"North Side","353 North Shore Dr","Tilted Kilt Pub & Eatery","2013-07-05 00:00:00"
PA,Pittsburgh,Lawrenceville,"3525 Liberty Ave","Church Brew Works","2013-06-30 00:00:00"
PA,Pittsburgh,Downtown,"525 Penn Ave","Fu Lai Chinese Restaurant","2013-06-30 00:00:00"
PA,"Bethel Park",,"4960 Library Rd","Pizza Hut","2013-06-23 00:00:00"
PA,Pittsburgh,,"1600 Painters Run Rd",Cinco,"2013-06-23 00:00:00"
PA,"Bethel Park",,"5029 Library Rd","Rita's Italian Ice","2013-06-23 00:00:00"
PA,Pittsburgh,,"6570 Rt 60 Steubenville Pike",Applebee's,"2013-06-23 00:00:00"
PA,"Bethel Park",,"4601 Library Rd","Binali Pizza","2013-06-23 00:00:00"
PA,Pittsburgh,,"2101 Greentree Rd",Applebee's,"2013-06-22 00:00:00"
PA,Pittsburgh,Brookline,"1801 Pioneer Ave","Moore Park","2013-06-19 00:00:00"
PA,"Bethel Park",,"3044 Industrial Blvd","Beverly Services","2013-06-19 00:00:00"
PA,Pittsburgh,Brookline,"815 Brookline Blvd","Isis Cafe","2013-06-19 00:00:00"
PA,"West Mifflin",,"2200 Lebanon Church Rd",Denny's,"2013-06-19 00:00:00"
PA,"West Mifflin",,"3075 Clairton Rd","Century III Mall","2013-06-19 00:00:00"
PA,Pittsburgh,,"3759 Library Rd","McGinnis John Special Food Store","2013-06-18 00:00:00"
PA,Pittsburgh,"East Liberty","130 S Highland Ave","Abay Ethiopian Cuisine","2013-06-12 00:00:00"
PA,Pittsburgh,Lawrenceville,"3519 Butler St",Tamari,"2013-06-11 00:00:00"
PA,Pittsburgh,"South Side","2126 E Carson St","IVP Bar & Grill","2013-06-04 00:00:00"
PA,Homestead,Homestead,"285 E Waterfront Dr","The Waterfront","2013-06-02 00:00:00"
PA,Bridgeville,,"1027 Washington Pike","Sonic Drive In","2013-05-31 00:00:00"
PA,Homestead,Homestead,"152 E Bridge St","Gran Agave Mexican Restaurant","2013-05-31 00:00:00"
PA,Pittsburgh,Banksville,"1150 Banksville Rd","Namaste India","2013-05-20 00:00:00"
PA,Pittsburgh,Downtown,"237 7th St","Benedum Center for the Performing Arts","2013-05-20 00:00:00"
PA,Pittsburgh,"Strip District","2106 Penn Ave","Luke Wholey's Wild Alaskan Grille","2013-05-12 00:00:00"
PA,Pittsburgh,Downtown,"4 Market Sq","La Gondola Pizzeria & Restaurant","2013-05-12 00:00:00"
PA,Pittsburgh,,"1717 Cochran Rd","DeBlasio's Restaurant","2013-05-06 00:00:00"
PA,Pittsburgh,,"1741 Washington Rd",Walgreens,"2013-05-06 00:00:00"
PA,Pittsburgh,,"700 Ft Couch Rd","AMC South Hills Village 10","2013-05-06 00:00:00"
PA,Pittsburgh,Downtown,"957 Liberty Ave","Indo: Asian Fusion","2013-05-06 00:00:00"
PA,Pittsburgh,,"5200 Clairton Blvd","Sugar & Spice","2013-05-05 00:00:00"
PA,Pittsburgh,Garfield,"5491 Penn Ave","Verde Mexican Kitchen & Cantina","2013-05-05 00:00:00"
PA,Pittsburgh,Lawrenceville,"3939 Butler St","Rite Aid","2013-05-05 00:00:00"
PA,Millvale,Millvale,"624 N Ave","Crazy Cones of Millvale","2013-05-02 00:00:00"
PA,Pittsburgh,,"5981 Baptist Rd","Duke's Station","2013-05-02 00:00:00"
PA,Pittsburgh,,"689 Washington Rd","Potomac Bakery","2013-05-01 00:00:00"
PA,Pittsburgh,Allentown,"823 E Warrington Ave","No 1 China House","2013-05-01 00:00:00"
PA,Pittsburgh,,"271 Clairton Blvd",Denny's,"2013-05-01 00:00:00"
PA,Homestead,Homestead,"610 William Marks Way",Wendy's,"2013-05-01 00:00:00"
PA,Pittsburgh,,"4022 Saw Mill Run Blvd","51 Wings and Things","2013-04-30 00:00:00"
PA,Millvale,Millvale,"641 North Ave","Franks Pizza & Chicken","2013-04-30 00:00:00"
PA,Pittsburgh,"Strip District","1211 Penn Ave","Crystal On Penn","2013-04-30 00:00:00"
PA,Munhall,Homestead,"607 William Marks Way","Mama Pepino's","2013-04-29 00:00:00"
PA,Pittsburgh,Beechview,"2100 Broadway Ave",Davio,"2013-04-28 00:00:00"
PA,Pittsburgh,"South Side","1705 E Carson St","The Milk Shake Factory","2013-04-28 00:00:00"
PA,Pittsburgh,Lawrenceville,"4324 Butler St","Pesaro's Pizza","2013-04-28 00:00:00"
PA,Pittsburgh,Bellevue,"307 N Ave","Kayla's Cafe","2013-04-24 00:00:00"
PA,Pittsburgh,"South Side","925 E Carson St",CoGo's,"2013-04-22 00:00:00"
PA,Pittsburgh,"South Side","1414 E Carson St","Mike & Tony's Gyros","2013-04-20 00:00:00"
PA,Pittsburgh,"Strip District","1806 Smallman St","Carhops Sub Shop","2013-04-13 00:00:00"
PA,Pittsburgh,"South Side","1701 E Carson St","Cambod-Ican Kitchen","2013-04-10 00:00:00"
PA,Pittsburgh,"South Side","901 E Carson St","Sphinx Cafe","2013-04-10 00:00:00"
PA,Pittsburgh,"Strip District","50 21st St","Thin Man Sandwich Shop","2013-04-10 00:00:00"
PA,Pittsburgh,Greentree,"1006 Greentree Rd","Aracri's Greentree Inn","2013-04-10 00:00:00"
PA,Pittsburgh,"Strip District","2400 Smallman St","Kelly O's Diner","2013-04-10 00:00:00"
PA,Pittsburgh,Downtown,"16 Market Sq","DiBella's Subs","2013-04-08 00:00:00"
PA,Pittsburgh,"Strip District","2329 Penn Ave","Mullaneys Harp and Fiddle","2013-04-08 00:00:00"
PA,Pittsburgh,Downtown,"245 7th St","Sal's City Deli","2013-04-08 00:00:00"
PA,Pittsburgh,Downtown,"219 Fourth Ave","Ephesus Mediterranean Kitchen","2013-04-07 00:00:00"
PA,"Pleasant Hills",,"527 Clairton Blvd","Olive Garden Italian Restaurant","2013-04-07 00:00:00"
PA,Pittsburgh,,"300 Mcholme Dr",Burgatory,"2013-04-01 00:00:00"
PA,McMurry,,"4045 Washington Rd","AB Charles Hobby Shop","2013-03-31 00:00:00"
PA,Pittsburgh,Dormont,"3263 W Liberty Ave","Angelina's Pizzeria","2013-03-27 00:00:00"
PA,Pittsburgh,Lawrenceville,"4517 Butler St",Salud,"2013-03-24 00:00:00"
PA,Pittsburgh,"Bon Air","860 Saw Mill Run Blvd",Misaki,"2013-03-18 00:00:00"
PA,Pittsburgh,"Strip District","2015 Penn Ave","Deluca's Diner","2013-03-18 00:00:00"
PA,Pittsburgh,Downtown,"963 Liberty Ave","Fernando's Cafe","2013-03-16 00:00:00"
PA,Pittsburgh,Millvale,"400 Lincoln Ave","Mr Smalls Fun House","2013-03-11 00:00:00"
PA,Pittsburgh,Bloomfield,"4065 Penn Ave","The Grateful Deli & Catering Company","2013-03-10 00:00:00"
PA,Pittsburgh,Dormont,"2910 W Liberty Ave, Ste 1","Amazing Wok","2013-03-06 00:00:00"
PA,Pittsburgh,Brookline,"109 Brookline Blvd","Krazy Brothers Pizza N Pasta","2013-03-06 00:00:00"
PA,Pittsburgh,Brookline,"618 Brookline Blvd","Vinny's Pizza","2013-03-06 00:00:00"
PA,Pittsburgh,"Strip District","2300 Smallman St","Benkovitz Seafoods","2013-03-06 00:00:00"
PA,Pittsburgh,Downtown,"130 7th St","Grille on Seventh","2013-03-05 00:00:00"
PA,Pittsburgh,Downtown,"936 Penn Ave","Ben & Jerry's","2013-03-04 00:00:00"
PA,Pittsburgh,Downtown,"901 Penn Ave","Sinful Sweets Chocolate Company","2013-03-04 00:00:00"
PA,Pittsburgh,Downtown,"903 Penn Ave","Nicky's Thai Kitchen","2013-03-04 00:00:00"
PA,Pittsburgh,Downtown,"430 Market St","Prantl's Bakery","2013-03-04 00:00:00"
PA,"Mount Lebanon",,"656 Washington Rd","A'Pizza Badamo","2013-03-04 00:00:00"
PA,Pittsburgh,Brookline,"1011 Brookline Blvd","It's Greek To Me","2013-03-03 00:00:00"
PA,Pittsburgh,Banksville,"1378 Banksville Rd",Arby's,"2013-03-03 00:00:00"
PA,Pittsburgh,Lawrenceville,"4500 Butler St","Vocelli Pizza","2013-03-03 00:00:00"
PA,Pittsburgh,Downtown,"822 Liberty Ave","Pittsburgh Popcorn","2013-02-25 00:00:00"
PA,Pittsburgh,Downtown,"967 Liberty Ave","The Exchange","2013-02-25 00:00:00"
PA,Pittsburgh,Downtown,"430 Market St","Diamond Market Bar & Grill","2013-02-25 00:00:00"
PA,Pittsburgh,Beechview,"2056 Broadway Ave","Casa Rasta","2013-02-25 00:00:00"
PA,Pittsburgh,Downtown,"971 Liberty Ave","Tonic Bar & Grill","2013-02-24 00:00:00"
PA,Pittsburgh,"South Side","2339 E Carson St","Double Wide Grill","2013-02-24 00:00:00"
PA,Pittsburgh,Downtown,"947 Penn Ave","Sonoma Grille","2013-02-22 00:00:00"
PA,Pittsburgh,"Strip District","1121 Penn Ave","Eide's Entertainment","2013-02-20 00:00:00"
PA,Pittsburgh,"Strip District","1400 Smallman St",Lidia's,"2013-02-20 00:00:00"
PA,Pittsburgh,"Strip District","1904 Penn Ave","Roland's Seafood Grill","2013-02-20 00:00:00"
PA,Pittsburgh,,"701 Cooke Dr","Asian Cafe","2013-02-18 00:00:00"
PA,"Castle Shannon",,"300 Mount Lebanon Blvd","Bottom Dollar","2013-02-18 00:00:00"
PA,Pittsburgh,Brookline,"109 Capital Ave","Le Cupcake Shoppe","2013-02-17 00:00:00"
PA,"Bethel Park",,"301 S Hills Village","South Hills Village","2013-02-13 00:00:00"
PA,Pittsburgh,Beechview,"2056 Broadway Ave","Lunardi's Ristorante","2013-02-10 00:00:00"
PA,Pittsburgh,Banksville,"3105 Banksville Rd","Whiskey Hollow Grill","2013-02-10 00:00:00"
PA,Pittsburgh,Millvale,"114 Grant Ave","Grant Bar","2013-02-03 00:00:00"
PA,Pittsburgh,,"315 Cochran Rd","Dollar General","2013-02-03 00:00:00"
PA,Pittsburgh,,"3611 Library Rd","The Original Gyro","2013-01-28 00:00:00"
PA,Pittsburgh,Bloomfield,"5221 Baum Blvd","Ritters Diner","2013-01-28 00:00:00"
PA,Pittsburgh,,"328 Cochran Rd","Cvs Pharmacy","2013-01-28 00:00:00"
PA,Pittsburgh,,"1500 Washington Rd",Galleria,"2013-01-28 00:00:00"
PA,Pittsburgh,,"1500 Washington Rd","China Gate","2013-01-27 00:00:00"
PA,Pittsburgh,Beechview,"2128 Broadway Ave","SLICE on Broadway","2013-01-27 00:00:00"
PA,"Lower Lawrenceville",Lawrenceville,"3810 Butler St",Franktuary,"2013-01-27 00:00:00"
PA,Pittsburgh,Dormont,"1439 Potomac Ave","Knossos Gyros & Sis-Kabob","2013-01-21 00:00:00"
PA,Pittsburgh,Downtown,"24 Market Sq",NOLA,"2013-01-21 00:00:00"
PA,Pittsburgh,,"2101 Green Tree Rd",Osaka,"2013-01-21 00:00:00"
PA,Pittsburgh,,"665 Washington Rd","Kous Kous Cafe","2013-01-21 00:00:00"
PA,Pittsburgh,Dormont,"1691 McFarland Rd","Dairy Queen","2013-01-21 00:00:00"
PA,Pittsburgh,Banksville,"2515 Banksville Rd",Staples,"2013-01-20 00:00:00"
PA,Pittsburgh,Downtown,"210 6th St","Fraley's Robot Repair","2013-01-20 00:00:00"
PA,Pittsburgh,,"3610 Library Rd","VCA Castle Shannon Animal Hospital","2013-01-20 00:00:00"
PA,Pittsburgh,"North Side","1203 Western Ave","Pittsburgh Police","2013-01-20 00:00:00"
PA,Pittsburgh,,"1717 Cochran Rd","Giant Eagle","2013-01-20 00:00:00"
PA,"Bethel Park",,"6247 Library Rd","Trolley Stop Inn","2013-01-16 00:00:00"
PA,Pittsburgh,Downtown,"600 Penn Ave, Ste 2","Heinz Hall For the Performing Arts","2013-01-16 00:00:00"
PA,Pittsburgh,Downtown,"526 Penn Ave",Subway,"2013-01-16 00:00:00"
PA,Pittsburgh,"North Side","1101 Western Ave","Humane Animal Rescue","2013-01-14 00:00:00"
PA,Pittsburgh,,"1230 Grove Rd","Hanni's Place","2013-01-10 00:00:00"
PA,Dormont,Dormont,"1517 Potomac Ave","Sugar Cafe","2013-01-06 00:00:00"
PA,Pittsburgh,,"3360 Library Rd, Ste 4","Trolley Barn Eatery","2013-01-06 00:00:00"
PA,Pittsburgh,Oakland,"411 S Craig St, Second Floor","Phantom of the Attic - Oakland","2012-12-31 00:00:00"
PA,Pittsburgh,Oakland,"207 S Craig St","Crepes Parisiennes","2012-12-31 00:00:00"
PA,Pittsburgh,Oakland,"3901 Forbes Ave","Original Hot Dog Shop","2012-12-31 00:00:00"
PA,Pittsburgh,,"259 Clairton Blvd","Red Lobster","2012-12-30 00:00:00"
PA,Downtown,Downtown,"245 4th Ave","Bill & Walt's Hobby Shop","2012-12-30 00:00:00"
PA,Pittsburgh,Dormont,"1449 Potomac Ave","Hollywood Theater","2012-12-30 00:00:00"
PA,Pittsburgh,Oakland,"3707 Forbes Ave",Subway,"2012-12-30 00:00:00"
PA,Pittsburgh,Downtown,"500 Liberty Ave","AJ's Inca Peruvian Restaurant","2012-12-30 00:00:00"
PA,Pittsburgh,Downtown,"945 Liberty Ave",ToonSeum,"2012-12-30 00:00:00"
PA,Pittsburgh,,"3911 Saw Mill Run Blvd","Lotus Garden","2012-12-27 00:00:00"
PA,Pittsburgh,Downtown,"24 Market Sq","Market Square","2012-12-27 00:00:00"
PA,Pittsburgh,"Strip District",,"Strip District","2012-12-27 00:00:00"
PA,Pittsburgh,Banksville,"3131 Banksville Rd","Banksville Plaza","2012-12-27 00:00:00"
PA,Pittsburgh,,"100 Terence Dr","Weiss Meats","2012-12-25 00:00:00"
PA,Pittsburgh,"South Side","54 S 12th St","Bloom Cigar Company","2012-12-25 00:00:00"
PA,Pittsburgh,Downtown,"208 6th St","Boutique 208","2012-12-24 00:00:00"
PA,"Pleasant Hills",,"296 Curry Hollow Rd","Pat Catan's Craft Center","2012-12-24 00:00:00"
PA,"Mount Lebanon",,"1778 N Highland Rd","Saigon 88","2012-12-24 00:00:00"
PA,Pittsburgh,"North Side","1101 Beaver Ave","Yellow Cab","2012-12-24 00:00:00"
PA,Pittsburgh,Downtown,"823 Penn Ave","Pizza Parma","2012-12-24 00:00:00"
PA,"Bethel Park",,"100 Broughton Rd","Fellini's Pizzeria","2012-12-23 00:00:00"
PA,Pittsburgh,"South Side","2517 E Carson St","Waffles Incaffeinated","2012-12-23 00:00:00"
PA,"Pleasant Hills",,"332 Curry Hollow Rd","Our Little Secret Cafe & Catering","2012-12-23 00:00:00"
PA,Pittsburgh,Downtown,"5 Market Sq","Winghart's Burger & Whiskey Bar","2012-12-22 00:00:00"
PA,Pittsburgh,,"5301 Grove Rd","Italian Oven Restaurant","2012-12-17 00:00:00"
PA,Pittsburgh,Dormont,"3047 W Liberty Ave","Giovanni's Pizza & Pasta","2012-12-17 00:00:00"
PA,Pittsburgh,"Strip District","2000 Smallman St",Kaya,"2012-12-17 00:00:00"
PA,Pittsburgh,,"5299 Grove Rd",Armstrong's,"2012-12-17 00:00:00"
PA,Pittsburgh,Shadyside,"258 S Highland Ave","Pizza Perfectta","2012-12-17 00:00:00"
PA,Pittsburgh,,"636 Washington Rd","Little Tokyo","2012-12-16 00:00:00"
PA,"Bethel Park",,"5159 Library Rd","Dannys Pizza","2012-12-09 00:00:00"
PA,Pittsburgh,,"2101 Greentree Rd","Tamarind Savoring India","2012-12-03 00:00:00"
PA,Pittsburgh,,"1910 Cochran Rd","Dukes Rib House & Grille","2012-12-02 00:00:00"
PA,Pittsburgh,,"799 Castle Shannon Blvd","SHOP 'n SAVE","2012-11-26 00:00:00"
PA,Pittsburgh,,"4101 Library Rd","The Pizza Company","2012-11-26 00:00:00"
PA,Pittsburgh,,"251 Clairton Blvd",Petco,"2012-11-25 00:00:00"
PA,"Pleasant Hills",,"523 Clairton Blvd",PetSmart,"2012-11-25 00:00:00"
PA,Pittsburgh,,"1717 Cochran Rd","Red Tea House","2012-11-23 00:00:00"
PA,"Jefferson Hills",,"1360 Rte 51 S","Blue Flame Restaurant","2012-11-22 00:00:00"
PA,Pittsburgh,,"695 Washington Rd","Yogli Mogli","2012-11-17 00:00:00"
PA,Pittsburgh,,"1687 Washington Rd Ste 3","Lucky Chinese Express","2012-11-17 00:00:00"
PA,Pittsburgh,Dormont,"1430 Potomac Ave","The Dor-Stop Restaurant","2012-11-17 00:00:00"
PA,Pittsburgh,Downtown,"14 Smithfield St","Pizza Fiesta","2012-11-17 00:00:00"
PA,Pittsburgh,Downtown,"221 Forbes Ave","Bluebird Kitchen","2012-11-11 00:00:00"
PA,Pittsburgh,"Strip District","1906 Penn Ave","Little Bangkok In the Strip","2012-11-11 00:00:00"
PA,"McKees Rocks",,"508 Island Ave","Doughboy's Pizza","2012-11-11 00:00:00"
PA,"Mount Lebanon",,"665 Washington Rd","My Big Fat Greek Gyro","2012-11-11 00:00:00"
PA,Pittsburgh,Dormont,"1525 Potomac Ave","Molly's Pizza","2012-11-11 00:00:00"
PA,Pittsburgh,,"186 Castle Shannon Blvd","Luma Restaurant","2012-11-10 00:00:00"
PA,Pittsburgh,"Strip District","1125 Penn Ave",Sandpresso,"2012-11-10 00:00:00"
PA,"Bethel Park",,"2800 Oxford Dr","TGI Fridays","2012-10-22 00:00:00"
PA,"Bethel Park",,"7000 Oxford Dr","Giant Eagle Market District","2012-10-22 00:00:00"
PA,Pittsburgh,Beechview,"1557 Broadway Ave","Brew On Broadway","2012-10-22 00:00:00"
PA,Pittsburgh,Brookline,"1162 Brookline Blvd",Eggheads,"2012-10-22 00:00:00"
PA,Pittsburgh,Overbrook,"2513 Transport St","Jb's Pizza Place","2012-10-21 00:00:00"
PA,Wexford,,"3754 Wexford Run Rd","Shenot Farm Market","2012-10-21 00:00:00"
PA,Pittsburgh,Homewood,"6620 Hamilton Ave","Humane Animal Rescue","2012-10-15 00:00:00"
PA,Pittsburgh,,"300 Beverly Rd","Green Garden","2012-10-15 00:00:00"
PA,Pittsburgh,,"5100 Clairton Blvd","Eat'n Park Restaurant","2012-10-07 00:00:00"
PA,"McKees Rocks",,"1800 McKees Rocks Rd","Giant Eagle","2012-10-02 00:00:00"
PA,"New Eagle",,"187 Chess St","Pittsburgh Jeans Co.","2012-10-01 00:00:00"
PA,Pittsburgh,Banksville,"2891 Banksville Rd","Pittsburgh Medical Associates, PC","2012-10-01 00:00:00"
PA,Pittsburgh,Allentown,"821 E Warrington Ave",Paisano's,"2012-09-27 00:00:00"
PA,Pittsburgh,Dormont,"1419 Potomac Ave","Potomac Bakery","2012-09-24 00:00:00"
PA,Pittsburgh,Bloomfield,"4786 Liberty Ave","Lombardozzi's Restaurant","2012-09-24 00:00:00"
PA,Pittsburgh,,"250 Summit Park Dr","Walmart Supercenter","2012-09-24 00:00:00"
PA,Pittsburgh,Millvale,"504 Grant Ave","Yetters Candies","2012-09-24 00:00:00"
PA,Pittsburgh,"Strip District","1721 Penn Ave",Peppi's,"2012-09-24 00:00:00"
PA,Heidelberg,,"1917 E Railroad St","Herk's Pizza","2012-09-23 00:00:00"
PA,Pittsburgh,Millvale,"513 Grant Ave","Attic Record Store","2012-09-23 00:00:00"
PA,Oakmont,,"531 Allegheny Ave","Oakmont Bakery","2012-09-16 00:00:00"
PA,Pittsburgh,Downtown,"217 9th St","Sammy's Famous Corned Beef","2012-09-16 00:00:00"
PA,Pittsburgh,"The Hill District","910 5th Ave","Souper Bowl","2012-09-16 00:00:00"
PA,Pittsburgh,,"1689 McFarland Rd","Vincenzos Pizza & Pasta","2012-09-08 00:00:00"
PA,Pittsburgh,,"1951 Park Manor Blvd","Steak 'n Shake","2012-09-03 00:00:00"
PA,Pittsburgh,,"2001 Park Manor Blvd",Ikea,"2012-09-02 00:00:00"
PA,Pittsburgh,,"5242 Clairton Blvd","CVS Pharmacy","2012-09-01 00:00:00"
PA,Pittsburgh,"Crafton Heights","1178 Steuben St","Better-Maid Donut","2012-08-30 00:00:00"
PA,Pittsburgh,Shadyside,"733 Copeland St","Chica Loca Taco","2012-08-29 00:00:00"
PA,Pittsburgh,Shadyside,"5529 Walnut St","Happy Berry Frozen Yogurt","2012-08-28 00:00:00"
PA,"Bethel Park",,"4976 Library Rd","Golden Wok Inn","2012-08-28 00:00:00"
PA,Pittsburgh,Shadyside,"5421 Walnut St","Shadyside Variety Store","2012-08-28 00:00:00"
PA,Pittsburgh,Shadyside,"5522 Walnut St","Kards Unlimited","2012-08-28 00:00:00"
PA,"West Mifflin",,"2351 Century Dr","Walmart Supercenter","2012-08-28 00:00:00"
PA,Pittsburgh,,"1910 Cochran Rd","Max & Erma's","2012-08-28 00:00:00"
PA,Pittsburgh,Shadyside,"5414 Walnut St","Shadyside Market & Deli","2012-08-28 00:00:00"
PA,Pittsburgh,,"1980 Park Manor Blvd","Ya Fei","2012-08-18 00:00:00"
PA,"Bethel Park",,"301 S Hills Village Mall","Saga Hibachi Steakhouse & Sushi Bar","2012-08-18 00:00:00"
PA,"Bethel Park",,"4940 Library Rd",Brusters,"2012-08-18 00:00:00"
PA,Pittsburgh,Downtown,"401 Wood St",Subway,"2012-08-18 00:00:00"
PA,Pittsburgh,"East Carnegie","193 Chartiers Ave","Cellone's Bakery, Inc.","2012-08-18 00:00:00"
PA,Pittsburgh,,"1106 Castle Shannon Blvd","Cappys Pizza & Ribs","2012-08-18 00:00:00"
PA,"Bethel Park",,"2785 S Park Rd","Twin Kiss","2012-08-13 00:00:00"
PA,"Bethel Park",,"2783 S Park Rd","Ann's Chophouse","2012-08-13 00:00:00"
PA,"Bethel Park",,"5055 Library Rd, Ste 5","Giant Eagle","2012-08-13 00:00:00"
PA,"West Mifflin",,"2207 Mountain View Dr",Chili's,"2012-08-05 00:00:00"
PA,Pittsburgh,Dormont,"2928 W Liberty Ave","Papa John's Pizza","2012-08-05 00:00:00"
PA,Pittsburgh,"South Side","1719 E Carson St","Folino's Ristorante","2012-07-22 00:00:00"
PA,Pittsburgh,"Mt. Oliver","243 Brownsville Rd","Great Wall Chinese Food","2012-07-22 00:00:00"
PA,Pittsburgh,Bloomfield,"4717 Liberty Ave","Wai Wai Chinese Cuisine","2012-07-21 00:00:00"
PA,Pittsburgh,"Strip District","155 21st St","Chicken Latino","2012-07-21 00:00:00"
PA,Pittsburgh,Greentree,"971 Greentree Rd","Olive Garden Italian Restaurant","2012-07-21 00:00:00"
PA,Pittsburgh,Bloomfield,"4709 Liberty Ave","Sugar Cane Cafe","2012-07-20 00:00:00"
PA,Pittsburgh,Bloomfield,"4624 Liberty Ave","Caliente Pizza & Drafthouse","2012-07-19 00:00:00"
PA,"Bethel Park",,"5185 Library Rd","Jiffy Lube","2012-07-15 00:00:00"
PA,"Bethel Park",,"2840 S Park Rd","Jim & Lou Lous","2012-07-15 00:00:00"
PA,Pittsburgh,Downtown,"961 Liberty Ave","Steel City Diner","2012-07-15 00:00:00"
PA,Pittsburgh,Lawrenceville,"4305 Butler St","Industry Public House","2012-07-09 00:00:00"
PA,Pittsburgh,Bloomfield,"4200 Penn Ave","Caffe Mona La Bistro","2012-07-03 00:00:00"
PA,Pittsburgh,"Troy Hill","800 Vinial St","Penn Brewery","2012-06-30 00:00:00"
PA,Pittsburgh,"Mt. Washington","225 Shiloh St","Grandview Bakery","2012-06-30 00:00:00"
PA,Pittsburgh,"Mt. Washington","223 Shiloh St","Packs & Dogs","2012-06-30 00:00:00"
PA,"West Mifflin",,"9971 Mountain View Dr","The Home Depot","2012-06-30 00:00:00"
PA,"Pleasant Hills",,"410 Clairton Blvd","Steak 'n Shake","2012-06-29 00:00:00"
PA,Pittsburgh,"Mt. Washington","123 Shiloh St","Shiloh Grill","2012-06-28 00:00:00"
PA,Pittsburgh,Lawrenceville,"4415 Butler St","Sinful Sweets","2012-06-23 00:00:00"
PA,Pittsburgh,Lawrenceville,"290 40th St","Arsenal Park","2012-06-23 00:00:00"
PA,Pittsburgh,"North Side","777 Casino Dr","Rivers Casino","2012-06-20 00:00:00"
PA,Pittsburgh,Downtown,"500 Grant St","The Carlton","2012-06-19 00:00:00"
PA,Pittsburgh,Downtown,"601 Grant St","Dunkin' Donuts","2012-06-17 00:00:00"
PA,Pittsburgh,Bloomfield,"4028 Penn Ave","Fazio's Pizza","2012-06-17 00:00:00"
PA,Pittsburgh,Lawrenceville,"4207 Butler St","Hambone's Neighborhood Bar and Grill","2012-06-17 00:00:00"
PA,Pittsburgh,Downtown,"531 Grant St","Bruegger's Bagels & Jamba Juice","2012-06-17 00:00:00"
PA,Pittsburgh,"South Side","1308 E Carson St","Vogt True Value Hardware","2012-06-17 00:00:00"
PA,Pittsburgh,Bloomfield,"4210 Main St","Twisters Soft Serve Ice Cream","2012-06-17 00:00:00"
PA,Pittsburgh,Bloomfield,"4067 Penn Ave","Sammy's Famous Corned Beef","2012-06-15 00:00:00"
PA,McKeesport,,"927 5th Ave","Minerva Bakery","2012-06-14 00:00:00"
PA,Pittsburgh,,"615 Washington Rd, Ste 403","South Hills Electric Heating Cooling","2012-06-14 00:00:00"
PA,Pittsburgh,Dormont,"2947 W Liberty Ave","Fine Wine & Good Spirits","2012-06-14 00:00:00"
PA,Pittsburgh,"Strip District","2801 Penn Ave","Klavon's Ice Cream Parlor","2012-06-13 00:00:00"
PA,Pittsburgh,,"1118 S Braddock Ave","D's Six Pax & Dogz","2012-06-13 00:00:00"
PA,Pittsburgh,Carrick,"2158 Brownsville Rd","Hunan Wok Chinese Takeout","2012-06-13 00:00:00"
PA,Pittsburgh,,"1200 S Braddock Ave","McBroom Distributor","2012-06-13 00:00:00"
PA,Pittsburgh,Carnegie,"305 7th Ave","Monte Cello's Downtown","2012-06-12 00:00:00"
PA,Pittsburgh,Downtown,"650 Smithfield St","Yimmy's Deli","2012-06-12 00:00:00"
PA,Pittsburgh,Downtown,"630 Smithfield St","S.W. Randall Toyes & Giftes","2012-06-11 00:00:00"
PA,Pittsburgh,Greentree,"1000 Greentree Rd","Mario's Pizza","2012-06-06 00:00:00"
PA,Pittsburgh,Downtown,"626 Smithfield St","Wiener World","2012-06-06 00:00:00"
PA,Pittsburgh,,"130 Andrew Dr","Max & Erma's","2012-06-04 00:00:00"
PA,Pittsburgh,,"301 S Hills Vlg","Barnes & Noble Booksellers","2012-06-04 00:00:00"
PA,Pittsburgh,Beechview,"2102 Pauline Ave","Patrick E Chase Plumbing & Heating","2012-06-03 00:00:00"
PA,Pittsburgh,Downtown,"639 Smithfield St","Smithfield Cafe","2012-06-02 00:00:00"
PA,Pittsburgh,Bloomfield,"4320 Penn Ave","Taste of India","2012-06-02 00:00:00"
PA,Pittsburgh,Downtown,"218 Forbes Ave","George Aiken","2012-06-02 00:00:00"
PA,Pittsburgh,,"297 Beverly Rd","Sushi Three","2012-06-02 00:00:00"
PA,Pittsburgh,Downtown,"400 Fifth Ave","Arcade Bakery & Cafe","2012-06-02 00:00:00"
PA,Pittsburgh,"South Side","1330 Bingham St","Gypsy Cafe","2012-06-01 00:00:00"
PA,Pittsburgh,Bloomfield,"4108-10 Penn Ave","Los Cabos Mexican Restaurant","2012-05-29 00:00:00"
PA,Pittsburgh,Downtown,"555 Grant St","MixStirs Cafe","2012-05-29 00:00:00"
PA,Pittsburgh,Downtown,"673 Liberty Ave","Istanbul Grille","2012-05-29 00:00:00"
PA,Pittsburgh,,"600 Townesquare Way","Giant Eagle","2012-05-29 00:00:00"
PA,Pittsburgh,Downtown,"612 Smithfield St","Carnegie Library of Pittsburgh","2012-05-29 00:00:00"
PA,Pittsburgh,Shadyside,"345 6th Ave","Port Authority of Allegheny County","2012-05-29 00:00:00"
PA,Pittsburgh,Downtown,"961 Liberty Ave","Hanlon's Cafe","2012-05-29 00:00:00"
PA,Carnegie,,"2100 Washington Pike","Kings Family Restaurant","2012-05-28 00:00:00"
PA,Pittsburgh,"Mt. Washington","120 Shiloh St","Difiore's Ice Cream Delite","2012-05-28 00:00:00"
PA,Carnegie,,"2200 Washington Pike",Walmart,"2012-05-28 00:00:00"
PA,Carnegie,,"2100 Washington Pike",Lowe's,"2012-05-28 00:00:00"
PA,Pittsburgh,"North Side","1505 Metropolitan St","B L Cream Co","2012-05-28 00:00:00"
PA,Pittsburgh,Downtown,"927 Liberty Ave","Mike & Tony's Gyros","2012-05-28 00:00:00"
PA,Pittsburgh,"Mt. Washington","201 Shiloh St","Redbeard's Bar & Grill","2012-05-28 00:00:00"
PA,Pittsburgh,,"2570 Boyce Plaza Rd","Victorian Finance","2012-05-18 00:00:00"
PA,Pittsburgh,Downtown,"411 Seventh Ave","Duquesne Light","2012-05-18 00:00:00"
PA,Pittsburgh,Downtown,,"OLeary HOME Inspection","2012-05-18 00:00:00"
PA,Pittsburgh,"South Side","1 W Station Sq Dr","Trib Total Media Amphitheatre","2012-05-16 00:00:00"
PA,Pittsburgh,"West End","2350 Noblestown Rd, Ste 13",Eggs-R-Us,"2012-05-16 00:00:00"
PA,Pittsburgh,"West End","1316 Poplar St",Antney's,"2012-05-16 00:00:00"
PA,Pittsburgh,"The Hill District","1202 5th Ave","China Wok","2012-05-16 00:00:00"
PA,Pittsburgh,"Strip District","2216 Penn Ave","Bar Marco","2012-05-13 00:00:00"
PA,Pittsburgh,Shadyside,"6018 Centre Ave","Paris 66","2012-05-11 00:00:00"
PA,Pittsburgh,Beechview,"1603 Broadway Ave","Crested Duck Charcuterie","2012-05-11 00:00:00"
PA,Pittsburgh,Dormont,"3229 W Liberty Ave",Katana,"2012-05-10 00:00:00"
PA,Pittsburgh,,"3546 Saw Mill Run Blvd","Pizza Shack","2012-04-28 00:00:00"
PA,Pittsburgh,Dormont,"3001 W Liberty Ave",Mexi-Casa,"2012-04-22 00:00:00"
PA,Pittsburgh,Carrick,"1119 Brownsville Rd","Shop 'n Save","2012-04-21 00:00:00"
PA,Coraopolis,,"1210 Fifth Ave","Suburban Floral Shoppe","2012-04-20 00:00:00"
PA,Pittsburgh,,"288 W Steuben St",Creekhouse,"2012-04-17 00:00:00"
PA,Pittsburgh,Greentree,"2749 Noblestown Rd","The Hop House","2012-04-15 00:00:00"
PA,Pittsburgh,Oakland,"3526 Blvd Of The Allies","Papa Da Vinci","2012-04-01 00:00:00"
PA,Pittsburgh,Banksville,"1000 Banksville Rd","Pittsburgh Barbecue Company","2012-03-29 00:00:00"
PA,Pittsburgh,"Strip District","2120 Penn Ave","Pho Van","2012-03-24 00:00:00"
PA,Pittsburgh,Dormont,"1409 Potomac Ave","Thai Spoon","2012-03-24 00:00:00"
PA,Pittsburgh,,"1 Robinson Plz, Bldg 1","Ditka's Pittsburgh","2012-03-19 00:00:00"
PA,Pittsburgh,"Strip District","2923 Penn Ave","Salem's Market & Grill","2012-03-19 00:00:00"
PA,Pittsburgh,Beechview,"2102 Broadway Ave","Casa Rasta","2012-03-18 00:00:00"
PA,Pittsburgh,"Highland Park","5801 Bryant St","Park Bruges","2012-03-12 00:00:00"
PA,Pittsburgh,Oakland,"4400 Forbes Ave","Carnegie Museums of Pittsburgh","2012-03-12 00:00:00"
PA,"Green Tree",,"2229 Swallow Hill Rd","The Original Pancake House","2012-03-11 00:00:00"
PA,Pittsburgh,,"100 Park Manor Dr","Eat'n Park","2012-03-08 00:00:00"
PA,Pittsburgh,"North Side","Penn Ave Pl","Highmark Blue Cross Blue Shield","2012-03-08 00:00:00"
PA,Pittsburgh,"West End","1900 Woodville Ave","Johnny's Diner","2012-03-04 00:00:00"
PA,Pittsburgh,,"311 Beverly Rd","Scoops On Beverly","2012-03-04 00:00:00"
PA,Pittsburgh,,"110 Andrew Dr","Quaker Steak & Lube","2012-03-04 00:00:00"
PA,Pittsburgh,Brookline,"758 Brookline Blvd","Antonio's Pizzeria","2012-03-04 00:00:00"
PA,Pittsburgh,Lawrenceville,"5438 Butler St","Nied's Hotel","2012-02-27 00:00:00"
PA,"Robinson Township",,"1040 Settlers Ridge Center Dr","Saga Hibachi Steakhouse & Sushi Bar","2012-02-26 00:00:00"
PA,Coraopolis,,"8556 University Blvd","Eggs N'at","2012-02-26 00:00:00"
PA,Pittsburgh,Lawrenceville,"3801 Butler St","Piccolo Forno","2012-02-24 00:00:00"
PA,Pittsburgh,,"40 E Crafton Ave","Sarafino's Pasta and Pizza","2012-02-22 00:00:00"
PA,Pittsburgh,,"5321 Clairton Blvd","Pan Asia","2012-02-20 00:00:00"
PA,Pittsburgh,Lawrenceville,"108 43rd St","Kaleidoscope Café","2012-02-19 00:00:00"
PA,Pittsburgh,"South Side","425 Cinema Dr","SouthSide Works Cinema","2012-02-19 00:00:00"
PA,Dormont,Dormont,"2900 W Liberty Ave","Dormont Floral Designs","2012-02-17 00:00:00"
PA,Pittsburgh,,"3000 Robinsons Center Dr",Macy's,"2012-02-14 00:00:00"
PA,Pittsburgh,Downtown,"649 Penn Ave","Meat & Potatoes","2012-02-13 00:00:00"
PA,"Bethel Park",,"5260 Library Rd","Pasta Too","2012-02-12 00:00:00"
PA,Coraopolis,,"Moon Plz, 5980 University Blvd","Ground Round","2012-02-12 00:00:00"
PA,Pittsburgh,Lawrenceville,"3716 Butler St",Pastitsio,"2012-02-08 00:00:00"
PA,Coraopolis,,"1136 Thorn Run Rd","Armstrong's Restaurant","2012-02-06 00:00:00"
PA,Pittsburgh,Oakland,"221 Schenley Dr","The Porch at Schenley","2012-02-05 00:00:00"
PA,Pittsburgh,"South Side","5 Grandview Ave","Monongahela Incline","2012-01-30 00:00:00"
PA,Pittsburgh,,"324 McHolme Dr","Five Guys","2012-01-30 00:00:00"
PA,Pittsburgh,"Mt. Washington","122 Shiloh St","Grand Brew","2012-01-29 00:00:00"
PA,Pittsburgh,Bloomfield,"4050 Penn Ave","Tram's Kitchen","2012-01-29 00:00:00"
PA,Ambridge,,"463 Maplewood Ave","Maple Restaurant","2012-01-22 00:00:00"
PA,McKeesport,,"801 Oneil Blvd","Pizza and Gyro Express","2012-01-20 00:00:00"
PA,Pittsburgh,Dormont,"1509 Potomac Ave","Don Campiti's Pizzeria","2012-01-11 00:00:00"
PA,Pittsburgh,Greentree,"200 Fleet St","WDVE 102.5 FM","2012-01-10 00:00:00"
PA,Pittsburgh,,"6509 Robinson Centre Dr","Cold Stone Creamery","2012-01-09 00:00:00"
PA,Pittsburgh,,"6535 Robinson Ctr Dr","Jose' Ole' Mexican Grill","2012-01-09 00:00:00"
PA,"Pleasant Hills",,"176 Curry Hollow Rd","The Baltimore House","2012-01-08 00:00:00"
PA,Pittsburgh,,"6535 Robinson Ctr Dr","The Exchange","2012-01-08 00:00:00"
PA,Irwin,,"12570 State Rte 30","Spitz Auto","2012-01-03 00:00:00"
PA,Murrysville,,"4200 William Penn Hwy","Dick's Diner","2012-01-03 00:00:00"
PA,Monroeville,,"4201 William Penn Hwy","Pier 1 Imports","2012-01-03 00:00:00"
PA,Monroeville,,"4155 William Penn Hwy","Sammy's Kebab House","2012-01-03 00:00:00"
PA,Monroeville,,"4175 William Penn Hwy","NTB - National Tire & Battery","2012-01-03 00:00:00"
PA,Monroeville,,"4209 William Penn Hwy","Moio's Italian Pastry Shop","2012-01-03 00:00:00"
PA,Pittsburgh,Dormont,"3285 W Liberty Ave","Uncle Tony's Pizza","2011-12-31 00:00:00"
PA,Pittsburgh,Bloomfield,"4428 Liberty Ave","Del's Bar and Ristorante DelPizzo","2011-12-25 00:00:00"
PA,Pittsburgh,Shadyside,"242 S Highland Ave",Kanok,"2011-12-19 00:00:00"
PA,Pittsburgh,"Strip District","2208 Penn Ave","Penn Ave Fish Company","2011-12-19 00:00:00"
PA,Pittsburgh,"South Side","226 W Station Square Dr","Joe's Crab Shack","2011-12-19 00:00:00"
PA,Pittsburgh,Brookline,"620 Brookline Blvd",Pitaland,"2011-12-18 00:00:00"
PA,Pittsburgh,"Strip District","2204 Penn Ave","S&D Polish Deli","2011-12-18 00:00:00"
PA,Pittsburgh,,"3360 Library Rd","China Village","2011-12-15 00:00:00"
PA,Pittsburgh,,"660 Washington Rd","Molly Brannigans","2011-12-14 00:00:00"
PA,Carnegie,,"1073 Washington Ave","Gab & Eat","2011-12-04 00:00:00"
PA,Pittsburgh,,"2760 Saw Mill Run Blvd","California Taco Shop","2011-12-02 00:00:00"
PA,Pittsburgh,"West End","400 S Main St","The Cozy Cafe","2011-11-27 00:00:00"
PA,Pittsburgh,,"900 Park Ave","Kimmie's Lounge & Restaurant","2011-11-26 00:00:00"
PA,Pittsburgh,Lawrenceville,"3811 Butler St","Coca Cafe","2011-11-24 00:00:00"
PA,Pittsburgh,,"Scott Towne Center, 2101 Greentree Rd","Mad Mex - South Hills","2011-11-21 00:00:00"
PA,Pittsburgh,"North Side","393 N Shore Dr","Jerome Bettis' Grille 36","2011-11-18 00:00:00"
PA,Bellevue,Bellevue,"559 Lincoln Ave","Dari-Villa Restaurant","2011-11-13 00:00:00"
PA,Pittsburgh,Greentree,"979 Greentree Rd","Einstein Bros Bagels","2011-11-12 00:00:00"
PA,Pittsburgh,,"1230 Settlers Ridge Center Drive","Red Robin Gourmet Burgers","2011-11-12 00:00:00"
PA,Pittsburgh,Dormont,"2961 W Liberty Ave","Dunkin' Donuts","2011-11-10 00:00:00"
PA,Pittsburgh,,"1630 Washington Rd","Trader Joe's","2011-11-07 00:00:00"
PA,Pittsburgh,Dormont,"3075 W Liberty Ave","CVS Pharmacy","2011-11-07 00:00:00"
PA,Pittsburgh,,"1614 Washington Rd","Stone Pepper's Grill Bar","2011-11-06 00:00:00"
PA,Pittsburgh,Greenfield,"201 Saline St","Big Jim's Restaurant & Bar","2011-10-30 00:00:00"
PA,Pittsburgh,"South Side","1515 E Carson St","Local Bar + Kitchen","2011-10-23 00:00:00"
PA,Pittsburgh,,"630 Washington Rd","Aladdin's Eatery","2011-10-23 00:00:00"
PA,Pittsburgh,Oakland,"413 S Craig St","Union Grill","2011-10-19 00:00:00"
PA,Moon,,"9515 University Blvd","Eat'n Park","2011-10-19 00:00:00"
PA,Pittsburgh,Downtown,"20 Market Sq","Original Oyster House","2011-10-18 00:00:00"
PA,Pittsburgh,Downtown,"803 Liberty Ave","The Pittsburgh Cultural Trust","2011-10-09 00:00:00"
PA,Pittsburgh,Downtown,"133 6th St","Salonika Gyros","2011-10-09 00:00:00"
PA,Pittsburgh,,"3625 Brownsville Rd","Wang's Kitchen","2011-10-06 00:00:00"
PA,Pittsburgh,"South Side","Station Square, 125 W Station Square Dr","Sesame Inn Chinese Restaurant","2011-10-05 00:00:00"
PA,Pittsburgh,,"1113 S Braddock Ave","Root 174","2011-10-03 00:00:00"
PA,Pittsburgh,"Strip District","2350 Railroad St","Osteria 2350","2011-09-29 00:00:00"
PA,Pittsburgh,"South Side","350 W Station Sq Dr","Gateway Clipper Fleet","2011-09-25 00:00:00"
PA,Pittsburgh,Greentree,"333 Mansfield Ave","Vincent's of Green Tree","2011-09-19 00:00:00"
PA,Pittsburgh,Carrick,"1107 Brownsville Rd","No. 1 Kitchen","2011-09-19 00:00:00"
PA,Pittsburgh,,"2180 Greentree Rd",Denny's,"2011-09-18 00:00:00"
PA,Pittsburgh,Lawrenceville,"3703 Butler St, Ste 4","Sugar Boutique","2011-09-18 00:00:00"
PA,Pittsburgh,"Strip District","2840 Smallman St","Smallman Street Deli","2011-09-11 00:00:00"
PA,Robinson,,"2 Robinson Plz, Park Manor Drive","Mad Mex - Robinson","2011-09-05 00:00:00"
PA,Pittsburgh,"North Side","537 Suismon St","Max's Allegheny Tavern","2011-09-05 00:00:00"
PA,Pittsburgh,"South Side","1610 E Carson St","Blue Grotto Pizza","2011-08-31 00:00:00"
PA,Pittsburgh,"South Side","1210 E Carson St","Dave's Music Mine","2011-08-31 00:00:00"
PA,Pittsburgh,"South Side","1601 E Carson St","Diesel Club Lounge","2011-08-31 00:00:00"
PA,Pittsburgh,,"210 McHolme Dr","Papaya Thai Cuisine & Sushi Bar","2011-08-30 00:00:00"
PA,Pittsburgh,"West End","2350 Noblestown Rd","Angkor Restaurant","2011-08-29 00:00:00"
PA,Pittsburgh,Beechview,"2500 W Liberty Ave","Carhops Sub Shop","2011-08-28 00:00:00"
PA,Pittsburgh,"West End","2401 Noblestown Rd","Brighton Hot Dog Shoppe","2011-08-22 00:00:00"
PA,Pittsburgh,"South Side","125 W Station Square Drive",Houlihan's,"2011-08-21 00:00:00"
PA,Pittsburgh,"South Side","1828 E Carson St","Piper's Pub","2011-08-21 00:00:00"
PA,Pittsburgh,"South Side","2557 E Carson St","Emilliano's Mexican Restaurant and Bar","2011-08-15 00:00:00"
PA,Pittsburgh,"North Side","503 Martindale St","Clark Bar & Grill","2011-08-13 00:00:00"
PA,Pittsburgh,Lawrenceville,"5147 Butler St","Alchemy N' Ale","2011-08-09 00:00:00"
PA,Pittsburgh,Brookline,"1164 Brookline Blvd","DeMino's Pizza","2011-08-08 00:00:00"
PA,Pittsburgh,,"435 McNeilly Rd",Amels,"2011-08-04 00:00:00"
PA,Pittsburgh,,"480 Home Drive","Buffalo Wild Wings","2011-08-01 00:00:00"
PA,Pittsburgh,,"100 Robinson Center Dr","The Mall At Robinson","2011-08-01 00:00:00"
PA,Pittsburgh,,"3049 Sussex Ave","The Getaway Café","2011-07-27 00:00:00"
PA,Pittsburgh,Dormont,"3239 W Liberty Ave","Cain's Saloon","2011-07-20 00:00:00"
PA,"Robinson Township",,"2100 Settlers Ridge Center Dr","Cinemark Robinson Township","2011-07-19 00:00:00"
PA,Pittsburgh,,"200 Settler Ridge Center Dr","Settlers Ridge","2011-07-19 00:00:00"
PA,Pittsburgh,,"3089 Sussex Ave",ALDI,"2011-07-19 00:00:00"
PA,Pittsburgh,Dormont,"1810 Dormont Ave","Carini's Homemade Ice Cream & Gelato","2011-07-18 00:00:00"
PA,Pittsburgh,Banksville,"3033 Banksville Rd","The Mintt","2011-07-12 00:00:00"
PA,Pittsburgh,Banksville,"2957 Banksville Rd","Sonny & Jo's","2011-07-06 00:00:00"
PA,Pittsburgh,"North Side","700 Arch St","National Aviary","2011-07-05 00:00:00"
PA,Pittsburgh,Oakland,"320 Atwood St",Burma-Tokyo,"2011-06-30 00:00:00"
PA,Pittsburgh,Oakland,"207 Atwood St","Dave & Andy's","2011-06-29 00:00:00"
PA,Pittsburgh,Lawrenceville,"3535 Butler St","Frankie's Extra Long","2011-06-29 00:00:00"
PA,Pittsburgh,"Squirrel Hill","2112 Murray Ave","Aiello's Pizza","2011-06-28 00:00:00"
PA,Pittsburgh,"Squirrel Hill","2128 Murray Ave","Mineo's Pizza House","2011-06-28 00:00:00"
PA,"McKees Rocks",,"1815 Mckees Rocks Rd","Bob's Diner","2011-06-27 00:00:00"
PA,Pittsburgh,"Squirrel Hill","2209 Murray Ave","Ka Mei","2011-06-26 00:00:00"
PA,Pittsburgh,"Duquesne Heights","West End","Fort Pitt Tunnel","2011-06-22 00:00:00"
PA,Pittsburgh,"Squirrel Hill","5801 Forbes Ave","Carnegie Library of Pittsburgh, Squirrel Hill","2011-06-20 00:00:00"
PA,Pittsburgh,"Squirrel Hill","1712 Murray Ave","Silk Elephant","2011-06-20 00:00:00"
PA,Pittsburgh,"Squirrel Hill","5800 Forbes Ave","Cold Stone Creamery","2011-06-20 00:00:00"
PA,Pittsburgh,Brookline,"754 Brookline Blvd","Vinnie's Pretzel Shoppe","2011-06-18 00:00:00"
PA,Pittsburgh,,"200 Robinson Center Dr","LongHorn Steakhouse","2011-06-16 00:00:00"
PA,"McKees Rocks",,"1833 McKees Rocks Rd","Rockefeller's Grille","2011-06-13 00:00:00"
PA,"McKees Rocks",,"1809 McKees Rocks Rd",GetGo,"2011-06-12 00:00:00"
PA,"Robinson Township",,"6050 Robinson Ctr","Smokey Bones Bar & Fire Grill","2011-06-06 00:00:00"
PA,Pittsburgh,Downtown,"440 Market St","Mancini's Bakery","2011-06-06 00:00:00"
PA,Pittsburgh,,"4260 Steubenville Pike","Sapporo Japanese Steakhouse","2011-06-06 00:00:00"
PA,"Moon Township",,"8651 Univeristy Blvd","Primanti Bros.","2011-06-03 00:00:00"
PA,Coraopolis,,"1136 Thorn Run Rd","Kip's Ice Cream","2011-06-01 00:00:00"
PA,Pittsburgh,,"6100 Robinson Center Dr","Bahama Breeze","2011-05-31 00:00:00"
PA,Pittsburgh,Dormont,"3125 Banksville Rd","Kuhn's Market","2011-05-26 00:00:00"
PA,Pittsburgh,Banksville,"1250 Banksville Rd","Eat'n Park","2011-05-26 00:00:00"
PA,Pittsburgh,Lawrenceville,"4012 Butler St","Supreme Pizza","2011-05-26 00:00:00"
PA,Pittsburgh,,"427 Washington Rd","Pamelas Diner","2011-05-17 00:00:00"
PA,Pittsburgh,Bellevue,"1002 Ohio River Blvd","Eat'n Park","2011-05-15 00:00:00"
PA,Coraopolis,,"9002 University Blvd",Sheetz,"2011-05-15 00:00:00"
PA,"McKees Rocks",,"6093 Steubenville Pike","Fuji Sushi & Grill","2011-05-11 00:00:00"
PA,Pittsburgh,,"6150 Robinson Center Dr","Red Lobster","2011-05-04 00:00:00"
PA,Sewickley,,"201 Ohio River Blvd","Eat N Park","2011-05-02 00:00:00"
PA,Pittsburgh,,"3821 Willow Ave","Kabob-G Grill","2011-05-01 00:00:00"
PA,Pittsburgh,"South Side","125 W Station Square Dr","The Melting Pot","2011-04-21 00:00:00"
PA,Pittsburgh,,"3286 Babcock Blvd","Large Plain","2011-04-18 00:00:00"
PA,Pittsburgh,Etna,"E-commerce Gift Store",Divertido,"2011-04-12 00:00:00"
PA,Pittsburgh,,"5432 Campbell's Run Rd","Moe's Southwest Grill","2011-04-09 00:00:00"
PA,Pittsburgh,Emsworth,"8145 Ohio River Blvd","House of Lee Restaurant","2011-03-28 00:00:00"
PA,Coraopolis,,"Holiday Inn, 8256 University Blvd","Iron City Grille","2011-03-27 00:00:00"
PA,Coraopolis,,"6506 University Blvd",Kiyoshi,"2011-03-21 00:00:00"
PA,Pittsburgh,Bloomfield,"4766 Liberty Ave","Angelo's Pizzeria","2011-03-21 00:00:00"
PA,Glenshaw,,"1722 Mt Royal Blvd","Franks Pizza  and Chicken","2011-03-20 00:00:00"
PA,Pittsburgh,"East Liberty","5929 Baum Blvd","Tana Ethiopian Cuisine","2011-03-14 00:00:00"
PA,Pittsburgh,Downtown,"5 Gateway Ctr","United Steelworkers","2011-03-14 00:00:00"
PA,Pittsburgh,Oakland,"1 Schenley Park","Phipps Conservatory and Botanical Gardens","2011-03-07 00:00:00"
PA,Pittsburgh,Oakland,"1 Schenley Park","Café Phipps","2011-03-07 00:00:00"
PA,Pittsburgh,Shadyside,"5525 Walnut St","Prantl's Bakery","2011-03-07 00:00:00"
PA,Coraopolis,,"9155 University Blvd","Selma's Texas Barbeque","2011-03-07 00:00:00"
PA,"Moon Township",,"1400 Market Pl Blvd","Outback Steakhouse","2011-03-06 00:00:00"
PA,Pittsburgh,"Highland Park","5901 Bryant St","Smiling Banana Leaf","2011-03-06 00:00:00"
PA,Crafton,,"200 Park Manor Dr","TGI Fridays","2011-02-28 00:00:00"
PA,Pittsburgh,"South Side","20 S 10th St","Holiday Inn Express & Suites Pittsburgh-South Side","2011-02-28 00:00:00"
PA,Pittsburgh,"Strip District","46 18th St","Primanti Bros.","2011-02-28 00:00:00"
PA,Pittsburgh,Lawrenceville,"4001 Butler St",Wendy's,"2011-02-27 00:00:00"
PA,Pittsburgh,,"1000 Ross Park Mall Dr","China Max","2011-02-25 00:00:00"
PA,Pittsburgh,"Strip District","1630 Smallman St","Club Zoo","2011-02-25 00:00:00"
PA,Pittsburgh,Banksville,"1150 Banksville Road","Days Inn Pittsburgh","2011-02-25 00:00:00"
PA,"Ross Township",,"Ross Park Mall, 1000 Ross Park Mall Dr","The Cheesecake Factory","2011-02-21 00:00:00"
PA,Pittsburgh,,"1000 Ross Park Mall Dr, Ste C17a","Godiva Chocaltier","2011-02-21 00:00:00"
PA,Pittsburgh,,"1000 Ross Park Mall Dr","Ross Park Mall","2011-02-21 00:00:00"
PA,Pittsburgh,"Strip District","2650 Penn Ave","Jim Ludwig's Blumengarten Florist","2011-02-15 00:00:00"
PA,Pittsburgh,,"4136 Library Rd","Asian Garden","2011-02-14 00:00:00"
PA,Pittsburgh,,"1230 Grove Rd","Opa! Greek-American Cuisine","2011-02-13 00:00:00"
PA,Pittsburgh,,"932 Freeport Rd",Burgatory,"2011-02-10 00:00:00"
PA,Pittsburgh,"Strip District","2601 Smallman St","Spaghetti Warehouse","2011-02-08 00:00:00"
PA,Pittsburgh,"North Side","100 Art Rooney Ave","Pittsburgh Steelers","2011-02-07 00:00:00"
PA,Pittsburgh,"Strip District","2701 Penn Ave","Hot Franks","2011-02-05 00:00:00"
PA,Pittsburgh,"South Side","27TH E Carson St","SouthSide Works","2011-02-04 00:00:00"
PA,Pittsburgh,"Strip District","1611 Penn Ave","Maiku Sushi","2011-02-01 00:00:00"
PA,Pittsburgh,,"3107 Library Rd",Calabria's,"2011-01-29 00:00:00"
PA,Pittsburgh,,"6541 Steubenville Pke","Bob Evans","2011-01-23 00:00:00"
PA,Pittsburgh,,"6520 Steubenville Pike","Dasonii Korean Bistro","2011-01-16 00:00:00"
PA,Pittsburgh,,"4701 Campbells Run Rd","American Cafe","2011-01-16 00:00:00"
PA,Pittsburgh,,"6000 Robinson Center Dr","Olive Garden Italian Restaurant","2011-01-10 00:00:00"
PA,Pittsburgh,"North Side","1 Allegheny Ave","Carnegie Science Center","2011-01-10 00:00:00"
PA,Pittsburgh,Bloomfield,"4006 Liberty Ave","BP Gas Station","2010-12-24 00:00:00"
PA,Pittsburgh,"South Side","1728 E Carson St","Gennaro's Pizza & Pub","2010-12-19 00:00:00"
PA,Pittsburgh,"South Side","1820 E Carson St","Burger King","2010-12-19 00:00:00"
PA,Pittsburgh,"South Side","1322 E Carson St","Sal's New York Pizzeria","2010-12-19 00:00:00"
PA,Pittsburgh,"South Side","1417 E Carson St","Sola Pizza","2010-12-19 00:00:00"
PA,Pittsburgh,"South Side","1707 E Carson St","Pi Coal Fired Pizza","2010-12-19 00:00:00"
PA,Pittsburgh,Bloomfield,"4512 Liberty Ave","Pizza Italia","2010-12-18 00:00:00"
PA,Pittsburgh,,"200 Davis Blvd","Cracker Barrel Old Country Store","2010-12-06 00:00:00"
PA,Pittsburgh,"Strip District",,XFINITY,"2010-12-06 00:00:00"
PA,Pittsburgh,"Squirrel Hill","4656 Browns Hill Rd",IHOP,"2010-11-27 00:00:00"
PA,Munhall,,"3502 Main St","The Pizza Company","2010-11-22 00:00:00"
PA,Munhall,,"3814 Main St","Pizza King","2010-11-22 00:00:00"
PA,Pittsburgh,Downtown,"1001 Fifth Ave","PPG Paints Arena","2010-11-22 00:00:00"
PA,Pittsburgh,,"629 Clairton Blvd","Carmike Southland 9","2010-11-20 00:00:00"
PA,Pittsburgh,Carrick,"2800 Brownsville Rd",Cogo's,"2010-11-20 00:00:00"
PA,Pittsburgh,,"3052 Churchview Ave","Michael's Restaurant & Lounge","2010-11-20 00:00:00"
PA,Pittsburgh,"South Side","1502 E Carson St","Lesvos Gyros","2010-11-19 00:00:00"
PA,Pittsburgh,Greentree,"2351 Noblestown Rd","Phantom of the Attic","2010-11-17 00:00:00"
PA,Pittsburgh,,"698 Washington Rd","C C's Home Made Food","2010-11-17 00:00:00"
PA,Pittsburgh,,"600 Washington Rd","Rollier's Hardware","2010-11-17 00:00:00"
PA,Pittsburgh,,"1002 Sutherland Dr",IHOP,"2010-11-16 00:00:00"
PA,Finleyville,,"528 Trax Rd","Trax Farms","2010-10-31 00:00:00"
PA,Pittsburgh,"Strip District","1630 Penn Ave",McDonald's,"2010-10-24 00:00:00"
PA,Pittsburgh,Beechview,"1473 Banksville Rd","Beto's Pizza","2010-10-18 00:00:00"
PA,Munhall,Homestead,"510 E 10th Ave","Carnegie Library of Homestead","2010-10-18 00:00:00"
PA,Pittsburgh,,"517 McNeilly Rd",Subway,"2010-10-11 00:00:00"
PA,Pittsburgh,,"4144 Clairton Blvd","Venice Pizzeria","2010-10-10 00:00:00"
PA,Pittsburgh,,"98 Clairton Blvd","Boston Market","2010-10-07 00:00:00"
PA,Pittsburgh,,"1690 Cochran Rd","Taco Bell","2010-10-03 00:00:00"
PA,Pittsburgh,Carrick,"1100 Brownsville Rd.",KFC,"2010-10-03 00:00:00"
PA,Pittsburgh,Dormont,"2953 West Liberty Ave","Little Caesars Pizza","2010-10-03 00:00:00"
PA,Brentwood,,"4140 Clairton Blvd","E M Pizzeria","2010-09-26 00:00:00"
PA,Pittsburgh,Overbrook,"2795 Saw Mill Run Blvd","Dairy Queen","2010-09-26 00:00:00"
PA,Pittsburgh,Lawrenceville,"5100 Butler St","Lucky Dragon Chinese Restaurant","2010-09-17 00:00:00"
PA,Pittsburgh,,"4604 Clairton Blvd","Tavern 51","2010-09-12 00:00:00"
PA,Coraopolis,,"500 Moon Clinton Rd","Dependable Drive-In","2010-09-12 00:00:00"
PA,Pittsburgh,,"25 McMurray Rd","Outback Steakhouse","2010-09-07 00:00:00"
PA,Pittsburgh,"The Hill District","1400 Locust St","UPMC Mercy","2010-09-06 00:00:00"
PA,Pittsburgh,"Strip District","1728 Penn Ave","Fudgie Wudgie Fudge Company","2010-09-06 00:00:00"
PA,Pittsburgh,"North Side","117 Sandusky St","The Andy Warhol Museum","2010-09-06 00:00:00"
PA,Pittsburgh,"North Side","100 Art Rooney Ave","Heinz Field","2010-09-06 00:00:00"
PA,Pittsburgh,Downtown,"961 Liberty Ave","Big Mama's House of Southern Cuisine","2010-08-31 00:00:00"
PA,Pittsburgh,Downtown,"933 Liberty Ave","Planned Parenthood","2010-08-29 00:00:00"
PA,Pittsburgh,"South Side","2010 E Carson St","Real McCoy Sandwich Shop","2010-08-21 00:00:00"
PA,Pittsburgh,,"303 Beverly Rd","Little Nipper's Pizza","2010-08-20 00:00:00"
PA,Pittsburgh,"South Side","224 Bessemer Ct","Island Cafe","2010-08-20 00:00:00"
PA,Pittsburgh,,"5301 Grove Rd, Ste 1","Silk Road Gourmet Chinese","2010-08-16 00:00:00"
PA,Pittsburgh,,"5999 Baptist Rd","Kelley's Dari Delite","2010-08-16 00:00:00"
PA,"Bethel Park",,"5055 Library Rd",Walmart,"2010-08-16 00:00:00"
PA,Pittsburgh,"South Side","1602 1/2 E Carson St","Culture Shop","2010-08-15 00:00:00"
PA,Pittsburgh,"South Side","1304 E Carson St",Groovy,"2010-08-15 00:00:00"
PA,Pittsburgh,,"713 Washington Rd","Mineo's Pizza House","2010-08-15 00:00:00"
PA,Pittsburgh,Brookline,"2080 Saw Mill Run Blvd","DiCarlo's Original Pizza","2010-08-14 00:00:00"
PA,Pittsburgh,Brookline,"802 Brookline Blvd","Cannon Coffee","2010-08-12 00:00:00"
PA,Pittsburgh,Lawrenceville,"4605 Butler St","La Gourmandine Bakery & Pastry Shop","2010-08-11 00:00:00"
PA,Pittsburgh,,"81 Clairton Blvd","Pastries A-La-Carte","2010-08-09 00:00:00"
PA,Pittsburgh,"South Side","3 Station Sq","Buca di Beppo Italian Restaurant","2010-08-09 00:00:00"
PA,Pittsburgh,Brookline,"542 Brookline Blvd","Zippy's Saloon","2010-08-07 00:00:00"
PA,Pittsburgh,"South Side","230 W Station Sq Dr","Hard Rock Cafe","2010-08-05 00:00:00"
PA,Pittsburgh,Lawrenceville,"3511 Butler St","Dozen Bake Shop","2010-08-04 00:00:00"
PA,"Pleasant Hills",,"71-73 Clairton Blvd","Gali's Gyro & Grill","2010-07-31 00:00:00"
PA,Pittsburgh,,"437 McNeilly Rd","Bellisario's Pizza Palace","2010-07-31 00:00:00"
PA,Pittsburgh,"Mt. Washington",,"Mount Washington","2010-07-30 00:00:00"
PA,Pittsburgh,Oakland,"Frew St","Flagstaff Hill, Schenley Park","2010-07-26 00:00:00"
PA,"Bethel Park",,"5900 Baptist Rd","Millenium Park","2010-07-26 00:00:00"
PA,"South Park",,"Buffalo Dr","South Park","2010-07-26 00:00:00"
PA,"Bethel Park",,"4846 Library Rd","Dairy Queen","2010-07-25 00:00:00"
PA,Pittsburgh,,"5235 Clairton Blvd","Italian Village Pizza","2010-07-25 00:00:00"
PA,Pittsburgh,Brookline,"1150 Brookline Blvd","Boulevard Lounge","2010-07-24 00:00:00"
PA,Pittsburgh,Brookline,"708 Brookline Blvd, Ste 710","Carnegie Library","2010-07-24 00:00:00"
PA,Pittsburgh,Lawrenceville,"4101 Butler St","PNC Bank","2010-07-24 00:00:00"
PA,Pittsburgh,Knoxville,"516 Brownsville Rd","Aprimo Pizza","2010-07-24 00:00:00"
PA,Pittsburgh,Downtown,"101 Commonwealth Pl","Live Nation","2010-07-12 00:00:00"
PA,Pittsburgh,Downtown,"200 Lothrop St","UPMC Presbyterian","2010-07-12 00:00:00"
PA,Pittsburgh,Greentree,"200 Fleet St, Fl 4","96.1 Kiss Fm WKST","2010-07-09 00:00:00"
PA,Pittsburgh,Lawrenceville,"186 42Nd St","US Post Office","2010-07-08 00:00:00"
PA,Pittsburgh,Lawrenceville,"3817 Butler St","Circle K","2010-07-08 00:00:00"
PA,Pittsburgh,Dormont,"2892 W Liberty Ave",Moonstones,"2010-07-06 00:00:00"
PA,Pittsburgh,"South Side","100 W Station Square Dr","Station Square","2010-07-06 00:00:00"
PA,Pittsburgh,"South Side","125 W Station Square Dr","Carol's Confections","2010-07-06 00:00:00"
PA,Pittsburgh,Dormont,"1429 Potomac Ave","Mekong Restaurant","2010-07-06 00:00:00"
PA,Pittsburgh,,"1000 Bower Hill Rd","St. Clair Hospital","2010-07-04 00:00:00"
PA,Pittsburgh,Brookline,"706 Brookline Blvd","Party Cake Shop","2010-06-29 00:00:00"
PA,Pittsburgh,,"4851 Clairton Blvd","Danny's Pizza","2010-06-27 00:00:00"
PA,Pittsburgh,Downtown,"538 Smithfield St","PennDOT Photo & Exam Center","2010-06-26 00:00:00"
PA,Bridgeville,,"1025 Washington Pike","Driver's License Center","2010-06-26 00:00:00"
PA,"Bethel Park",,"5001 Library Rd","SHOP 'n SAVE","2010-06-25 00:00:00"
PA,Pittsburgh,"North Side","11 Television Hl","Wpxi Tv Channel 11","2010-06-23 00:00:00"
PA,Pittsburgh,Brookline,"533 Brookline Blvd",Sunoco,"2010-06-23 00:00:00"
PA,Pittsburgh,Downtown,"650 Smithfield St, Ste 2200","Pittsburgh City Paper","2010-06-22 00:00:00"
PA,Wildwood,,"2330 Wildwood Rd","Wildwood Highlands North Parks Family Fun Center","2010-06-22 00:00:00"
PA,Pittsburgh,"North Side","503 Martindale St, Ste 300","Pittsburgh Tribune -Review","2010-06-22 00:00:00"
PA,Pittsburgh,"Squirrel Hill","4802 5th Ave","WQED Pittsburgh","2010-06-22 00:00:00"
PA,Pittsburgh,"North Side","34 Blvd Of The Allies","Pittsburgh Post-Gazette","2010-06-22 00:00:00"
PA,Pittsburgh,"Squirrel Hill","5000 Forbes Ave","WRCT 88.3 FM","2010-06-22 00:00:00"
PA,"West Mifflin",,"3075 Clairton Rd, Ste 100",JCPenney,"2010-06-20 00:00:00"
PA,"Bethel Park",,"5200 Brightwood Rd","Bethel Bakery","2010-06-20 00:00:00"
PA,Pittsburgh,,"4755 Clairton Blvd","Old Allegheny Shoppe","2010-06-19 00:00:00"
PA,Pittsburgh,,"427 McNeilly Rd","Rita's Italian Ice","2010-06-19 00:00:00"
PA,Pittsburgh,"South Side","2010 Wharton St","Popeyes Louisiana Kitchen","2010-06-14 00:00:00"
PA,Pittsburgh,"South Side","Station Sq","Sam Thong Portraits and Caricatures","2010-06-14 00:00:00"
PA,Pittsburgh,,"1730 Park Manor Blvd","Frank's Shoes","2010-06-13 00:00:00"
PA,Pittsburgh,,"5301 Grove Rd",Frisch's,"2010-06-13 00:00:00"
PA,Pittsburgh,,"545 Ca, Ste B","Amy's Hallmark Shop","2010-06-13 00:00:00"
PA,Pittsburgh,Lawrenceville,"4000 Butler St",GetGo,"2010-06-11 00:00:00"
PA,Pittsburgh,Brookline,"536 Brookline Blvd","No Name Coffee Shop","2010-06-08 00:00:00"
PA,Pittsburgh,Downtown,"416 Smithfield St","The Exchange","2010-06-06 00:00:00"
PA,Pittsburgh,"South Side","200 S 22nd St",STORExpress,"2010-06-06 00:00:00"
PA,Pittsburgh,Dormont,"3271 W Liberty Ave","Franco's Trattoria","2010-06-06 00:00:00"
PA,Pittsburgh,Brookline,"600 Brookline Blvd","Tisha's Sunny Farms","2010-06-05 00:00:00"
PA,Pittsburgh,,"726 Frank St","Schneider's Dairy","2010-06-03 00:00:00"
PA,Pittsburgh,Beechview,"103 Capital Ave","Fiori's Pizzaria","2010-05-30 00:00:00"
PA,Pittsburgh,,"3307 Saw Mill Run Blvd","Portofino's Pizza & Pasta","2010-05-29 00:00:00"
PA,Pittsburgh,Lawrenceville,"4034 Butler St","Deli on Butler Street","2010-05-27 00:00:00"
PA,Pittsburgh,Dormont,"2911 Glenmore Ave","Dormont Dogs","2010-05-23 00:00:00"
PA,Pittsburgh,Brookline,"700 Brookline Blvd","Las Palmas Carniceria","2010-05-16 00:00:00"
PA,Pittsburgh,Brookline,"530 Brookline Blvd","Moonlite Cafe","2010-05-16 00:00:00"
PA,Pittsburgh,Lawrenceville,"4023 Butler St","Thunderbird Cafe","2010-05-12 00:00:00"
PA,Pittsburgh,Dormont,"2874 W Liberty Ave","Eat'n Park","2010-05-09 00:00:00"
PA,Pittsburgh,Brookline,"500 Brookline Blvd",Cvs/Pharmacy,"2010-05-01 00:00:00"
PA,Pittsburgh,,"1231 Grove Rd","Cibrone M & Sons Bakery","2010-04-28 00:00:00"
PA,Pittsburgh,Greentree,"200 Fleet St","105.9 The X","2010-04-26 00:00:00"
PA,Pittsburgh,Brookline,"719 Brookline Blvd","Scoops On The Boulevard","2010-04-25 00:00:00"
PA,Pittsburgh,Lawrenceville,"4901 Hatfield St","Stinky's Bar & Grill","2010-04-25 00:00:00"
PA,Pittsburgh,Downtown,"1001 Fifth Ave","Pittsburgh Penguins","2010-04-25 00:00:00"
PA,Pittsburgh,Brookline,"718 Brookline Blvd","Mateo's Cucina Italiana","2010-04-25 00:00:00"
PA,Pittsburgh,Brookline,"919 Brookline Blvd","Hank's Hotdogs Too","2010-04-01 00:00:00"
PA,Pittsburgh,Downtown,"212 Forbes Ave","Cherries Diner","2010-03-31 00:00:00"
PA,Pittsburgh,,"983 Freeport Rd","Ichiban Hibachi Steak House and Sushi Bar","2010-03-21 00:00:00"
PA,"Robinson Twp.",,"5476 Steubenville Pike","Juliano's Restaurant & Pizzeria","2010-03-07 00:00:00"
PA,Pittsburgh,Dormont,"3060 W Liberty Ave","Vocelli Pizza of Dormont","2010-02-20 00:00:00"
PA,Pittsburgh,Lawrenceville,"4032 Butler St","Crazy Mocha Coffee","2010-02-20 00:00:00"
PA,Pittsburgh,Lawrenceville,"5123 Butler St","That's Amore","2010-02-13 00:00:00"
PA,Pittsburgh,Brookline,"902 Brookline Blvd","Fox's Pizza Den","2010-01-10 00:00:00"
PA,Pittsburgh,Bloomfield,"237 Cedarville St","Groceria Italiana","2009-12-18 00:00:00"
PA,Pittsburgh,Downtown,"66 Mario Lemieux Pl","Mellon Arena","2009-12-14 00:00:00"
PA,Pittsburgh,"West End","2350 Noblestown Rd","Mineo's Pizza","2009-11-05 00:00:00"
PA,Pittsburgh,Dormont,"2887 W Liberty Ave","Diane J Karnavas, DMD","2009-10-14 00:00:00"
PA,Pittsburgh,"Strip District","1212 Smallman St","Senator John Heinz History Center","2009-10-11 00:00:00"
PA,Pittsburgh,Brookline,"534 Brookline Blvd","The Geekadrome","2009-10-11 00:00:00"
PA,Pittsburgh,Downtown,"325 Oliver Ave",Franktuary,"2009-09-30 00:00:00"
PA,Pittsburgh,Downtown,"801 Liberty Ave","Crazy Mocha","2009-09-30 00:00:00"
PA,"West Homestead",Homestead,"300 Waterfront Dr W","AMC Loews Waterfront 22","2009-09-26 00:00:00"
PA,Pittsburgh,"South Side","2316 E Carson St","The Pretzel Shop","2009-09-16 00:00:00"
PA,"West Mifflin",,"3075 Clairton Rd, Unit 940, Century III Mall","New Dimension Comics","2009-09-13 00:00:00"
PA,Pittsburgh,"South Side","1805 E Carson St","Fat Heads Saloon","2009-09-13 00:00:00"
PA,Pittsburgh,Lawrenceville,"3832 Penn Ave","New Way Gourmet","2009-09-03 00:00:00"
PA,Pittsburgh,Overbrook,"2739 Library Rd","Silver Palace Chinese Restaurant","2009-09-01 00:00:00"
PA,Pittsburgh,Brookline,"618 Brookline Blvd",Pizzarella,"2009-08-30 00:00:00"
PA,Pittsburgh,,"300 Mt Lebanon Blvd","Cocina Mendoza","2009-08-09 00:00:00"
PA,Allegheny,"West End",,"West End Overlook","2009-07-24 00:00:00"
PA,Pittsburgh,,"3900 Saw Mill Run Blvd","Rowdy BBQ","2009-06-21 00:00:00"
PA,Pittsburgh,,"998 Ardmore Blvd","Vincent's Pizza Park","2009-06-06 00:00:00"
PA,Pittsburgh,Windgap,"3860 Chartiers Ave","Remember When","2009-04-18 00:00:00"
PA,Pittsburgh,Bloomfield,"5170 Liberty Ave","Cat Clinic & Hospital","2009-03-25 00:00:00"
PA,Oakmont,,"814 Allegheny River Blvd","Oakmont Tavern","2009-03-09 00:00:00"
PA,Pittsburgh,Brookline,"546 Brookline Blvd","Kribel's Bakery","2009-02-15 00:00:00"
PA,Pittsburgh,Brookline,"956 Brookline Blvd","The Tong Garden","2009-02-13 00:00:00"
PA,Bridgeville,,"1020 Washington Pike","Rpm's Wings and Things","2009-02-10 00:00:00"
PA,Pittsburgh,"Mt. Washington","321 Bigham St","Bigham Tavern","2009-02-10 00:00:00"
