state,city,neighborhood,address,name,date
NC,Charlotte,Elizabeth,"1523 Elizabeth Ave","Luca: Modern Italian Kitchen","2017-07-26 00:00:00"
NC,Charlotte,Sedgefield,"2717 S Blvd","Harris Teeter","2017-07-19 00:00:00"
NC,Waxhaw,,"115 E North Main St","The Dreamchaser's Brewery","2017-07-05 00:00:00"
NC,Charlotte,NoDa,"2909 N Davidson St, Ste 200","Heist Brewery","2017-07-02 00:00:00"
NC,Charlotte,,"2517 Park Rd",Shell,"2017-06-16 00:00:00"
NC,Charlotte,NoDa,"3306-C N Davidson St","Salud Cerveceria","2017-06-08 00:00:00"
NC,Matthews,,"195 N Trade St","Temple Mojo","2017-05-23 00:00:00"
NC,Pineville,,"204 S Polk St","Autobell Car Wash","2017-05-14 00:00:00"
NC,Charlotte,"South End","2201 South Blvd, Ste 210","Southview Dentistry","2017-04-28 00:00:00"
NC,Matthews,,"213 N Trade St","Seaboard Taproom and Wine Bar","2017-04-22 00:00:00"
NC,Charlotte,,"6420 Carmel Rd","Wild East","2017-04-14 00:00:00"
NC,Charlotte,"Plaza Midwood","913 Central Ave","Two Scoops Creamery","2017-04-14 00:00:00"
NC,Charlotte,,"4500 Park Rd, Ste 100","Viva Chicken","2017-04-03 00:00:00"
NC,Charlotte,NoDa,"2909 N Davidson St, Ste 200","Heist Brewery","2017-03-26 00:00:00"
NC,Charlotte,,"1600 E Woodlawn Rd, Ste 150",Hibiscus,"2017-03-24 00:00:00"
NC,Charlotte,NoDa,"3201 N Davidson St","Cabo Fish Taco","2017-03-21 00:00:00"
NC,Charlotte,"First Ward","820 E 7th St, Ste A","1st Ward Beverage","2017-03-18 00:00:00"
NC,Charlotte,Ballantyne,"12239 N Community House Rd, Ste 102","Miro Spanish Grille","2017-03-16 00:00:00"
NC,Charlotte,,"4500 Park Rd, Ste 100","Viva Chicken","2017-03-07 00:00:00"
NC,Charlotte,Starmount,"500 Tyvola Rd","Costco Wholesale","2017-03-04 00:00:00"
NC,Pineville,,"333 Main St","Flipside's Corner Grind","2017-03-03 00:00:00"
NC,Charlotte,"First Ward","204 N Tryon","204 North Kitchen & Cocktails","2017-03-02 00:00:00"
NC,Charlotte,"South End","125 Remount Rd","Dilworth Packing","2017-03-01 00:00:00"
SC,"Fort Mill",,"3071 Hwy 21","Regent Park Cafe","2017-02-04 00:00:00"
NC,Pineville,,"333 Main St","Flipside's Corner Grind","2017-02-04 00:00:00"
NC,Charlotte,,"4500 Park Rd, Ste 100","Viva Chicken","2017-01-18 00:00:00"
NC,Charlotte,"South End","1829 Cleveland Ave","Bonterra Restaurant & Wine Room","2017-01-18 00:00:00"
NC,Charlotte,"South End","1434 Winnifred St","Bulldog Beer & Wine - South End","2017-01-13 00:00:00"
NC,Charlotte,,"4500 Park Rd, Ste 100","Viva Chicken","2017-01-09 00:00:00"
NC,Charlotte,"Steele Creek","14318 RiverGate View, Ste 500","MOD Pizza","2017-01-08 00:00:00"
NC,Charlotte,,"245 Clanton Rd","Red Clay Ciderworks","2016-12-09 00:00:00"
AZ,Phoenix,,"3400 E Sky Harbor Blvd, Ste 3300","Phoenix Sky Harbor International Airport","2016-12-04 00:00:00"
AZ,Phoenix,,"3110 N Central Ave, Ste 185",Starbucks,"2016-11-20 00:00:00"
NC,Charlotte,"Plaza Midwood",,"The Dumpling Lady","2016-11-20 00:00:00"
AZ,Phoenix,,"1805 E Sky Harbor Cir S","Hertz Rent A Car","2016-11-20 00:00:00"
NC,Charlotte,,"1730 Abbey Pl","Luisa's Brick Oven","2016-11-20 00:00:00"
AZ,Phoenix,,"122 N Second St","Compass Arizona Grill","2016-11-20 00:00:00"
AZ,Phoenix,,"122 North 2nd St","Hyatt Regency Phoenix","2016-11-18 00:00:00"
AZ,Phoenix,,"10919 S Central Ave","South Mountain Park","2016-11-18 00:00:00"
AZ,Tempe,,"1340 E 8th St, Ste 104","Four Peaks Brewing","2016-11-18 00:00:00"
AZ,Phoenix,,"810 N 2nd St","Angels Trumpet Ale House","2016-11-17 00:00:00"
AZ,Phoenix,,"2 E Jefferson St, Ste 150","The Arrogant Butcher","2016-11-17 00:00:00"
NC,Charlotte,"Steele Creek","9308 Robert Irwin Dr","Zaxby's Chicken Fingers & Buffalo Wings","2016-11-14 00:00:00"
NC,Charlotte,NoDa,"3306A N Davidson St","FūD at Salud","2016-10-30 00:00:00"
NC,Charlotte,"Steele Creek","14523 Carowinds Blvd",Scarowinds,"2016-10-30 00:00:00"
NC,Charlotte,Dilworth,"1514 East Blvd","JJ's Red Hots","2016-10-24 00:00:00"
NC,Charlotte,,"8500 Pineville Matthews Rd",Nakato,"2016-10-12 00:00:00"
NC,Charlotte,"North Charlotte","2921 N Tryon St","NoDa Brewing Company","2016-10-08 00:00:00"
NC,Charlotte,Starmount,"5920 South Blvd","The Burrito Factory","2016-10-01 00:00:00"
NC,Charlotte,,"3000 S Tryon St","Lenny Boy Brewing Co.","2016-09-17 00:00:00"
NC,Charlotte,"Third Ward",,"Papi Queso","2016-09-14 00:00:00"
NC,Charlotte,"South End","2421 South Blvd","AAA - South End","2016-08-31 00:00:00"
NC,Charlotte,"South Park","4525 Cameron Valley Pkwy","Carolinas Healthcare Urgent Care","2016-08-28 00:00:00"
NC,Charlotte,Uptown,"Uptown Charlotte","Charlotte Pride Festival and Parade","2016-08-28 00:00:00"
NC,Charlotte,"Steele Creek","2414 Sandy Porter Rd","Mac's Speed Shop","2016-08-12 00:00:00"
NC,Charlotte,Sedgefield,"2226 Park Rd","Food Lion","2016-08-03 00:00:00"
NC,Charlotte,Starmount,"5100 S Blvd, Ste C","Crispy Banh Mi","2016-07-29 00:00:00"
SC,"Fort Mill",,"1046 Regent Pkwy, Ste 107","Lee Cafe","2016-07-25 00:00:00"
NC,Charlotte,,"4402 Stuart Andrew Blvd, Ste A","Thirsty Nomad Brewing","2016-07-24 00:00:00"
NC,Charlotte,"South End","1440 S Tryon St","Twisted Eats","2016-07-24 00:00:00"
SC,"Fort Mill",,"3401 Hwy 21","Zaxby's Chicken Fingers & Buffalo Wings","2016-07-24 00:00:00"
NC,Charlotte,"South End","1440 S Tryon St","Twisted Eats","2016-07-23 00:00:00"
NC,"Mint Hill",,"4400 Morris Park Dr","Barking Duck Brewing","2016-07-17 00:00:00"
NC,Charlotte,"South End","125 Remount Rd, Unit D","Penn Station East Coast Subs","2016-07-17 00:00:00"
NC,Charlotte,"South End","125 Remount Rd, Unit D","Penn Station East Coast Subs","2016-07-16 00:00:00"
NC,Charlotte,"South End","125 Remount Rd, Unit D","Penn Station East Coast Subs","2016-07-16 00:00:00"
NC,Charlotte,Ballantyne,"11222 Providence Rd W",Publix,"2016-06-23 00:00:00"
NC,Charlotte,,"4548 Old Pineville Rd","Old Pineville Premium Pub","2016-06-16 00:00:00"
NC,Charlotte,,"528 S Turner Ave","Blue Blaze Brewing","2016-06-12 00:00:00"
SC,"Fort Mill",,"3150 Hwy 21 N","The Flipside Cafe","2016-06-12 00:00:00"
NC,Charlotte,"Plaza Midwood","1911 Central Ave","Pure Pizza","2016-06-06 00:00:00"
NC,Concord,,"329 Mcgill Ave","Cabarrus Brewing Company","2016-06-05 00:00:00"
NC,Concord,,"325 Mcgill Ave NW, Ste 148","High Branch Brewing","2016-06-05 00:00:00"
NC,Charlotte,"South End","2201 South Blvd, Ste 130","Five Guys","2016-05-16 00:00:00"
NC,Charlotte,Sedgefield,"2214 Park Rd","Persuasian Restaurant","2016-05-12 00:00:00"
NC,Charlotte,Starmount,"6607 South Blvd",Goodwill,"2016-05-11 00:00:00"
NC,Charlotte,Starmount,"6859 South Blvd","Enterprise Rent-A-Car","2016-05-11 00:00:00"
NC,Charlotte,Starmount,"6400 South Blvd","McClure Collision Center","2016-05-11 00:00:00"
NC,Charlotte,"South End","2135 Southend Dr, Ste 109","Cluck 'N Cup","2016-04-26 00:00:00"
NC,Charlotte,,"4125 Park Rd","Chopt Creative Salad Company","2016-04-20 00:00:00"
NC,Charlotte,Arboretum,"8200 Providence Rd","Bella Fresco","2016-04-14 00:00:00"
NC,Charlotte,,"5909 South Blvd","Jaipur Indian Restaurant","2016-04-06 00:00:00"
NC,Charlotte,"Plaza Midwood","1911 Central Ave","Pure Pizza","2016-04-05 00:00:00"
NC,Charlotte,Elizabeth,"1906 Commonwealth Ave","Legion Brewing","2016-04-05 00:00:00"
NC,Charlotte,Eastland,"6120 E Independence Blvd","Bojangles' Famous Chicken 'n Biscuits","2016-03-30 00:00:00"
NC,Charlotte,Ballantyne,"12206 Copper Way, Ste 124","Growler USA - America's Microbrew Pub","2016-03-21 00:00:00"
NC,Charlotte,Ballantyne,"12410 Johnston Rd","Midwood Smokehouse","2016-03-16 00:00:00"
NC,Charlotte,,"2219 Tyvola Rd","Marion Diehl Recreation Center","2016-03-14 00:00:00"
NC,Charlotte,"South Park","5030 Park Rd","Harris Teeter","2016-03-07 00:00:00"
NC,Charlotte,Starmount,"5046 Old Pineville Rd","Three Spirits Brewery","2016-02-28 00:00:00"
NC,Charlotte,"Plaza Midwood","2121 Shamrock Dr",Letty's,"2016-02-24 00:00:00"
NC,Charlotte,Dilworth,"1608 East Blvd","Kid Cashew","2016-02-22 00:00:00"
NC,Charlotte,Elizabeth,"1523 Elizabeth Ave","1900 Mexican Grill","2016-02-15 00:00:00"
NC,Charlotte,"South End","1614 Camden Rd","Price's Chicken Coop","2016-02-11 00:00:00"
NC,Charlotte,"Steele Creek","8905 Red Oak Blvd","Ruby Tuesday","2016-02-03 00:00:00"
NC,Charlotte,,"3100 South Blvd","Nadeau - Furniture with a Soul","2016-02-01 00:00:00"
NC,Charlotte,"First Ward","224 E 7th St","Not Just Coffee - 7th Street","2016-02-01 00:00:00"
NC,Charlotte,,"1730 E Woodlawn Rd, Ste F","Sushi 101","2016-01-27 00:00:00"
NC,Charlotte,Starmount,"9501 South Blvd","Popeyes Louisiana Kitchen","2016-01-20 00:00:00"
NC,Charlotte,Dilworth,"1300 East Blvd","Jersey Mike's Subs","2016-01-14 00:00:00"
NC,Charlotte,"South Park","4905 Ashley Park Ln, Ste D","Dogwood Southern Table & Bar","2016-01-13 00:00:00"
NC,Charlotte,Dilworth,"1408 East Blvd, Unit C","The Fresh Market","2016-01-07 00:00:00"
NC,Charlotte,Sedgefield,"2226 Park Rd","Food Lion","2016-01-05 00:00:00"
NC,Charlotte,,"6676 Carmel Rd","Cabo's Mexican Cuisine and Cantina","2016-01-03 00:00:00"
NC,Charlotte,,"4201-D Park Rd",CO,"2016-01-02 00:00:00"
NC,Charlotte,,"2530 Sardis Road North","Buffalo Wild Wings","2015-12-31 00:00:00"
NC,Charlotte,"Myers Park","900 Metropolitan Ave",BJ's,"2015-12-15 00:00:00"
NC,Pineville,,"329 Main St","Pintville Craft Beer","2015-11-23 00:00:00"
NC,Charlotte,"South End","2334 South Blvd","Cannon Pharmacy","2015-11-08 00:00:00"
NC,Pineville,,"219 Main St","The Tuxedo Shoppe","2015-11-04 00:00:00"
NC,Charlotte,"Myers Park","1515 Harding Pl","Mecklenburg County Market","2015-10-24 00:00:00"
NC,Charlotte,"Sherwood Forest",,"New Wrap Order","2015-10-21 00:00:00"
NC,Charlotte,"South End","1440 S Tryon St, Ste 110","Wooden Robot Brewery","2015-10-15 00:00:00"
NC,Charlotte,"North Charlotte","2921 N Tryon St","NoDa Brewing Company","2015-10-14 00:00:00"
NC,Charlotte,Arboretum,"8128 Providence Rd","Vintner Wine Market","2015-10-05 00:00:00"
NC,Charlotte,"North Charlotte","2921 N Tryon St","NoDa Brewing Company","2015-10-05 00:00:00"
NC,Charlotte,Ballantyne,"13845 Conlan Cir","CVS Pharmacy","2015-09-19 00:00:00"
NC,Charlotte,,"4201 Park Rd","Park Road Shopping Center","2015-09-15 00:00:00"
NC,Charlotte,"Myers Park","900 Metropolitan Ave, Ste 2",Target,"2015-09-13 00:00:00"
NC,Charlotte,"Myers Park","601 S Kings Dr, Ste AA","Mama Ricotta's Restaurant","2015-09-09 00:00:00"
NC,Charlotte,,"7852 Rea Rd","Harris Teeter","2015-09-06 00:00:00"
NC,Charlotte,"South End","1511 Camden Rd","Bland Street Lynx Station","2015-09-02 00:00:00"
NC,Charlotte,"First Ward","330 N Tryon St","The Cellar At Duckworth's","2015-08-31 00:00:00"
NC,Charlotte,"South Park","4435 Park Rd","Duckworth's Grill & Taphouse","2015-08-26 00:00:00"
NC,Charlotte,Uptown,"200 S Tryon St","McCormick & Schmick's Seafood & Steaks","2015-08-21 00:00:00"
NC,Charlotte,,"4620 Park Rd","Brawley's Beverage","2015-08-12 00:00:00"
NC,Charlotte,,"245 Clanton Rd","Red Clay Ciderworks","2015-08-10 00:00:00"
NC,Charlotte,,"245 Clanton Rd","Red Clay Ciderworks","2015-08-09 00:00:00"
NC,Charlotte,"South End","222 Bland St","Futo Buta","2015-08-06 00:00:00"
NC,Charlotte,"Steele Creek","2135 Ayrsley Town Blvd","Piedmont Social House","2015-08-02 00:00:00"
NC,Charlotte,"First Ward","7TH St Public Market","Tank's Tap","2015-08-01 00:00:00"
SC,"Fort Mill",,"9804 Charlotte Hwy","Stateline Elite Beer, Wine and Spirits","2015-08-01 00:00:00"
NC,Charlotte,Starmount,"5601 South Blvd",Morazan,"2015-07-17 00:00:00"
NC,Charlotte,Uptown,"901-A E 4th St","Cluck N Cup","2015-07-16 00:00:00"
NC,Charlotte,Uptown,"832 E 4th St","Mecklenburg County Courthouse","2015-07-15 00:00:00"
NC,Charlotte,,"2410 Park Rd","Fran's Filling Station","2015-07-10 00:00:00"
NC,Charlotte,"First Ward","224 E 7th St","Pure Pizza","2015-07-05 00:00:00"
NC,Charlotte,NoDa,"2320 N Davidson St, Ste D","Free Range Brewing","2015-07-04 00:00:00"
NC,Charlotte,Dilworth,"1227 East Blvd","Harris Teeter","2015-07-02 00:00:00"
NC,Charlotte,NoDa,"3306-B N Davidson St","Salud Beer Shop","2015-06-29 00:00:00"
NC,Charlotte,,"324 S Mint","North Carolina Brewers Celebration","2015-06-28 00:00:00"
NC,Charlotte,,"1600 W Morehead St","Pinky's Westside Grill","2015-06-25 00:00:00"
SC,"Fort Mill",,"2907 Highway 160 W","Rite Aid","2015-06-22 00:00:00"
NC,Cornelius,,"11138-C Treynorth Dr","D9 Brewing Company","2015-06-21 00:00:00"
NC,Huntersville,,"114 S Old Statesville Rd","Crafty Beer Guys","2015-06-21 00:00:00"
NC,Charlotte,"Steele Creek","10730 S Tryon St","Jack in the Box","2015-06-19 00:00:00"
NC,Huntersville,,"16432 Old Statesville Rd","Primal Brewery","2015-06-07 00:00:00"
NC,Charlotte,Elizabeth,"501 Queens Rd","Theatre Charlotte","2015-05-28 00:00:00"
NC,Charlotte,Ballantyne,"15205 John J Delaney Dr, Ste A","Libretto's Pizzeria","2015-05-05 00:00:00"
NC,Charlotte,,"215 Southside Dr","Sugar Creek Brewing Company","2015-05-05 00:00:00"
NC,Charlotte,,"7716 Rea Rd","Firebirds Wood Fired Grill","2015-04-28 00:00:00"
NC,Charlotte,"South End","125 Remount Dr","Good Bottle","2015-04-23 00:00:00"
NC,Charlotte,"South End","2222 South Blvd",Publix,"2015-04-23 00:00:00"
NC,Charlotte,NoDa,"1016 N Davidson St","Birdsong Brewing","2015-04-20 00:00:00"
NC,Charlotte,Ballantyne,"15105 John J Delaney Dr, Ste A","Bad Daddy's Burger Bar","2015-04-15 00:00:00"
NC,Charlotte,"Steele Creek","2127 Ayrsley Town Blvd",Ayrsley,"2015-04-15 00:00:00"
NC,Charlotte,"Steele Creek","2127 Ayrsley Town Blvd",Ayrsley,"2015-04-14 00:00:00"
NC,Charlotte,,"4150 Yancey Rd","The Olde Mecklenburg Brewery","2015-04-13 00:00:00"
NC,Charlotte,Starmount,"4750 South Blvd","The Home Depot","2015-04-06 00:00:00"
NC,Charlotte,,"215 Southside Dr","Sugar Creek Brewing Company","2015-04-02 00:00:00"
NC,Charlotte,Cotswold,"110 S Sharon Amity Rd","The Improper Pig","2015-04-02 00:00:00"
NC,Charlotte,"Steele Creek","14523 Carowinds Blvd",Carowinds,"2015-03-29 00:00:00"
NC,Charlotte,"Steele Creek","14523 Carowinds Blvd",Carowinds,"2015-03-28 00:00:00"
NC,Charlotte,,"1500 W Morehead St, Ste E","Rhino Market & Deli","2015-03-28 00:00:00"
NC,Belmont,,"6500 S New Hope Rd","Daniel Stowe Botanical Garden","2015-03-22 00:00:00"
NC,Charlotte,Starmount,"8000 Arrowridge Blvd","Sharon Luggage","2015-03-22 00:00:00"
NC,Belmont,,"6900 S New Hope Rd","Seven Oaks Preserve Trail","2015-03-22 00:00:00"
NC,Charlotte,"North Charlotte","3428 N Tryon St","Three Amigos Mexican Grill & Cantina","2015-03-11 00:00:00"
NC,"Wesley Chapel",,"5939 Weddington-Monroe Rd","201 Central","2015-03-02 00:00:00"
NC,Waxhaw,,"201 W S Main St","Heritage Food and Drink","2015-02-26 00:00:00"
NC,Charlotte,Uptown,"601 S Cedar St",Draught,"2015-02-19 00:00:00"
NC,Charlotte,"Steele Creek","8505 S Tryon St","Kangaroo Express","2015-02-12 00:00:00"
NC,Huntersville,,"101 Statesville Rd, Ste A","Lupie's Cafe","2015-02-12 00:00:00"
SC,"Fort Mill",,"240 Carowinds Blvd","Exxon Gas Station","2015-02-10 00:00:00"
NC,Charlotte,"Myers Park","2823 Selwyn Ave","Reid's Fine Foods","2015-02-04 00:00:00"
NC,Charlotte,,"5001 S Blvd","Autobell Car Wash","2015-01-17 00:00:00"
NC,Charlotte,,"4225 Park Rd","Blackhawk Hardware","2015-01-10 00:00:00"
NC,Charlotte,,"6201 S Blvd","Little Caesars Pizza","2015-01-04 00:00:00"
NC,Charlotte,"South End",,"Ooo Wee Bbq","2014-12-24 00:00:00"
NC,Charlotte,"Steele Creek","2215 W Arrowood Rd","Rite Aid","2014-12-23 00:00:00"
NC,Charlotte,Starmount,"6051 Tyvola Glen Cir","Truliant Federal Credit Union","2014-12-22 00:00:00"
NC,Charlotte,Uptown,,"Ruthies of Charlotte","2014-12-06 00:00:00"
NC,Charlotte,"South End","200 E Bland St","Slate Billiards","2014-12-04 00:00:00"
SC,"Fort Mill",,"262 Carowinds Blvd","Circle K","2014-11-23 00:00:00"
NC,Pineville,,"11410 Carolina Pl Pkwy","World of Decor","2014-11-17 00:00:00"
NC,Charlotte,Dilworth,"1227 East Blvd","Harris Teeter","2014-11-13 00:00:00"
NC,Charlotte,Elizabeth,"3500 Latrobe Dr","Yummi Banh Mi Truck","2014-11-13 00:00:00"
NC,Charlotte,"South End","2201 South Blvd, Ste 210","Southview Dentistry","2014-11-10 00:00:00"
NC,Charlotte,Sedgefield,"2226 Park Rd","Food Lion","2014-11-04 00:00:00"
NC,Charlotte,"South End","1320 S Church St","Craft Tasting Room & Growler Shop","2014-11-03 00:00:00"
NC,Charlotte,"Steele Creek","8120 South Tryon St",Publix,"2014-11-03 00:00:00"
NC,Charlotte,"South End","2161 Hawkins St","Sycamore Brewing","2014-11-02 00:00:00"
NC,Charlotte,"Steele Creek","14523 Carowinds Blvd","Chickie & Pete's","2014-10-20 00:00:00"
NC,Charlotte,Dilworth,"1301 East Blvd","Bakersfield East Blvd","2014-10-15 00:00:00"
NC,Charlotte,Uptown,"255 W Martin Luther King Jr Blvd","Mellow Mushroom","2014-10-13 00:00:00"
NC,Charlotte,"Steele Creek","12830 Walker Branch Dr",Target,"2014-10-13 00:00:00"
NC,Concord,,,"Master Bacon","2014-09-29 00:00:00"
NC,Charlotte,Dilworth,"1315 E Blvd, Ste 130","East Boulevard Bar & Grill","2014-09-29 00:00:00"
NC,Charlotte,NoDa,"2909 N Davidson St, Ste 200","Heist Brewery","2014-09-25 00:00:00"
NC,Charlotte,,,"Street Spice","2014-09-25 00:00:00"
NC,Charlotte,,,"Bleu Barn Bistro","2014-09-21 00:00:00"
NC,Gastonia,,"4008 E Franklin Blvd, Ste H150","Thai House - Gastonia","2014-09-14 00:00:00"
NC,Gastonia,,"4008 E Franklin Blvd, Ste H150","Thai House - Gastonia","2014-09-13 00:00:00"
NC,Charlotte,Sedgefield,"2707 South Blvd","Healthy Home Market","2014-08-27 00:00:00"
NC,Pineville,,"321 S Polk St, Ste 2C","Parrot University","2014-08-15 00:00:00"
NC,Charlotte,Arboretum,,"Simply Fresh","2014-08-11 00:00:00"
NC,Charlotte,"South End","125 Remount Dr","Good Bottle","2014-08-05 00:00:00"
NC,Charlotte,Starmount,"5601 South Blvd",Morazan,"2014-08-05 00:00:00"
NC,Charlotte,Sedgefield,"2707 South Blvd","Healthy Home Market","2014-08-04 00:00:00"
NC,Matthews,,"13000 E Independence Blvd","Scott Clark Toyota","2014-07-25 00:00:00"
NC,Charlotte,Sedgefield,"2440 Park Rd","Ru San's","2014-07-22 00:00:00"
NC,Charlotte,"South End","1427 South Blvd","The Beer Growler","2014-07-16 00:00:00"
NC,Charlotte,"Steele Creek","2127 Ayrsley Town Blvd, Ste 103","Harry's Grille & Tavern","2014-07-13 00:00:00"
NC,Charlotte,"Plaza Midwood","1500 Central Ave",Twenty-Two,"2014-07-13 00:00:00"
NC,Charlotte,"South End","125 Remount Dr","Good Bottle","2014-07-11 00:00:00"
NC,Charlotte,NoDa,"3120 N Davidson St","Growlers Pourhouse","2014-06-23 00:00:00"
NC,Charlotte,Dilworth,"1412F East Blvd",Crisp,"2014-06-23 00:00:00"
NC,Charlotte,"Sherwood Forest","4223 Providence Rd","Thai Orchid Restaurant","2014-06-21 00:00:00"
NC,Charlotte,,"2900 Griffith St","Triple C Brewing Company","2014-06-20 00:00:00"
NC,Charlotte,,"2900 Griffith St","Triple C Brewing Company","2014-06-18 00:00:00"
NC,Charlotte,NoDa,"2320 N Davidson","Party Pedaler","2014-06-09 00:00:00"
NC,Charlotte,Ballantyne,"15719 John J Delaney Dr","Stone Mountain Grill","2014-06-06 00:00:00"
NC,Charlotte,,"1228 Thomas Ave","Thomas Street Tavern","2014-06-02 00:00:00"
NC,Charlotte,Ballantyne,"15719 John J Delaney Dr","Stone Mountain Grill","2014-05-28 00:00:00"
NC,Charlotte,"Steele Creek","9121 S Tryon St","Greenway Express Carwash","2014-05-21 00:00:00"
NC,Charlotte,Dilworth,"1710 Kenilworth Ave, Ste 203","Dolce Ristorante","2014-05-19 00:00:00"
NC,Charlotte,Elizabeth,"715 Providence Rd","Stagioni Four Seasons of Food","2014-05-12 00:00:00"
NC,Charlotte,Starmount,"7001 South Blvd","Taqueria Mexico","2014-05-10 00:00:00"
NC,Matthews,,"13000 E Independence Blvd","Scott Clark Toyota","2014-04-30 00:00:00"
NC,Charlotte,Ballantyne,"13735 Conlan Cir","Vine American Kitchen","2014-04-28 00:00:00"
NC,Charlotte,"Myers Park","805 S Kings Dr","Biggs Camera Digital Imaging","2014-04-26 00:00:00"
NC,Pineville,,"9925 Leitner Dr","Sky Asian Bistro","2014-04-26 00:00:00"
NC,Charlotte,"South End","1714 S Blvd","Nan and Byron's","2014-04-16 00:00:00"
NC,Charlotte,"South Park","4400 Sharon Rd","Maggiano's Little Italy","2014-04-16 00:00:00"
NC,Charlotte,,"9213 Baybrook Ln","Riccio's Italian Restaurant","2014-04-14 00:00:00"
NC,Charlotte,,"111 New Bern St","South End Exchange","2014-04-14 00:00:00"
NC,Charlotte,,"111 New Bern St","South End Exchange","2014-04-12 00:00:00"
NC,Charlotte,Uptown,"210 E Trade St, Ste D-290","Studio Movie Grill","2014-04-04 00:00:00"
NC,Charlotte,,"4101 Park Rd","Harris Teeter","2014-03-31 00:00:00"
NC,Charlotte,,"4101 Park Rd","Harris Teeter","2014-03-29 00:00:00"
NC,Charlotte,Uptown,"210 E Trade St, Ste B-120","BlackFinn American Saloon","2014-03-24 00:00:00"
NC,Pineville,,"11033 Carolina Place Pkwy","Sears Optical","2014-03-24 00:00:00"
NC,Charlotte,"South End","Amos' Southend","All Ale to the Queen - Beer Carnival","2014-03-24 00:00:00"
NC,Concord,,"7801 Gateway Lane","Texas Roadhouse","2014-03-23 00:00:00"
NC,Charlotte,,"2900 Griffith St","Triple C Brewing Company","2014-03-22 00:00:00"
NC,Huntersville,,"12117 Statesville Rd","Carolina Veterinary Specialists","2014-03-19 00:00:00"
NC,Charlotte,Uptown,"303 E Trade St","LYNX CTC/Arena Station","2014-03-17 00:00:00"
NC,Charlotte,,"11823 Johnston Rd","McAlpine Creek & Four Mile Creek Greenway","2014-03-15 00:00:00"
NC,Charlotte,"South Park","1601 Montford Dr","The Roasting Company","2014-03-14 00:00:00"
NC,Charlotte,Starmount,"1036 Tyvola Rd","Wiki Wiki Carwash","2014-03-11 00:00:00"
NC,Charlotte,,"127 E Woodlawn Rd",QuikTrip,"2014-03-10 00:00:00"
NC,Charlotte,NoDa,"3306-B N Davidson St","Salud Beer Shop","2014-03-09 00:00:00"
NC,Charlotte,NoDa,"3306-B N Davidson St","Salud Beer Shop","2014-03-05 00:00:00"
NC,Charlotte,Ballantyne,"11324 N Community House Rd, Ste 101","Genghis Grill","2014-02-23 00:00:00"
NC,Charlotte,"South End","1910 South Blvd","Luciano's Ristorante Italiano","2014-02-23 00:00:00"
NC,Charlotte,Uptown,,"Maryland Crab & Co","2014-02-17 00:00:00"
NC,Charlotte,Sedgefield,"2440 Park Rd","Ru San's","2014-02-14 00:00:00"
NC,Matthews,,"131-1C Matthews Station","Carolina Beer Temple","2014-02-09 00:00:00"
NC,Matthews,,"11416 E Independence Blvd, Ste L","Sankey's Taproom and Grille","2014-02-09 00:00:00"
NC,Charlotte,,"200A W Woodlawn Rd","CHUBZ Famous Chiliburgers","2014-01-29 00:00:00"
NC,Charlotte,Dilworth,"1408 E Blvd","Pet Supermarket","2014-01-28 00:00:00"
NC,Charlotte,Ballantyne,"12206 Copper Way, Ste 122","Bahn Thai","2014-01-25 00:00:00"
NC,Charlotte,,"540 Brandywine Rd, Ste B","Situl Indian Restaurant","2014-01-25 00:00:00"
NC,Charlotte,"Steele Creek","1925 Westinghouse Blvd","La Poblanita Mexican Restaurant & Candy Store","2014-01-24 00:00:00"
NC,Charlotte,Dilworth,"1716 Kenilworth Ave","Zen Asian Fusion","2014-01-20 00:00:00"
NC,Charlotte,"South End","1820 South Blvd","Tupelo Honey","2014-01-06 00:00:00"
NC,Cornelius,,"18627 Northline Dr, Unit E","D9 Brewing Company","2014-01-06 00:00:00"
NC,Cornelius,,"10620 Bailey Rd, Ste E","Ass Clown Brewing Company","2014-01-05 00:00:00"
NC,Cornelius,,"10620 Bailey Rd, Ste E","Ass Clown Brewing Company","2014-01-04 00:00:00"
NC,Charlotte,"South End","2100 S Blvd",Icehouse,"2014-01-02 00:00:00"
NC,Charlotte,,"2410 Park Rd","Fran's Filling Station","2013-12-30 00:00:00"
NC,Charlotte,"South End","222 E Bland St","World of Beer","2013-12-30 00:00:00"
NC,Charlotte,,"2447 Park Rd","Bulldog Beer And Wine - Dilworth","2013-12-28 00:00:00"
NC,Charlotte,Dilworth,"1626 East Blvd","Bad Daddy's Burger Bar","2013-12-28 00:00:00"
NC,Charlotte,"South End","2109 South Blvd","Chipotle Mexican Grill","2013-12-26 00:00:00"
NC,Charlotte,"South End","1501 South Blvd","Einstein Bros Bagels","2013-12-24 00:00:00"
NC,Charlotte,Ballantyne,"14015 Conlan Cir","Duckworth's Grill & Taphouse","2013-12-18 00:00:00"
NC,Charlotte,,"2900 Griffith St","Triple C Brewing Company","2013-12-17 00:00:00"
NC,Charlotte,Dilworth,"1608 E Blvd","Tijuana Flats","2013-12-17 00:00:00"
NC,Charlotte,"South End","1208 S Blvd",eyecarecenter,"2013-12-17 00:00:00"
NC,Charlotte,Ballantyne,"14015 Conlan Cir","Duckworth's Grill & Taphouse","2013-12-16 00:00:00"
NC,Charlotte,,"2900 Griffith St","Triple C Brewing Company","2013-12-13 00:00:00"
SC,"Fort Mill",,"377 Rubin Center Dr, Ste 108","Drunken Goat Bar & Grill","2013-12-04 00:00:00"
NC,Charlotte,,"1600 E Woodlawn Rd","Libretto's Pizzeria","2013-12-04 00:00:00"
NC,Charlotte,,"2900 Griffith St","Triple C Brewing Company","2013-12-03 00:00:00"
NC,Charlotte,"South End","115 E Carson Blvd","Midnight Diner","2013-11-26 00:00:00"
NC,Charlotte,"South Park","1600 Montford Dr","El Camino Restaurant","2013-11-26 00:00:00"
NC,Charlotte,"South End","115 E Carson Blvd","Midnight Diner","2013-11-26 00:00:00"
NC,Charlotte,Starmount,"624 Tyvola Rd, Ste 105","Cellular Sales, Verizon Wireless Authorized Retailer","2013-11-20 00:00:00"
NC,Charlotte,"Steele Creek","8164 S Tryon St",Chili's,"2013-11-14 00:00:00"
NC,Charlotte,"South End","1928 South Blvd, Ste 200","Sullivan's Steakhouse","2013-11-14 00:00:00"
NC,Charlotte,Uptown,,"Vitos Pizza","2013-11-14 00:00:00"
NC,Charlotte,Uptown,"401 S Tryon St, Ste 130","Red Ginger","2013-11-10 00:00:00"
NC,Charlotte,,"4701 South Blvd",Walgreens,"2013-11-10 00:00:00"
NC,Charlotte,,"1327 S Mint St","The Unknown Brewing","2013-11-10 00:00:00"
NC,Charlotte,,"2900 Griffith St","Triple C Brewing Company","2013-11-09 00:00:00"
NC,Charlotte,"Steele Creek","7508 S Tryon St","Zaxby's Chicken Fingers & Buffalo Wings","2013-11-05 00:00:00"
NC,Charlotte,"Plaza Midwood","1401 Central Ave","Midwood Smokehouse","2013-11-04 00:00:00"
NC,Charlotte,Elizabeth,"3001 E Independence Blvd","Bean Vegan Cuisine","2013-11-02 00:00:00"
NC,Charlotte,"South End","1812 South Blvd","The Liberty","2013-10-31 00:00:00"
NC,Charlotte,"Steele Creek","8124 S Tryon St, Ste A-1","Carmella's Pizza Grill","2013-10-28 00:00:00"
SC,"Fort Mill",,"1771 Pleasant Rd","Zaxby's Chicken Fingers & Buffalo Wings","2013-10-21 00:00:00"
NC,Charlotte,,"4426 S Tryon St",Wendy's,"2013-10-18 00:00:00"
NC,Charlotte,,"2447 Park Rd","Bulldog Beer And Wine - Dilworth","2013-10-17 00:00:00"
NC,Charlotte,"Steele Creek","7741 S Tryon St",Citgo,"2013-10-16 00:00:00"
NC,Charlotte,,"2900 Griffith St","Triple C Brewing Company","2013-10-15 00:00:00"
NC,Charlotte,,"8512 Park Rd","Rusty's Deli & Grille","2013-10-12 00:00:00"
NC,Charlotte,,"8512 Park Rd","Rusty's Deli & Grille","2013-10-12 00:00:00"
NC,Charlotte,,"1500 W Morehead St, Ste A","Picante Mexican Grill","2013-10-11 00:00:00"
NC,Charlotte,"South Park","4620 Piedmont Row Dr","Georges Brasserie","2013-10-10 00:00:00"
NC,Charlotte,"South End","2500 Dunavant St","King of Pops","2013-10-08 00:00:00"
NC,Charlotte,Dilworth,"1419 E Blvd, Ste A",Fern,"2013-10-06 00:00:00"
NC,Charlotte,Derita,"1000 Nc Music Factory Blvd","Charlotte Oktoberfest","2013-09-29 00:00:00"
SC,"Fort Mill",,"737 Stockbridge Dr","Fort Mill BBQ Company","2013-09-28 00:00:00"
NC,Charlotte,,"8517 Monroe Rd","Captain Steve's","2013-09-23 00:00:00"
NC,Charlotte,Elizabeth,"1601 Elizabeth Ave","Elizabeth Creamery","2013-09-22 00:00:00"
NC,Charlotte,,,"Chef Street Bistro","2013-09-22 00:00:00"
NC,Charlotte,,,"Chef Street Bistro","2013-09-21 00:00:00"
NC,Charlotte,NoDa,"2229 N Davidson St","NoDa Brewing Company","2013-09-17 00:00:00"
NC,Charlotte,,"1600 E Woodlawn Rd","Libretto's Pizzeria","2013-09-16 00:00:00"
NC,Charlotte,Ballantyne,"15105 John J Delaney Dr, Ste J","JJ's Red Hots - Ballantyne","2013-09-09 00:00:00"
NC,Charlotte,"South End","2500 Dunavant St","King of Pops","2013-09-06 00:00:00"
NC,Charlotte,,"2900 Griffith St","Triple C Brewing Company","2013-08-28 00:00:00"
NC,Charlotte,"South End","2201 South Blvd, Ste 210","Southview Dentistry","2013-08-27 00:00:00"
NC,Charlotte,Uptown,"260 East Stonewall St","Stonewall Lynx Station","2013-08-27 00:00:00"
NC,Charlotte,Sedgefield,"2226 Park Rd","Food Lion","2013-08-26 00:00:00"
NC,Charlotte,"Steele Creek","7508 S Tryon St","Zaxby's Chicken Fingers & Buffalo Wings","2013-08-23 00:00:00"
NC,Charlotte,,"200 A W Woodlawn Rd","Burger Company","2013-08-23 00:00:00"
NC,Charlotte,,"200 A W Woodlawn Rd","Burger Company","2013-08-23 00:00:00"
NC,Charlotte,"Steele Creek","7808 S Tryon St, Ste H","Lennys Subs","2013-08-21 00:00:00"
NC,Charlotte,"South End","125 Remount Dr","Good Bottle","2013-08-20 00:00:00"
NC,Charlotte,Dilworth,"2112 Park Rd",Donatos,"2013-08-16 00:00:00"
NC,Charlotte,,"1500 W Morehead St, Ste A","Picante Mexican Grill","2013-08-15 00:00:00"
NC,Charlotte,Starmount,"901 E Arrowood Rd",McDonalds,"2013-08-15 00:00:00"
NC,Huntersville,,"16609 Statesville Rd","Duckworth's Grill & Taphouse","2013-08-10 00:00:00"
NC,Charlotte,"Plaza Midwood","1101 Central Ave","Kickstand Burgers & Bar","2013-08-10 00:00:00"
NC,Charlotte,,"10707 Park Rd, Ste A",Monterrey,"2013-08-09 00:00:00"
NC,Charlotte,,"2900 Griffith St","Triple C Brewing Company","2013-08-07 00:00:00"
NC,Huntersville,,"16609 Statesville Rd","Duckworth's Grill & Taphouse","2013-08-07 00:00:00"
NC,Charlotte,Dilworth,"1227 East Blvd","Harris Teeter","2013-08-02 00:00:00"
NC,Pineville,,"9101 Pineville Matthews Rd","Sweet Tea's Restaurant & Catering","2013-07-31 00:00:00"
NC,Charlotte,Elizabeth,"415 Hawthorne Ln","Sabor Latin Street Grill","2013-07-29 00:00:00"
NC,Matthews,,"2225 Matthews Township, Ste C","Amor de Brazil","2013-07-27 00:00:00"
NC,Charlotte,"Steele Creek","2132 Ayrsley Town Blvd","Wild Wing Cafe","2013-07-26 00:00:00"
SC,"Fort Mill",,"325 Carowinds Blvd",Culver's,"2013-07-19 00:00:00"
NC,Charlotte,"South End","2334 South Blvd","Cannon Pharmacy","2013-07-15 00:00:00"
NC,Charlotte,Elizabeth,"1617 Elizabeth Ave","Viva Chicken","2013-07-13 00:00:00"
NC,Charlotte,"Fourth Ward","210 N Church St","Basil Thai Cuisine","2013-07-12 00:00:00"
NC,Charlotte,Starmount,"116 E Woodlawn Rd","Azteca Mexican Restaurant","2013-07-10 00:00:00"
NC,Charlotte,Derita,"1801 S Blvd","Fuel Pizza Cafe","2013-07-06 00:00:00"
NC,Charlotte,Eastland,"5327 Firelight Ln","Hot Box","2013-07-05 00:00:00"
NC,Charlotte,"South Park","1627 Montford Dr","Brazwells Premium Pub","2013-07-05 00:00:00"
NC,Charlotte,"South End","200 E Bland St","All American Pub","2013-06-29 00:00:00"
NC,Charlotte,,"2434 Park Rd","Kicks & Grins","2013-06-28 00:00:00"
NC,Charlotte,"Steele Creek","8140 S Tryon St","O'Charley's Restaurant & Bar","2013-06-26 00:00:00"
NC,Charlotte,,"2900 Griffith St","Triple C Brewing Company","2013-06-22 00:00:00"
NC,Charlotte,,"540 Brandywine Rd, Ste B","Situl Indian Restaurant","2013-06-18 00:00:00"
NC,Charlotte,Dilworth,"217 Iverson Way",Lowe's,"2013-06-14 00:00:00"
NC,Charlotte,,"2900 Griffith St","Triple C Brewing Company","2013-06-12 00:00:00"
NC,Charlotte,,"1600 E Woodlawn Rd, Ste 270","Nom Nom Burger","2013-06-11 00:00:00"
NC,Charlotte,,"4201 Park Rd","Park Road Shopping Center","2013-06-10 00:00:00"
NC,Charlotte,"South End","128 E Park Ave, Ste C","Ciel Gallery","2013-06-07 00:00:00"
NC,Charlotte,Dilworth,"1227 East Blvd","Harris Teeter","2013-06-05 00:00:00"
NC,Charlotte,"Plaza Midwood","1911 Central Ave",Lulu,"2013-06-03 00:00:00"
NC,Charlotte,"Plaza Midwood","1704 Central Ave","Harris Teeter","2013-06-02 00:00:00"
NC,Charlotte,NoDa,"2315 N Davidson St","Birdsong Brewing","2013-06-01 00:00:00"
NC,Charlotte,,"2900 Griffith St","Triple C Brewing Company","2013-06-01 00:00:00"
NC,Charlotte,,"2447 Park Rd","Bulldog Beer And Wine - Dilworth","2013-05-31 00:00:00"
NC,Charlotte,"Fourth Ward",,"Carolinas Critter Sitters","2013-05-29 00:00:00"
SC,"Fort Mill",,"240 Carowinds Blvd",7-Eleven,"2013-05-17 00:00:00"
SC,"Fort Mill",,"3700 Ave of the Carolinas","Plaza Fiesta Carolinas","2013-05-17 00:00:00"
NC,Charlotte,Dilworth,"1514 East Blvd","JJ's Red Hots","2013-05-16 00:00:00"
NC,Charlotte,"Steele Creek","7808 S Tryon St, Ste H","Lennys Subs","2013-05-16 00:00:00"
NC,Charlotte,"Steele Creek","15222 York Rd","McDowell Nature Center and Preserve","2013-05-14 00:00:00"
NC,Charlotte,"Steele Creek","11126 S Tryon St","A Piece Of Havana","2013-05-14 00:00:00"
NC,Charlotte,,"4201 Park Rd","Park Road Lock and Key Shop","2013-05-13 00:00:00"
NC,Charlotte,,"2900 Griffith St","Triple C Brewing Company","2013-05-12 00:00:00"
NC,Charlotte,"Myers Park","1055 Metropolitan Ave, Midtown",Staples,"2013-05-10 00:00:00"
NC,Charlotte,,"2900 Griffith St","Triple C Brewing Company","2013-05-09 00:00:00"
NC,Charlotte,Starmount,"7615 Nations Ford Rd","Burger King","2013-05-09 00:00:00"
NC,Charlotte,Starmount,"7615 Nations Ford Rd","Burger King","2013-05-08 00:00:00"
NC,Charlotte,"South End","2225 Hawkins St",Spectrum,"2013-05-04 00:00:00"
NC,Charlotte,"South End","1517 Camden Rd","Charlotte Art League","2013-05-04 00:00:00"
NC,Charlotte,"Steele Creek","7520 S Tryon St, Ste 19",La'Wan's,"2013-05-04 00:00:00"
NC,Charlotte,"South End","1520 S Tryon St","Elder Gallery","2013-05-04 00:00:00"
NC,Charlotte,"South End","1515 S Tryon St","The Common Market","2013-05-03 00:00:00"
NC,Charlotte,"South End",,"Food Truck Friday Charlotte","2013-05-03 00:00:00"
NC,Charlotte,"Steele Creek","10823 John Price Rd",Cicis,"2013-04-27 00:00:00"
NC,Charlotte,"South Park","1600 Montford Dr","El Camino Restaurant","2013-04-26 00:00:00"
NC,Charlotte,,"2224 Park Rd","Comet Grill","2013-04-25 00:00:00"
NC,Charlotte,"South End","125 Remount Dr","Good Bottle","2013-04-25 00:00:00"
NC,Charlotte,,"2900 Griffith St","Triple C Brewing Company","2013-04-23 00:00:00"
NC,Charlotte,,"4201 Park Rd","Park Road Shopping Center","2013-04-20 00:00:00"
NC,Charlotte,"Third Ward",,"TIN Kitchen","2013-04-20 00:00:00"
NC,Charlotte,,"4247 Park Rd","Amy's Hallmark Shop","2013-04-20 00:00:00"
SC,"Fort Mill",,"3700 Avenue Of The Carolinas, Ste 208","La Poblanita Market and Grill","2013-04-19 00:00:00"
NC,Charlotte,Elizabeth,"2630 E 7th St, Ste 100","Carolina Asthma & Allergy Center PA","2013-04-11 00:00:00"
NC,Charlotte,"South End","1441 South Tryon St","Beer Me Brewfest","2013-04-08 00:00:00"
NC,Charlotte,Uptown,,"The Chrome Toaster","2013-04-08 00:00:00"
NC,Pineville,,"219 Main St, Ste E","Cupcake Delirium","2013-04-08 00:00:00"
NC,Charlotte,Uptown,,"The Chrome Toaster","2013-04-07 00:00:00"
NC,Charlotte,Ballantyne,"15205 John J Delaney Dr, Ste A","Libretto's Pizzeria","2013-04-06 00:00:00"
NC,Charlotte,"Third Ward",,"Papi Queso","2013-04-03 00:00:00"
NC,Charlotte,NoDa,"501 E 36th St","Boudreaux's Louisiana Kitchen","2013-03-31 00:00:00"
NC,Charlotte,,"7804 Rea Rd, Ste B",Smashburger,"2013-03-30 00:00:00"
NC,Charlotte,"Steele Creek","11126 S Tryon St","A Piece Of Havana","2013-03-30 00:00:00"
NC,Charlotte,,"2900 Griffith St","Triple C Brewing Company","2013-03-27 00:00:00"
NC,Charlotte,Dilworth,"1524 East Blvd","Lebowski's Neighborhood Grill","2013-03-23 00:00:00"
SC,"Fort Mill",,"240 Carowinds Blvd",7-Eleven,"2013-03-21 00:00:00"
NC,Charlotte,,,"The Herban Legend","2013-03-16 00:00:00"
NC,Charlotte,"South End",,"Food Truck Friday Charlotte","2013-03-16 00:00:00"
NC,Charlotte,,,"The Herban Legend","2013-03-15 00:00:00"
NC,Charlotte,"Myers Park","1100 Metropolitan Ave, Ste 120","Pisces Sushi Bar & Lounge","2013-03-15 00:00:00"
NC,Charlotte,"Steele Creek","9332 S Tryon St","Urgent Care Centers Carolinas Healthcare System","2013-03-14 00:00:00"
NC,Charlotte,"First Ward","225 E 6th St, Ste A","Queen City Q","2013-03-11 00:00:00"
NC,Charlotte,,"2224 Park Rd","Comet Grill","2013-03-11 00:00:00"
SC,"Fort Mill",,"1010 Carolina Place Dr",BP,"2013-03-10 00:00:00"
NC,Charlotte,,"2447 Park Rd","Bulldog Beer And Wine - Dilworth","2013-03-09 00:00:00"
NC,Charlotte,,"4271 Park Rd, Ste B","Cantina 1511","2013-03-06 00:00:00"
NC,Charlotte,Eastland,"3850 E Independence Blvd","Walmart Supercenter","2013-03-04 00:00:00"
NC,Charlotte,,"5107 South Blvd","Office Depot","2013-03-03 00:00:00"
NC,Charlotte,Dilworth,"1227 East Blvd","Harris Teeter","2013-03-02 00:00:00"
NC,Charlotte,,"1630 E Woodlawn Rd, Ste 250","Al's Pizza","2013-03-02 00:00:00"
NC,Charlotte,,"2900 Griffith St","Triple C Brewing Company","2013-03-01 00:00:00"
NC,Charlotte,,"2900 Griffith St","Triple C Brewing Company","2013-03-01 00:00:00"
NC,Charlotte,,"2447 Park Rd","Bulldog Beer And Wine - Dilworth","2013-03-01 00:00:00"
NC,Charlotte,,"1630 E Woodlawn Rd, Ste 250","Al's Pizza","2013-02-27 00:00:00"
NC,Charlotte,,"2900 Griffith St","Triple C Brewing Company","2013-02-27 00:00:00"
NC,Charlotte,"Third Ward",,"Papi Queso","2013-02-27 00:00:00"
NC,Charlotte,Sedgefield,"2400 Park Rd","Famous Toastery","2013-02-25 00:00:00"
NC,Charlotte,Starmount,"5234 South Blvd","Maria's Mexican Restaurant","2013-02-23 00:00:00"
NC,Charlotte,,"5215 South Blvd","Saigon Palace","2013-02-20 00:00:00"
NC,Charlotte,,"5937 South Blvd",Doan's,"2013-02-20 00:00:00"
NC,Charlotte,,"2900 Griffith St","Triple C Brewing Company","2013-02-20 00:00:00"
NC,Charlotte,"Myers Park","1111 Metropolitan Ave","The Metropolitan","2013-02-17 00:00:00"
SC,"Fort Mill",,"1741 Gold Hill Rd","De Marco's Italian Grill","2013-02-16 00:00:00"
NC,Charlotte,"South Park","4400 Sharon Rd",Belk,"2013-02-16 00:00:00"
NC,Charlotte,,"2900 Griffith St","Triple C Brewing Company","2013-02-13 00:00:00"
NC,Charlotte,"South End","1812 South Blvd","The Liberty","2013-02-07 00:00:00"
NC,Charlotte,"South End","1812 South Blvd","The Liberty","2013-02-06 00:00:00"
NC,Charlotte,,"2900 Griffith St","Triple C Brewing Company","2013-02-06 00:00:00"
SC,"Fort Mill",,"240 Carowinds Blvd",7-Eleven,"2013-02-05 00:00:00"
NC,Charlotte,Dilworth,"1408 E Blvd","Pio Pio","2013-02-04 00:00:00"
NC,Charlotte,NoDa,"3228 N Davidson St","Revolution Ale House","2013-02-04 00:00:00"
NC,Charlotte,NoDa,"3228 N Davidson St","Revolution Ale House","2013-02-02 00:00:00"
NC,Charlotte,NoDa,"2229 N Davidson St","NoDa Brewing Company","2013-02-02 00:00:00"
NC,Charlotte,"Steele Creek","12807 S Tryon St","RiverGate Shopping Centers","2013-02-01 00:00:00"
NC,Charlotte,"Steele Creek","14130 Rivergate Pkwy","BT's Burger Joint","2013-02-01 00:00:00"
NC,Charlotte,"Steele Creek","14130 Rivergate Pkwy","BT's Burger Joint","2013-01-31 00:00:00"
NC,Charlotte,"Myers Park","923 Kings Dr",Shell,"2013-01-31 00:00:00"
NC,Charlotte,,"2900 Griffith St","Triple C Brewing Company","2013-01-30 00:00:00"
NC,Charlotte,"Steele Creek","8905 Red Oak Blvd","Ruby Tuesday","2013-01-24 00:00:00"
NC,Charlotte,"First Ward","214 N Tryon St","Soho Bistro","2013-01-23 00:00:00"
NC,Charlotte,"First Ward","345 N College St","McGlohon Theater","2013-01-23 00:00:00"
SC,"Fort Mill",,"3700 Ave of the Carolinas","Plaza Fiesta Carolinas","2013-01-21 00:00:00"
SC,"Fort Mill",,"3700 Avenue Of The Carolinas, Ste 208","La Poblanita Market and Grill","2013-01-21 00:00:00"
NC,Pineville,,"11025 Carolina Place Pkwy, Ste A-21",Teavana,"2013-01-21 00:00:00"
NC,Charlotte,,"2900 Griffith St","Triple C Brewing Company","2013-01-16 00:00:00"
NC,Charlotte,Dilworth,"510 E Park Ave","Latta Park","2013-01-13 00:00:00"
NC,Charlotte,Sedgefield,"600 Elmhurst Ln","Sedgefield Neighborhood Park","2013-01-13 00:00:00"
NC,Pineville,,"315 S Polk St, Ste 4E","Machu Picchu Peruvian Cuisine & Bar","2013-01-11 00:00:00"
NC,Charlotte,Elizabeth,"1535 Elizabeth Ave","Carpe Diem","2013-01-09 00:00:00"
NC,Charlotte,Dilworth,"1401 E Blvd",Starbucks,"2013-01-07 00:00:00"
NC,Matthews,,"15080 Idlewild Rd","Cactus Rose Cafe","2013-01-06 00:00:00"
NC,Charlotte,"South Park","Southpark Mall, 4400 Sharon Rd","Crunch Bistro","2013-01-05 00:00:00"
NC,Charlotte,,"2900 Griffith St","Triple C Brewing Company","2013-01-02 00:00:00"
NC,Charlotte,"Third Ward",,"Papi Queso","2013-01-02 00:00:00"
NC,Charlotte,"Myers Park","1133 Metropolitan Ave","Trader Joe's","2012-12-31 00:00:00"
NC,Charlotte,"South Park","1513 Montford Dr","Maverick Rock Taco","2012-12-31 00:00:00"
NC,Charlotte,Dilworth,"911 E Morehead St","Dilworth Neighborhood Grille","2012-12-30 00:00:00"
NC,Charlotte,"Steele Creek","2215 Ayrsley Town Blvd","Moe's Southwest Grill","2012-12-26 00:00:00"
NC,Charlotte,,"7340 Smith Corners Blvd, Ste 1200","Azteca Mexican Restaurant","2012-12-26 00:00:00"
NC,Charlotte,,"4337 Park Rd",Michaels,"2012-12-24 00:00:00"
NC,Charlotte,"South Park","4625 Piedmont Row Dr, Ste 105","Stewart Penick's Terrace - SouthPark","2012-12-23 00:00:00"
NC,Charlotte,Dilworth,"1801 Scott Ave","Brixx Wood Fired Pizza","2012-12-23 00:00:00"
NC,Cornelius,,"10620 Bailey Rd, Ste E","Ass Clown Brewing Company","2012-12-22 00:00:00"
NC,Charlotte,,"2900 Griffith St","Triple C Brewing Company","2012-12-21 00:00:00"
NC,Charlotte,,"2900 Griffith St","Triple C Brewing Company","2012-12-20 00:00:00"
NC,Charlotte,"South End","220 E Blvd, Ste 100","Sweet Lorraine's Bakery","2012-12-20 00:00:00"
NC,Charlotte,Cotswold,"617 S Sharon Amity Rd","Eddie's Place","2012-12-19 00:00:00"
NC,Charlotte,"South End","125 Remount Dr","Good Bottle","2012-12-19 00:00:00"
NC,Charlotte,"South Park","5821 Fairview Rd","American Burger - South Park","2012-12-19 00:00:00"
NC,Charlotte,Sedgefield,"4501 South Blvd","AMF Centennial Lanes","2012-12-19 00:00:00"
NC,Charlotte,,"4117 Park Rd","United States Post Office","2012-12-17 00:00:00"
NC,Charlotte,"South End","125 Remount Dr","Good Bottle","2012-12-17 00:00:00"
NC,Charlotte,Sedgefield,"2442 Park Rd","The Wine Shop Dilworth","2012-12-17 00:00:00"
NC,Charlotte,,"2434 Park Rd","Kicks & Grins","2012-12-16 00:00:00"
SC,"Fort Mill",,"240 Carowinds Blvd",7-Eleven,"2012-12-13 00:00:00"
NC,Charlotte,"Plaza Midwood","2917 Central Ave","Three Amigos Mexican Restaurant and Cantina","2012-12-13 00:00:00"
NC,Charlotte,,"8706 Pineville Matthews Rd","Thai House At Tower Place","2012-12-11 00:00:00"
NC,Charlotte,,"2900 Griffith St","Triple C Brewing Company","2012-12-07 00:00:00"
NC,Charlotte,,"7510 Pineville Matthews Rd","Panera Bread","2012-12-03 00:00:00"
NC,Charlotte,"First Ward","601 E 5th St","Carrousel Parade & Festival","2012-12-03 00:00:00"
NC,Matthews,,"4330 Weddington Rd","Colonel Francis Beatty Park","2012-12-03 00:00:00"
NC,Charlotte,,"7601 Pineville-Matthews Rd","Pet Supplies Plus","2012-11-29 00:00:00"
NC,Charlotte,Cotswold,"4422 Colwick Rd","The Pizza Peel","2012-11-26 00:00:00"
NC,Charlotte,Cotswold,"119 N Sharon Amity","Krispy Kreme","2012-11-25 00:00:00"
NC,Charlotte,"South Park","4626 Piedmont Row Dr, Bldg E Ste 115","Taco Mac","2012-11-25 00:00:00"
NC,Charlotte,,"2900 Griffith St","Triple C Brewing Company","2012-11-21 00:00:00"
NC,Charlotte,"South End","2201 South Blvd, Ste 130","Five Guys","2012-11-19 00:00:00"
NC,Charlotte,Starmount,"7901 Forest Pine Dr","Cafe South","2012-11-16 00:00:00"
NC,Charlotte,"Steele Creek","8943 S Tryon St","Don Pedro Mexican Restaurant","2012-11-16 00:00:00"
NC,Charlotte,,"2900 Griffith St","Triple C Brewing Company","2012-11-14 00:00:00"
NC,Charlotte,"Steele Creek","7808 S Tryon St, Ste H","Lennys Subs","2012-11-13 00:00:00"
NC,Charlotte,"South Park","1700 Montford Dr","TEN Park Lanes","2012-11-11 00:00:00"
NC,Charlotte,"South Park","6610 Fairview Rd","Whole Foods Market Charlotte","2012-11-06 00:00:00"
NC,Charlotte,Cotswold,"4300 Monroe Rd","Morris Costumes","2012-10-29 00:00:00"
NC,Charlotte,,"2900 Griffith St","Triple C Brewing Company","2012-10-24 00:00:00"
NC,Charlotte,Cotswold,"4300 Monroe Rd","Morris Costumes","2012-10-20 00:00:00"
NC,Charlotte,,"2900 Griffith St","Triple C Brewing Company","2012-10-19 00:00:00"
NC,Charlotte,"First Ward","230 N College St","Caffe Siena","2012-10-14 00:00:00"
SC,"Fort Mill",,,"Gourmet Goombahs","2012-10-14 00:00:00"
NC,Charlotte,"Third Ward","1000 Nc Music Factory Blvd","Time Warner Cable BBQ & Blues","2012-10-14 00:00:00"
NC,Charlotte,"Third Ward",,"Papi Queso","2012-10-02 00:00:00"
NC,Charlotte,Sedgefield,"2400 Park Rd","Famous Toastery","2012-09-29 00:00:00"
NC,Charlotte,Uptown,,"Turkey And...","2012-09-28 00:00:00"
NC,Charlotte,Elizabeth,,"Roaming Fork","2012-09-28 00:00:00"
NC,Charlotte,Dilworth,"1409 East Blvd","Festival In the Park","2012-09-22 00:00:00"
SC,"Fort Mill",,,"Sal's Roadside Eatery","2012-09-16 00:00:00"
NC,Charlotte,,"2900 Griffith St","Triple C Brewing Company","2012-09-13 00:00:00"
NC,Charlotte,Elizabeth,"116 Middleton Dr","Zio Casual Italian","2012-09-12 00:00:00"
NC,Charlotte,,"8706 Pineville Matthews Rd","Thai House At Tower Place","2012-09-11 00:00:00"
NC,Charlotte,Uptown,,"Maki Taco","2012-09-07 00:00:00"
NC,Charlotte,,,Napolitano's,"2012-09-03 00:00:00"
NC,Charlotte,,"2900 Griffith St","Triple C Brewing Company","2012-08-30 00:00:00"
NC,Charlotte,Starmount,"7901 Forest Pine Dr","Cafe South","2012-08-28 00:00:00"
NC,Charlotte,Uptown,"330 S Tryon","Amélie's Petite","2012-08-27 00:00:00"
NC,Charlotte,Uptown,"305 E Third St","3rd Street Lynx Station","2012-08-27 00:00:00"
NC,Charlotte,"Third Ward","820 Hamilton St","Pride Charlotte Festival","2012-08-26 00:00:00"
NC,Charlotte,"South End","2201 South Blvd, Ste 210","Southview Dentistry","2012-08-21 00:00:00"
NC,Matthews,,"130 Matthews Station St","Beantown Tavern","2012-08-19 00:00:00"
NC,Matthews,,"130 Matthews Station St","Beantown Tavern","2012-08-18 00:00:00"
NV,"Las Vegas","The Strip","Treasure Island Hotel, 3300 S Las Vegas Blvd","Cirque du Soleil - Mystère","2012-08-18 00:00:00"
NC,Charlotte,Dilworth,"1514 East Blvd","JJ's Red Hots","2012-08-16 00:00:00"
SC,"Fort Mill",,"249 Carowinds Blvd","Kangaroo Express","2012-08-11 00:00:00"
NC,Charlotte,Starmount,"7901 Forest Pine Dr","Cafe South","2012-08-11 00:00:00"
NC,Charlotte,Starmount,"7901 Forest Pine Dr","Cafe South","2012-08-09 00:00:00"
NC,Charlotte,Dilworth,"1514 East Blvd","JJ's Red Hots","2012-08-09 00:00:00"
NC,Charlotte,Dilworth,"1300 East Blvd","Jersey Mike's Subs","2012-08-07 00:00:00"
NC,Charlotte,Starmount,"7901 Forest Pine Dr","Cafe South","2012-08-01 00:00:00"
NC,Charlotte,"South End","2000 S Blvd","Zucca Pizza Tavern","2012-07-31 00:00:00"
NC,Charlotte,,"5937 South Blvd",Doan's,"2012-07-28 00:00:00"
NC,Charlotte,"Steele Creek","8516 S Tryon St, Ste 105","Firehouse Subs","2012-07-27 00:00:00"
NC,Charlotte,Dilworth,"1514 East Blvd","JJ's Red Hots","2012-07-25 00:00:00"
NC,Charlotte,Dilworth,"1514 East Blvd","JJ's Red Hots","2012-07-23 00:00:00"
NC,Charlotte,"Steele Creek","10720 S Tryon St, Ste O","Crown Town Subs","2012-07-21 00:00:00"
NC,Charlotte,Elizabeth,"2718 Monroe Rd","Lupie's Cafe","2012-07-21 00:00:00"
NC,Charlotte,,"8706 Pineville Matthews Rd","Thai House At Tower Place","2012-07-20 00:00:00"
NC,Charlotte,"Steele Creek","8152 S Tryon St","Panera Bread","2012-07-19 00:00:00"
NC,Charlotte,"Steele Creek","8516 S Tryon St, Ste 105","Firehouse Subs","2012-07-19 00:00:00"
NC,Charlotte,"First Ward","200 E 7th St","Levine Museum of the New South","2012-07-16 00:00:00"
NC,Charlotte,,"9551 South Blvd","DSW Designer Shoe Warehouse","2012-07-14 00:00:00"
NC,Charlotte,,"10405-B Park Rd","Genaro's Rotisserie & Grill","2012-07-12 00:00:00"
NC,Charlotte,"Steele Creek","8152 S Tryon St","Panera Bread","2012-07-11 00:00:00"
NC,Charlotte,"Steele Creek","8152 S Tryon St","Panera Bread","2012-07-11 00:00:00"
NC,Charlotte,Cotswold,"2907 Providence Rd","MezzaNotte Brick Oven Pizza","2012-07-11 00:00:00"
NC,Pineville,,"10405 Centrum Pkwy","Quaker Steak & Lube","2012-07-10 00:00:00"
NC,Charlotte,Uptown,"500 S Tryon St",Halcyon,"2012-07-09 00:00:00"
NC,Charlotte,Uptown,"500 S Tryon St","Mint Museum Uptown","2012-07-09 00:00:00"
NC,Charlotte,Derita,"301 N Tryon St","Discovery Place","2012-07-08 00:00:00"
NC,Charlotte,"First Ward","224 E 7th St","7th Street Public Market","2012-07-08 00:00:00"
NC,Charlotte,Uptown,"420 S Tryon St","Bechtler Museum of Modern Art","2012-07-08 00:00:00"
NC,Charlotte,"First Ward","200 E 7th St","Levine Museum of the New South","2012-07-07 00:00:00"
SC,"Fort Mill",,"249 Carowinds Blvd","Kangaroo Express","2012-07-06 00:00:00"
NC,Charlotte,"Fourth Ward","401 N Tryon St, Ste 100","Rock Bottom Restaurant & Brewery","2012-07-05 00:00:00"
NC,Charlotte,"Steele Creek","11112-A South Tryon St, Ste A","Jersey Mike's Subs","2012-06-30 00:00:00"
NC,Charlotte,"Steele Creek","9033 S Tryon St","Dunkin Donuts Baskin Robbins","2012-06-29 00:00:00"
NC,Charlotte,"Myers Park","601 S Kings Dr",Meskerem,"2012-06-29 00:00:00"
NC,Pineville,,"10020 Pineville Matthews Rd","Rite Aid","2012-06-26 00:00:00"
NC,Charlotte,"First Ward","225 E 6th St","Brixx Wood Fired Pizza","2012-06-25 00:00:00"
PA,Pittsburgh,"North Side","117 Sandusky St","The Andy Warhol Museum","2012-06-23 00:00:00"
NC,Charlotte,"First Ward","260 East 7th St","7th Street Lynx Station","2012-06-23 00:00:00"
PA,Pittsburgh,"South Side","5 Grandview Ave","Monongahela Incline","2012-06-23 00:00:00"
PA,Pittsburgh,"South Side","1197 W Carson St","Duquesne Incline","2012-06-23 00:00:00"
PA,Pittsburgh,"South Side","125 Station Sq Dr","Pennsylvania Wine Cellar","2012-06-23 00:00:00"
PA,Pittsburgh,"North Side","700 Arch St","National Aviary","2012-06-21 00:00:00"
PA,Clairton,,"1206 Route 51","Ciccanti Ristorante","2012-06-18 00:00:00"
NC,Charlotte,"South Park","4400 Sharon Rd",Apple,"2012-06-18 00:00:00"
PA,Pittsburgh,"North Side","337 N Shore Dr",Rivertowne,"2012-06-17 00:00:00"
PA,"West Mifflin",,"4800 Kennywood Blvd","Kennywood Park","2012-06-17 00:00:00"
PA,Pittsburgh,,"1717 Lebanon Church Rd","Target Stores","2012-06-17 00:00:00"
PA,Pittsburgh,Lawrenceville,"3525 Liberty Ave","Church Brew Works","2012-06-17 00:00:00"
PA,Pittsburgh,,"1550 Lebanon Church Rd","Hampton Inn Pittsburgh-West Mifflin","2012-06-17 00:00:00"
PA,"West Mifflin",,"9911 Mountain View Dr",Kohl's,"2012-06-17 00:00:00"
PA,Pittsburgh,,"1550 Lebanon Church Rd","Hampton Inn Pittsburgh-West Mifflin","2012-06-15 00:00:00"
PA,Pittsburgh,Lawrenceville,"3525 Liberty Ave","Church Brew Works","2012-06-15 00:00:00"
PA,Pittsburgh,"North Side","337 N Shore Dr",Rivertowne,"2012-06-15 00:00:00"
PA,Pittsburgh,,"1550 Lebanon Church Rd","Hampton Inn Pittsburgh-West Mifflin","2012-06-14 00:00:00"
PA,"West Mifflin",,"4800 Kennywood Blvd","Kennywood Park","2012-06-14 00:00:00"
NC,Charlotte,Starmount,"500 Tyvola Rd","Costco Wholesale","2012-06-10 00:00:00"
NC,Charlotte,"South End","1533 South Blvd","CVS Pharmacy","2012-06-08 00:00:00"
NC,Charlotte,,"1404 W Morehead St","Savor Cafe & Catering","2012-06-07 00:00:00"
NC,Charlotte,"Steele Creek","10920 Winds Crossing Dr.","FATZ Cafe","2012-06-07 00:00:00"
NC,Charlotte,Elizabeth,"1609 Elizabeth Ave",Smalls,"2012-05-25 00:00:00"
NC,Charlotte,Elizabeth,"1601 Elizabeth Ave","Elizabeth Creamery","2012-05-24 00:00:00"
NC,Charlotte,"Third Ward","920 Hamilton St","VBGB Beer Hall and Garden","2012-05-18 00:00:00"
NC,Charlotte,"Third Ward","900 Seaboard St, Ste B","Wet Willie's","2012-05-18 00:00:00"
NC,Charlotte,"Steele Creek","2216 W Arrowood Rd","Showmars - Arrowood Rd","2012-05-14 00:00:00"
NC,Charlotte,"University City","8708 Jw Clay Blvd",FireWater,"2012-05-09 00:00:00"
SC,"Fort Mill",,"249 Carowinds Blvd","Kangaroo Express","2012-05-07 00:00:00"
NC,Charlotte,"South Park","6401 Morrison Blvd","Paco's Tacos & Tequila","2012-05-06 00:00:00"
NC,Charlotte,"University City","8801 J M Keynes Dr, Ste 91","WFAE 90.7fm Charlotte's NPR News Source","2012-05-06 00:00:00"
NC,Charlotte,Dilworth,"1412F East Blvd",Crisp,"2012-05-02 00:00:00"
NC,Charlotte,"Myers Park","Kings Dr & 4th St","Little Sugar Creek Greenway","2012-04-28 00:00:00"
NC,Charlotte,Elizabeth,"1800 E 7th St","Cajun Queen","2012-04-26 00:00:00"
NC,Charlotte,Starmount,"9300 South Blvd",Wendy's,"2012-04-25 00:00:00"
NC,Charlotte,"South End","2601 South Blvd",7-Eleven,"2012-04-25 00:00:00"
NC,Charlotte,,"5501 Josh Birmingham Pkwy","Charlotte Douglas International Airport","2012-04-24 00:00:00"
NC,Charlotte,,"Charlotte Douglas International Airport - Main Terminal",Starbucks,"2012-04-20 00:00:00"
NC,Charlotte,,"Charlotte Douglas International Airport","The Great American Bagel Bakery","2012-04-20 00:00:00"
NC,Charlotte,Ballantyne,"14835 Ballantyne Village Way","Mellow Mushroom","2012-04-18 00:00:00"
NC,Charlotte,,"10405-B Park Rd","Genaro's Rotisserie & Grill","2012-04-13 00:00:00"
NC,Charlotte,,"10405-B Park Rd","Genaro's Rotisserie & Grill","2012-04-13 00:00:00"
NC,Charlotte,Cotswold,"120 N Sharon Amity Rd","Koishi Restaurant & Sushi Bar","2012-04-11 00:00:00"
NC,Charlotte,,"8711 Monroe Rd","McAlpine Creek Greenway","2012-04-11 00:00:00"
NC,Charlotte,"South End","1620 South Blvd","Office Depot","2012-04-11 00:00:00"
NC,Charlotte,Dilworth,"1227 East Blvd","Harris Teeter","2012-04-07 00:00:00"
NC,Charlotte,,"1801 Yorkmont Rd","Charlotte Regional Farmers Market","2012-04-07 00:00:00"
NC,Charlotte,"Sherwood Forest","2935 Providence Rd, Ste 104, Bldg C","The Secret Chocolatier","2012-04-07 00:00:00"
NC,Charlotte,"South End","2000-2104 South Blvd","Atherton Mill","2012-04-07 00:00:00"
NC,Charlotte,Uptown,"210 E Trade St, Ste E480","Charlotte Checkers","2012-04-07 00:00:00"
NC,Charlotte,"South Park","4400 Sharon Rd",Brookstone,"2012-04-07 00:00:00"
NC,Charlotte,"Steele Creek","8152 S Tryon St","Panera Bread","2012-04-06 00:00:00"
NC,Charlotte,,"10709 McMullen Creek Pkwy",Trio,"2012-04-06 00:00:00"
NC,Charlotte,"First Ward","333 East Trade St","Spectrum Center","2012-04-05 00:00:00"
NC,Charlotte,"Steele Creek","7741 S Tryon St",Citgo,"2012-04-01 00:00:00"
SC,"Fort Mill",,"270 Carowinds Blvd",Wendy's,"2012-03-31 00:00:00"
NC,Charlotte,,"215 Southside Dr","The Olde Mecklenburg Brewery","2012-03-30 00:00:00"
SC,"Fort Mill",,"240 Carowinds Blvd",7-Eleven,"2012-03-30 00:00:00"
NC,Charlotte,Eastland,"4426 E Independence Blvd","Las Margaritas","2012-03-29 00:00:00"
NC,Charlotte,"South End","2000-2104 South Blvd","Atherton Mill","2012-03-28 00:00:00"
NC,Waxhaw,,,"Chosen Roaster","2012-03-28 00:00:00"
NC,Charlotte,Dilworth,"600 East Blvd","Yiasou Greek Festival","2012-03-19 00:00:00"
NC,Charlotte,,,"Poprock Photography","2012-03-17 00:00:00"
NC,Charlotte,Derita,"4200 Jeff Adams Dr","UPS Customer Center","2012-03-17 00:00:00"
NC,Charlotte,"Steele Creek","8152 S Tryon St","Panera Bread","2012-03-16 00:00:00"
NC,Pineville,,"11025 Carolina Place Pkwy","Great Wraps","2012-03-16 00:00:00"
NC,Pineville,,"11017 Carolina Place Pkwy",JCPenney,"2012-03-16 00:00:00"
SC,"Fort Mill",,"951 Market St, Ste 103","Baxter Village","2012-03-16 00:00:00"
NC,Charlotte,Ballantyne,"15221 John J Delaney Dr","Rite Aid","2012-03-15 00:00:00"
NC,Charlotte,,,Wingzza,"2012-03-11 00:00:00"
SC,"Fort Mill",,"1012 Market St",Beertopia,"2012-03-11 00:00:00"
NC,Charlotte,Cotswold,"705 S Sharon Amity Rd","Leroy Fox","2012-03-07 00:00:00"
NC,Charlotte,Cotswold,"705 S Sharon Amity Rd","Leroy Fox","2012-03-07 00:00:00"
NC,Charlotte,Cotswold,"617 S Sharon Amity Rd","Eddie's Place","2012-03-06 00:00:00"
NC,Charlotte,,"10405-B Park Rd","Genaro's Rotisserie & Grill","2012-03-06 00:00:00"
NC,Charlotte,"South Park","6700 Fairview Rd","Cafe Monte","2012-03-04 00:00:00"
NC,Charlotte,Starmount,"5033 S Blvd","Sharonview Federal Credit Union","2012-03-03 00:00:00"
NC,Charlotte,Ballantyne,"10910 Ardrey Kell Rd","State Employees Credit Union","2012-03-03 00:00:00"
NC,Charlotte,,"301 E Woodlawn Rd, Ste 100","FedEx Office Print & Ship Center","2012-03-02 00:00:00"
NC,Charlotte,Dilworth,"1227 East Blvd","Harris Teeter","2012-02-27 00:00:00"
NC,Charlotte,"Sherwood Forest","5431 Monroe Rd","Plaza Appliance Mart","2012-02-27 00:00:00"
NC,Charlotte,"Myers Park","2820 Selwyn Ave, Ste 180","The Glass House","2012-02-26 00:00:00"
NC,Charlotte,"Myers Park","1100 Metropolitan Ave, Bldg E, Ste 100",Vivace,"2012-02-23 00:00:00"
NC,Charlotte,,"10703 Park Rd","Park 51 Cafe","2012-02-22 00:00:00"
NC,Charlotte,,"8652 Pineville-Matthews Rd, Ste1000","House of Athens","2012-02-21 00:00:00"
NC,Charlotte,"Myers Park","239 S Kings Dr, Ste B","Chipotle Mexican Grill","2012-02-19 00:00:00"
NC,Charlotte,,"7828 Rea Rd","Jersey Mike's Subs","2012-02-19 00:00:00"
NC,Charlotte,"University City","440 E McCullough Dr, Ste A-100","Total Wine & More","2012-02-19 00:00:00"
NC,Charlotte,,"4133 Park Rd","Rite Aid","2012-02-17 00:00:00"
NC,Charlotte,,"8706 Pineville Matthews Rd","Thai House At Tower Place","2012-02-16 00:00:00"
NC,Charlotte,NoDa,"2315 N Davidson St","Birdsong Brewing","2012-02-12 00:00:00"
NC,Charlotte,NoDa,"2229 N Davidson St","NoDa Brewing Company","2012-02-12 00:00:00"
NC,Charlotte,"South Park","4717-1B Sharon Rd","Jimmy John's","2012-02-11 00:00:00"
NC,Charlotte,"Steele Creek","8140 S Tryon St","O'Charley's Restaurant & Bar","2012-02-10 00:00:00"
NC,Charlotte,"Sherwood Forest","4223 Providence Rd","The Fresh Market","2012-02-05 00:00:00"
NC,Charlotte,,"2921 Providence Rd, Ste 100","Chipotle Mexican Grill","2012-02-05 00:00:00"
SC,"Fort Mill",,"249 Carowinds Blvd","Kangaroo Express","2012-02-03 00:00:00"
NC,Charlotte,"Myers Park","923 Kings Dr",Shell,"2012-02-02 00:00:00"
NC,Charlotte,"Steele Creek","8905 Red Oak Blvd","Ruby Tuesday","2012-01-31 00:00:00"
NC,Charlotte,,"9559 South Blvd","Bed Bath & Beyond","2012-01-29 00:00:00"
NC,Charlotte,,"6416 Rea Rd","Cvs Front Store","2012-01-27 00:00:00"
NC,Charlotte,"South End","311 East Blvd",Copper,"2012-01-26 00:00:00"
NC,Pineville,,"10200 Centrum Pkwy",Petsmart,"2012-01-25 00:00:00"
NC,Charlotte,Derita,"2625 S Blvd",McDonald's,"2012-01-25 00:00:00"
NC,Charlotte,,"4343 Park Rd",McDonald's,"2012-01-25 00:00:00"
NC,Charlotte,"South Park","4310 Sharon Rd, Ste X05","The Cowfish Sushi Burger Bar","2012-01-25 00:00:00"
NC,Charlotte,,"1600 E Woodlawn Rd, Ste 200","QDOBA Mexican Eats","2012-01-21 00:00:00"
NC,Charlotte,"Myers Park","2820 Selwyn Ave, Ste 160","Twenty Degrees Chocolates","2012-01-16 00:00:00"
NC,Charlotte,,"1 Julian Price Pl","Bob & Sheri Radio Show","2012-01-15 00:00:00"
SC,"Fort Mill",,"1604 Hwy 21 Bypass","Anne Springs Close Greenway","2012-01-15 00:00:00"
NC,Charlotte,"Steele Creek","15222 York Rd","McDowell Nature Center and Preserve","2012-01-14 00:00:00"
NC,Charlotte,"First Ward","224 E 7th St","7th Street Station Parking Garage","2012-01-14 00:00:00"
NC,Charlotte,,"8706 Pineville Matthews Rd","Thai House At Tower Place","2012-01-11 00:00:00"
NC,Charlotte,"South End","1820 South Blvd","Pewter Rose Bistro","2012-01-11 00:00:00"
NC,Charlotte,"South Park","6035 Fairview Rd","Charlotte Eye Ear Nose & Throat Associates","2012-01-09 00:00:00"
NC,Charlotte,,"7860 Rea Rd","Target Stores","2012-01-08 00:00:00"
NC,Charlotte,Starmount,"500 Tyvola Rd","Costco Wholesale","2012-01-06 00:00:00"
NC,Charlotte,"Steele Creek","13209 Carowinds Blvd, Ste a","Wing King Cafe","2012-01-06 00:00:00"
NC,Charlotte,"Steele Creek","8152 S Tryon St","Panera Bread","2012-01-05 00:00:00"
NC,Charlotte,,"4100 Carmel Rd","Harris Teeter","2012-01-02 00:00:00"
NC,Charlotte,Ballantyne,"16646 Hawfield Way Dr","Mexquite Mexican Eatery","2012-01-02 00:00:00"
NC,Charlotte,Ballantyne,"16045 US 521 Hwy","Lowes Foods","2012-01-02 00:00:00"
NC,Charlotte,"South Park","3920 Sharon Rd","Firebirds Wood Fired Grill","2011-12-31 00:00:00"
NC,Charlotte,Dilworth,"1408-C East Blvd","Blacklion Dilworth","2011-12-31 00:00:00"
NC,Charlotte,,"8706 Pineville Matthews Rd","Thai House At Tower Place","2011-12-29 00:00:00"
NC,Charlotte,"Steele Creek","8943 S Tryon St, Ste A","McAlister's Deli","2011-12-29 00:00:00"
NC,Charlotte,"Steele Creek","12820 S Tryon St, Ste 150","Five Guys","2011-12-28 00:00:00"
NC,Charlotte,,"7625 Pineville Matthews Rd","The Fresh Market","2011-12-27 00:00:00"
NC,Charlotte,Uptown,"800 E Third St","Marshall Park","2011-12-27 00:00:00"
NC,Charlotte,"Plaza Midwood",,"Divine Pies Bakery","2011-12-24 00:00:00"
NC,Charlotte,,"6241 South Blvd","US Post Office","2011-12-23 00:00:00"
NC,Charlotte,Dilworth,"1412 East Blvd, Ste A","Outback Steakhouse","2011-12-23 00:00:00"
NC,Charlotte,Starmount,"306 E Woodlawn Rd","Cvs Pharmacy","2011-12-23 00:00:00"
NC,Charlotte,"South End","2000 S Blvd, Ste 610","Vin Master","2011-12-20 00:00:00"
NC,Charlotte,"Myers Park","901 S Kings Dr, Ste 140B","The Melting Pot - Charlotte","2011-12-19 00:00:00"
NC,Charlotte,"Myers Park","901 S Kings Dr, Ste 140B","The Melting Pot - Charlotte","2011-12-18 00:00:00"
NC,Charlotte,,"1600 E Woodlawn Rd, Ste 260","Which Wich","2011-12-17 00:00:00"
NC,Pineville,,"11715 Carolina Place Pkwy","BJ's Wholesale Club","2011-12-15 00:00:00"
NC,Charlotte,"South Park","4345 Barclay Downs Dr","The Container Store","2011-12-15 00:00:00"
NC,Charlotte,,"8706 Pineville Matthews Rd","Thai House At Tower Place","2011-12-14 00:00:00"
NC,Charlotte,,"7900 Rea Rd","Stonecrest Shopping Center","2011-12-14 00:00:00"
NC,Charlotte,,"7804 Rea Rd, Ste A","Miro Spanish Grill","2011-12-14 00:00:00"
NC,Charlotte,,"8706 Pineville Matthews Rd","Thai House At Tower Place","2011-12-13 00:00:00"
NC,Pineville,,"10628 Park Rd","Carolinas Medical Center-Pineville","2011-12-09 00:00:00"
NC,Charlotte,Elizabeth,"1961 E 7th St",Crisp,"2011-12-09 00:00:00"
NC,Charlotte,Dilworth,"1235 East Blvd, Ste B","Dilworth Coffee","2011-12-09 00:00:00"
NC,Matthews,,"9617 E Independence Blvd",Kohl's,"2011-12-09 00:00:00"
NC,Charlotte,,"10719 Kettering Dr","Wan Fu","2011-12-07 00:00:00"
NC,Charlotte,,"10405-B Park Rd","Genaro's Rotisserie & Grill","2011-12-06 00:00:00"
NC,Charlotte,NoDa,"501 E 36th St","Boudreaux's Louisiana Kitchen","2011-12-03 00:00:00"
NC,Charlotte,,"7629 Pineville Matthws Rd","Bangkok Ocha","2011-12-02 00:00:00"
NC,Charlotte,Starmount,"4704 South Blvd",Gamestop,"2011-12-02 00:00:00"
NC,Charlotte,Starmount,"413 Tyvola Rd",McDonald's,"2011-12-01 00:00:00"
NC,Charlotte,"Sherwood Forest","2935 Providence Rd, Ste 104, Bldg C","The Secret Chocolatier","2011-11-29 00:00:00"
NC,Charlotte,"South End","2408 South Blvd","Off Broadway Shoes","2011-11-22 00:00:00"
NC,Charlotte,,"9579 South Blvd",Kohl's,"2011-11-22 00:00:00"
NC,Charlotte,,"10118 Johnston Rd",Goodwill,"2011-11-22 00:00:00"
NC,Charlotte,"South Park","1601 Montford Dr","The Roasting Company","2011-11-21 00:00:00"
SC,"Fort Mill",,"3660 Hwy 51 N","Miller's Produce","2011-11-21 00:00:00"
NC,Charlotte,"South Park","1601 Montford Dr","The Roasting Company","2011-11-21 00:00:00"
NC,Pineville,,"626 Eagleton Downs Dr","FedEx Ship Center","2011-11-19 00:00:00"
NC,Charlotte,"Myers Park","2820 Selwyn Ave, Ste 160","Petit Philippe","2011-11-19 00:00:00"
NC,Charlotte,"Myers Park","2820 Selwyn Ave, Ste 180",FABO,"2011-11-19 00:00:00"
NC,Charlotte,"Steele Creek","8116 S Tryon St, Ste B3","The UPS Store","2011-11-19 00:00:00"
NC,Huntersville,,"5225 Sample Rd","Historic Latta Plantation","2011-11-18 00:00:00"
NC,Charlotte,"South End","2041 South Blvd","Owen's Bagel & Deli","2011-11-17 00:00:00"
NC,Charlotte,,"9551 South Blvd","DSW Designer Shoe Warehouse","2011-11-17 00:00:00"
NC,Charlotte,Uptown,"800 S Mint St","Carolina Panthers","2011-11-17 00:00:00"
NC,Charlotte,"Steele Creek","2215 Ayrsley Town Blvd","Moe's Southwest Grill","2011-11-15 00:00:00"
NC,Charlotte,,"2447 Park Rd","Carriage Fine Dry Cleaning","2011-11-14 00:00:00"
NC,Charlotte,"Steele Creek","8506 S Tryon St, Ste C",Subway,"2011-11-14 00:00:00"
NC,Charlotte,,"3750 South Blvd","Scaleybark Lynx Station","2011-11-13 00:00:00"
SC,"Fort Mill",,"3674 Hwy 51 N","Barnyard Flea Market","2011-11-13 00:00:00"
NC,Charlotte,Arboretum,"8036 Providence Rd, Ste 400","Rack Room Shoes","2011-11-13 00:00:00"
SC,"Fort Mill",,"3670 Hwy 51 N","State Line Beverage Warehouse","2011-11-13 00:00:00"
NC,Charlotte,,"9839 Rea Rd","Best Buy Blakeney","2011-11-12 00:00:00"
NC,Charlotte,"South End","1930 Camden Rd","Pike's Old Fashioned Soda Shop","2011-11-12 00:00:00"
NC,Charlotte,,"8318 Pineville Matthews Rd","McMullen Creek Market Shopping Center and Executive Office Suite","2011-11-12 00:00:00"
NC,Charlotte,Ballantyne,"9876 Rea Rd, Ste A","Off Broadway Shoes","2011-11-12 00:00:00"
NC,Charlotte,Ballantyne,"9815 Rea Rd, Ste A","Newk's Express Cafe","2011-11-12 00:00:00"
NC,Charlotte,Ballantyne,"Ardrey Kell & Rea Roads",Blakeney,"2011-11-12 00:00:00"
NC,Charlotte,,"10403 Park Rd, Ste E","DD Peckers","2011-11-11 00:00:00"
NC,Charlotte,,"3124 Eastway Dr, Ste 510","Portofino's Italian Restaurant & Pizzeria","2011-11-10 00:00:00"
NC,Charlotte,Eastland,"4508 E Independence Blvd","Brazas Brazilian Grill","2011-11-09 00:00:00"
NC,Charlotte,Eastland,"4508 E Independence Blvd","Namaste India","2011-11-09 00:00:00"
NC,Charlotte,,"10719 Kettering Dr","Wan Fu","2011-11-08 00:00:00"
NC,Charlotte,Starmount,"516 Tyvola Rd","Royal Buffet","2011-11-08 00:00:00"
NC,Charlotte,"Plaza Midwood","1235 Pecan Ave","CVS Pharmacy","2011-11-07 00:00:00"
NC,Charlotte,Cotswold,"282 S Sharon Amity Rd","Cotswold Village Shops","2011-11-07 00:00:00"
NC,Huntersville,,"16445 Poplar Tent Rd","Carolina Renaissance Festival","2011-11-07 00:00:00"
NC,Charlotte,"Plaza Midwood","1220 Thomas Ave",Dish,"2011-11-05 00:00:00"
NC,Charlotte,Starmount,"4732 South Blvd","Firehouse Subs","2011-11-04 00:00:00"
NC,Huntersville,,"5225 Sample Rd","Latta Plantation Park","2011-11-03 00:00:00"
NC,Charlotte,Uptown,"210 E Trade St, Ste D-164","Libretto's Pizzeria","2011-11-02 00:00:00"
NC,Charlotte,"Steele Creek","13230 Carowinds Blvd","Tilted Kilt Pub & Eatery","2011-11-02 00:00:00"
NC,Charlotte,"Steele Creek","14145 Rivergate Pkwy, Ste 200","Fuel Pizza Cafe","2011-11-02 00:00:00"
NC,Charlotte,Elizabeth,"1523 Elizabeth Ave, Ste 120","RedSky Gallery","2011-10-28 00:00:00"
NC,Charlotte,Uptown,"139 S Tryon St","Chima  Steakhouse","2011-10-27 00:00:00"
NC,Charlotte,"South End","1821 Camden Rd","Lynx East/West Blvd Station","2011-10-27 00:00:00"
NC,Charlotte,Starmount,"1036 Tyvola Rd","Wiki Wiki Carwash","2011-10-27 00:00:00"
NC,Charlotte,,"Corton Dr","Salem Village Apartments","2011-10-26 00:00:00"
NC,Matthews,,"9903 E Independence Blvd","Hhgregg Appliances","2011-10-26 00:00:00"
NC,Charlotte,,"10703 Park Rd","Park 51 Cafe","2011-10-25 00:00:00"
NC,Charlotte,Elizabeth,"601 Providence Rd","Panera Bread","2011-10-24 00:00:00"
NC,Charlotte,Sedgefield,"2801 South Blvd","Monsoon Thai Cuisine","2011-10-24 00:00:00"
NC,Concord,,"8054 Concord Mills Blvd","Hh Gregg Appliances & Electronics","2011-10-23 00:00:00"
NC,Charlotte,,"12721 Albemarle Rd","Jake's Good Eats","2011-10-23 00:00:00"
NC,Charlotte,"South Park","1607 Montford Dr","Jet's Pizza","2011-10-21 00:00:00"
NC,Charlotte,Starmount,"930 Tyvola Rd","China King Super Buffet","2011-10-20 00:00:00"
NC,Charlotte,"Steele Creek","8180 S Tryon St","Walmart Supercenter","2011-10-18 00:00:00"
NC,Charlotte,"Steele Creek","8170 S Tryon St, Ste E, Whitehall Commons","Luigi's Pizza","2011-10-17 00:00:00"
NC,Charlotte,Elizabeth,"1620 E 4th St","Papa John's Pizza","2011-10-17 00:00:00"
NC,Huntersville,,"6000 Sample Rd","Carolina Raptor Center","2011-10-17 00:00:00"
NC,Charlotte,"South Park","4020 Sharon Rd","Barnes & Noble Booksellers","2011-10-16 00:00:00"
NC,Pineville,,"11025 Carolina Place Pkwy","Carolina Place Mall","2011-10-15 00:00:00"
NC,Charlotte,,"6801 Northlake Mall Dr","Northlake Mall","2011-10-15 00:00:00"
NC,Charlotte,,"10405-B Park Rd","Genaro's Rotisserie & Grill","2011-10-14 00:00:00"
NC,Charlotte,Ballantyne,"14835 Ballantyne Village Way","Panera Bread","2011-10-14 00:00:00"
NC,Pineville,,"10600 Centrum Pkwy","Best Buy","2011-10-14 00:00:00"
NC,Pineville,,"9610 Pineville-Matthews Rd","Office Depot","2011-10-13 00:00:00"
NC,Pineville,,"10015 Lee St","Don Pedro Mexican Restaurant","2011-10-13 00:00:00"
NC,Charlotte,"South Park","5126 Park Rd, Ste 1c",Portofino's,"2011-10-13 00:00:00"
NC,Charlotte,,"10517 Park Rd","Park Place Restaurant","2011-10-13 00:00:00"
NC,Charlotte,"Plaza Midwood","1322 Central Ave","Bistro La Bon","2011-10-11 00:00:00"
NC,Charlotte,Uptown,"321 S Church St","French Quarter","2011-10-11 00:00:00"
NC,Charlotte,Elizabeth,"310 N Kings Dr","American Legion Memorial Stadium","2011-10-10 00:00:00"
NC,Charlotte,"Steele Creek","10913 C Office Park Dr","Four Friends Brewing","2011-10-09 00:00:00"
NC,Charlotte,Derita,"7100 Statesville Rd","Metrolina Expo Trade Center","2011-10-09 00:00:00"
NC,Charlotte,Eastland,"2900 Rocky River Rd","Reedy Creek Park","2011-10-09 00:00:00"
NC,Charlotte,"Steele Creek","9033 S Tryon St","Dunkin Donuts Baskin Robbins","2011-10-07 00:00:00"
NC,Charlotte,,"10703 Park Rd","Park 51 Cafe","2011-10-07 00:00:00"
NC,Charlotte,,"5401 South Blvd Ste 14",PetSmart,"2011-10-07 00:00:00"
NC,Charlotte,"South Park","4320 Sharon Rd","Crate & Barrel","2011-10-07 00:00:00"
NC,Charlotte,,"8706 Pineville Matthews Rd","Thai House At Tower Place","2011-10-06 00:00:00"
NC,Charlotte,"Myers Park","1055 Metropolitan Ave, Ste 110","Zoës Kitchen","2011-10-06 00:00:00"
NC,Charlotte,"South End","2107 South Blvd","Mr. K's Soft Ice Cream & Drive In","2011-10-06 00:00:00"
NC,Charlotte,,"6037 South Blvd","500 Degrees New York Style Pizzeria","2011-10-05 00:00:00"
NC,Charlotte,,"10719 Kettering Dr","Wan Fu","2011-10-04 00:00:00"
NC,Charlotte,"South Park","4201 Congress St","Village Tavern","2011-10-04 00:00:00"
NC,Charlotte,"South Park","4201 Congress St","Village Tavern","2011-10-03 00:00:00"
NC,Charlotte,,"6418 Rea Rd","Trader Joe's","2011-10-02 00:00:00"
NC,Charlotte,Elizabeth,"601 Providence Rd","Panera Bread","2011-10-02 00:00:00"
NC,Charlotte,,"215 Southside Dr","The Olde Mecklenburg Brewery","2011-09-29 00:00:00"
NC,Charlotte,,"10215 Park Rd","Tin Tin","2011-09-29 00:00:00"
NC,Charlotte,,"8706 Pineville Matthews Rd","Thai House At Tower Place","2011-09-28 00:00:00"
NC,Pineville,,"11516 Carolina Pl Pkwy","Ethan Allen","2011-09-28 00:00:00"
NC,Charlotte,,"10635 Park Rd",Blacklion,"2011-09-28 00:00:00"
NC,Pineville,,"11320 Carolina Place Pkwy","Ashley HomeStore","2011-09-28 00:00:00"
NC,Pineville,,"11812 Carolina Place Pkwy, Ste C","By Design","2011-09-28 00:00:00"
NC,Pineville,,"11410 Carolina Pl Pkwy","Savvy Spaces","2011-09-28 00:00:00"
NC,Pineville,,"11812 Carolina Place Pkwy, Ste C","By Design","2011-09-27 00:00:00"
NC,Concord,,"8341 Concord Mills, Ste 429","Nike Factory Store","2011-09-27 00:00:00"
NC,Concord,,"8111 Concord Mills Blvd","Concord Mills","2011-09-27 00:00:00"
NC,Concord,,"8181 Concord Mills Blvd","Bass Pro Shop","2011-09-27 00:00:00"
NC,Concord,,"7830 Lyles Ln","Bassett Furniture","2011-09-27 00:00:00"
NC,"Concord Mills",,"8111 Concord Blvd",Macado's,"2011-09-26 00:00:00"
NC,Concord,,"8181 Concord Mills Blvd","Bass Pro Shop","2011-09-26 00:00:00"
NC,"Concord Mills",,"8111 Concord Blvd",Macado's,"2011-09-26 00:00:00"
NC,Charlotte,Dilworth,"1409 East Blvd","Festival In the Park","2011-09-26 00:00:00"
NC,Charlotte,,"4225 Park Rd","Blackhawk Hardware","2011-09-26 00:00:00"
NC,Pineville,,"9920 Leitner St","Tony Roma's","2011-09-24 00:00:00"
NC,Charlotte,Cotswold,"274 S Sharon Amity Rd","Table 274","2011-09-22 00:00:00"
NC,Charlotte,"Steele Creek","2215 Ayrsley Town Blvd","Moe's Southwest Grill","2011-09-21 00:00:00"
NC,Charlotte,,"4117 Park Rd","United States Post Office","2011-09-21 00:00:00"
NC,Charlotte,,"215 Southside Dr","The Olde Mecklenburg Brewery","2011-09-17 00:00:00"
NC,Pineville,,"315 S Polk St, Ste 4-E","Los Alegres Compadres Family Mexican Restaurant","2011-09-16 00:00:00"
NC,Charlotte,"South Park","5940 Fairview Rd","Panera Bread","2011-09-16 00:00:00"
NC,Charlotte,"South End","200 E Bland St","Greek Isles","2011-09-14 00:00:00"
NC,Charlotte,"Steele Creek","3607 Whitehall Park Dr",Quiznos,"2011-09-14 00:00:00"
NC,Charlotte,,"5501 Josh Birmingham Pkwy","Charlotte Douglas International Airport","2011-09-10 00:00:00"
NC,Charlotte,"Myers Park","1200 Baxter St","Pearl Street Park","2011-09-10 00:00:00"
NC,Charlotte,,"4151A Park Rd","Sir Edmond Halley's","2011-09-08 00:00:00"
NC,Charlotte,,"9915 Park Cedar Dr","CVS Pharmacy","2011-09-08 00:00:00"
NC,Charlotte,,"132 E Cama","CARS: Charlotte's Auto Repair Shop","2011-09-07 00:00:00"
NC,Charlotte,,"6607 S Blvd","Goodwill Industries of the Southern Piedmont","2011-09-06 00:00:00"
NC,Charlotte,"Steele Creek","9110 Kings Parade Blvd","Ayrsley Grand Cinemas 14","2011-09-05 00:00:00"
NC,Charlotte,Starmount,"624 Tyvola Rd",Subway,"2011-09-03 00:00:00"
NC,Charlotte,Sedgefield,"215 Poindexter Dr","Marsh Properties","2011-09-03 00:00:00"
NC,Charlotte,Cotswold,"306 S Sharon Amity Rd","Blu Basil","2011-09-01 00:00:00"
NC,Charlotte,,"10405-B Park Rd","Genaro's Rotisserie & Grill","2011-08-30 00:00:00"
NC,Charlotte,"Third Ward","820 Hamilton St","Pride Charlotte Festival","2011-08-30 00:00:00"
NC,Charlotte,"Myers Park","1129 E 3rd St","St Mary's Chapel","2011-08-27 00:00:00"
NC,Charlotte,Eastland,"7128 Albemarle Rd",Woodlands,"2011-08-25 00:00:00"
NC,Charlotte,Starmount,"9515 South Blvd",Petco,"2011-08-23 00:00:00"
NC,Charlotte,"South End","2201 South Blvd, Ste 130","Five Guys","2011-08-21 00:00:00"
NC,Charlotte,,"6416 Rea Rd","Complete Petmart","2011-08-20 00:00:00"
NC,Charlotte,,"6414 Rea Rd","Piper Glen Shopping Center","2011-08-20 00:00:00"
NC,Charlotte,,"5300 Closeburn Rd","Park Road Park","2011-08-20 00:00:00"
NC,Charlotte,,"6416 Rea Rd, Ste B-9","Bird House On the Greenway","2011-08-20 00:00:00"
NC,Charlotte,,"7510 Pineville Matthews Rd","Caribou Coffee","2011-08-20 00:00:00"
NC,Charlotte,,"9557 South Blvd","World Market","2011-08-20 00:00:00"
NC,Charlotte,,"9813 South Blvd, Ste 101",Verizon,"2011-08-20 00:00:00"
NC,Charlotte,"Steele Creek","14523 Carowinds Blvd",Carowinds,"2011-08-19 00:00:00"
NC,Charlotte,"Plaza Midwood","1322 Central Ave","Bistro La Bon","2011-08-18 00:00:00"
NC,Charlotte,,"8706 Pineville Matthews Rd","Thai House At Tower Place","2011-08-16 00:00:00"
NC,Charlotte,Uptown,"550 S Caldwell St","The Charlotte Observer","2011-08-15 00:00:00"
NC,Charlotte,Ballantyne,"7824 Rea Rd","Regal Cinemas Stonecrest at Piper Glen 22 & IMAX","2011-08-12 00:00:00"
NC,Charlotte,,"4139 Park Rd","Park Road Books","2011-08-12 00:00:00"
NC,Charlotte,Ballantyne,"7824 Rea Rd","Regal Cinemas Stonecrest at Piper Glen 22 & IMAX","2011-08-12 00:00:00"
NC,Charlotte,,"7836 Rea Rd","Borders Books Music & Cafe","2011-08-12 00:00:00"
NC,Charlotte,,"7828 Rea Rd, Ste F","Nino's Pizza & Pasta","2011-08-12 00:00:00"
NC,Charlotte,Starmount,"838 Tyvola Rd","Hillbilly's BBQ & Steaks","2011-08-11 00:00:00"
NC,Charlotte,Cotswold,"106 South Sharon Amity Rd","Bruegger's Bagels","2011-08-11 00:00:00"
NC,Charlotte,"Myers Park","1130 E 3rd St","State Employees Credit Union","2011-08-06 00:00:00"
NC,Charlotte,Eastland,"6635 Executive Cir, Ste 130","North Carolina Division of Motor Vehicles","2011-08-06 00:00:00"
NC,Charlotte,,"2219 Freedom Dr","Actor's Theatre of Charlotte","2011-08-06 00:00:00"
NC,Charlotte,,"231 E Woodlawn Rd","Bojangles' Famous Chicken 'n Biscuits","2011-08-06 00:00:00"
NC,Charlotte,"South End","300 East Blvd","300 East","2011-08-05 00:00:00"
NC,Charlotte,,"2219 Freedom Dr","Actor's Theatre of Charlotte","2011-08-04 00:00:00"
NC,Charlotte,"Plaza Midwood","1500-B Central Ave","Soul Gastrolounge","2011-08-04 00:00:00"
NC,Charlotte,,"8318 Pineville-Matthews Rd","Los Paisas","2011-08-02 00:00:00"
NC,Charlotte,,"8318 Pineville-Matthews Rd","Los Paisas","2011-08-02 00:00:00"
NC,Charlotte,"Steele Creek","8164 S Tryon St",Chili's,"2011-07-31 00:00:00"
NC,Charlotte,Starmount,"7806 Forest Point Blvd","Jack in the Box","2011-07-31 00:00:00"
NC,Pineville,,"11415 Carolina Place Pkwy","At Home","2011-07-30 00:00:00"
NC,Charlotte,"Myers Park","125 Cherry St","Mecklenburg ABC Liquor Store","2011-07-30 00:00:00"
NC,Charlotte,,"10405-B Park Rd","Genaro's Rotisserie & Grill","2011-07-29 00:00:00"
NV,"Las Vegas","The Strip","3790 Las Vegas Blvd S","New York New York Hotel & Casino","2011-07-29 00:00:00"
NC,Charlotte,Eastland,"3019 Shamrock Dr","Lang Van Vietnamese","2011-07-28 00:00:00"
NC,Huntersville,,,"Yah's Best Products","2011-07-28 00:00:00"
NC,Charlotte,"Steele Creek","8120 S Tryon St",Bi-Lo,"2011-07-27 00:00:00"
NC,Charlotte,"Steele Creek","2215 W Arrowood Rd","Rite Aid","2011-07-26 00:00:00"
NC,Matthews,,"13000 E Independence Blvd","Scott Clark Toyota","2011-07-23 00:00:00"
NC,Charlotte,"First Ward","201 N McDowell St","United States Postal Service","2011-07-23 00:00:00"
NC,Charlotte,,"2007 Commonwealth Ave","The Common Market","2011-07-23 00:00:00"
NC,Charlotte,,"9541 South Blvd.","AMC Carolina Pavilion 22","2011-07-23 00:00:00"
NC,Pineville,,"11025 Carolina Place Pkwy, Ste FC-14","McAlister's Deli","2011-07-23 00:00:00"
NC,Charlotte,Uptown,"600 E 4th St","Charlotte Area Transportation System","2011-07-23 00:00:00"
NC,Pineville,,"321 S Polk St, Ste 2C","Parrot University","2011-07-22 00:00:00"
NC,Charlotte,NoDa,"3215 N Davidson St","The Salvador Deli","2011-07-22 00:00:00"
NC,Charlotte,NoDa,"3227 N Davidson St","The Evening Muse","2011-07-22 00:00:00"
NC,Charlotte,NoDa,"3227 N Davidson St","The Evening Muse","2011-07-21 00:00:00"
NC,Pineville,,"10605 Centrum Pkwy","LongHorn Steakhouse","2011-07-21 00:00:00"
NC,Charlotte,"Steele Creek","2215 Ayrsley Town Blvd","Moe's Southwest Grill","2011-07-20 00:00:00"
NC,Charlotte,,"4327 Park Rd","Caribou Coffee","2011-07-18 00:00:00"
NC,Charlotte,Starmount,"9700 S South Blvd","Steak'n Shake","2011-07-18 00:00:00"
NC,Charlotte,Starmount,"8200 South Blvd","The Original Mattress Factory","2011-07-16 00:00:00"
NC,Charlotte,,"4630 Old Pineville Rd","McKoy's Smokehouse & Saloon","2011-07-15 00:00:00"
NC,Charlotte,,"4630 Old Pineville Rd","McKoy's Smokehouse & Saloon","2011-07-15 00:00:00"
NC,Charlotte,Starmount,"7819 Forest Point Blvd",Starbucks,"2011-07-15 00:00:00"
NC,Charlotte,Starmount,"500 Tyvola Rd","Costco Wholesale","2011-07-14 00:00:00"
NC,Charlotte,,"129 W Trade St","The King's Kitchen","2011-07-13 00:00:00"
NC,Charlotte,Ballantyne,"15105 John J Delaney Dr, Ste A","Bad Daddy's Burger Bar","2011-07-12 00:00:00"
NC,Charlotte,"South End","2201 South Blvd, Ste 130","Five Guys","2011-07-11 00:00:00"
NC,Charlotte,Cotswold,"1133 N Wendover Rd","Habitat for Humanity ReStore","2011-07-10 00:00:00"
NC,Charlotte,Dilworth,"1000 Blythe Blvd","Carolinas Medical Center","2011-07-10 00:00:00"
NC,Charlotte,Dilworth,"330 East Blvd","Paper Skyscraper","2011-07-10 00:00:00"
NC,Charlotte,Starmount,"7900 Arrowridge Blvd",Wendy's,"2011-07-09 00:00:00"
NC,Charlotte,"University City","9015-5B JM Keynes Dr","A Taste of Philly","2011-07-09 00:00:00"
NC,Charlotte,"South Park","6911 Phillips Place Ct","Regal Cinemas Phillips Place 10","2011-07-09 00:00:00"
NC,Waxhaw,,"5213 Harkey Rd","Union County Cane Creek Park","2011-07-09 00:00:00"
NC,Charlotte,"University City","9015-5B JM Keynes Dr","A Taste of Philly","2011-07-09 00:00:00"
NC,Charlotte,Cotswold,"1133 N Wendover Rd","Julia's Café and Books","2011-07-09 00:00:00"
NC,Charlotte,Starmount,"5615 South Blvd","Vietnam Grille","2011-07-08 00:00:00"
NC,Pineville,,"12101 Lancaster Hwy","Waldhorn Restaurant","2011-07-07 00:00:00"
NC,Pineville,,"12101 Lancaster Hwy","Waldhorn Restaurant","2011-07-07 00:00:00"
NC,Charlotte,"South Park","721 Governor Morrison St, Ste 110","Earth Fare","2011-07-02 00:00:00"
NC,"Charlotte (University)","University City","8101 N. University City Blvd","Value City Furniture","2011-07-02 00:00:00"
NC,Charlotte,Arboretum,"Galleria Commons, 1605 Galleria Blvd, Ste 140","Rita's Ice & Custard","2011-07-02 00:00:00"
NC,Charlotte,"Plaza Midwood","1431 Central Ave","Dairy Queen","2011-07-01 00:00:00"
NC,Charlotte,,"1630 E Woodlawn Rd, Ste 270",Verizon,"2011-07-01 00:00:00"
NC,Charlotte,,"10719 Kettering Dr","Wan Fu","2011-06-30 00:00:00"
NC,Charlotte,"Steele Creek","8124 S Tryon St","Bellacino's Pizza and Grinders","2011-06-30 00:00:00"
SC,"Fort Mill",,"3630 Festival Dr","Frugal MacDoogal","2011-06-30 00:00:00"
NC,Charlotte,"Steele Creek","8170 S Tryon St","Dragon Buffet","2011-06-29 00:00:00"
NC,Charlotte,"South Park","4805 Park Rd, Ste 101","McAlister's Deli","2011-06-29 00:00:00"
NC,Charlotte,Starmount,"7900 Arrowridge Blvd",Wendy's,"2011-06-25 00:00:00"
NC,Charlotte,,"10707 Park Rd, Ste A",Monterrey,"2011-06-23 00:00:00"
NC,Pineville,,"391 Towne Center Bd","El Veracruz Mexican Restaurant","2011-06-23 00:00:00"
NC,Charlotte,"South End","324 East Blvd","Thai Taste","2011-06-12 00:00:00"
NC,Charlotte,"Myers Park","900 Metropolitan Ave, Ste 2",Target,"2011-06-12 00:00:00"
NC,Charlotte,"Fourth Ward","101 N Tryon St","Taste of Charlotte","2011-06-10 00:00:00"
NC,Charlotte,Dilworth,"1500 East Blvd","Moe's Southwest Grill","2011-06-10 00:00:00"
NC,Charlotte,"South End","2326 South Blvd","Autobell Car Wash","2011-06-10 00:00:00"
NC,Pineville,,"109 N Polk St","The Dive N","2011-06-08 00:00:00"
NC,Charlotte,Starmount,"9505 South Blvd",McDonald's,"2011-06-07 00:00:00"
NC,Charlotte,,"9531 South Blvd",Target,"2011-06-07 00:00:00"
NC,Charlotte,"Third Ward","1000 Nc Music Factory Blvd","AvidXChange Music Factory","2011-06-04 00:00:00"
NC,Charlotte,"Steele Creek","2127 Ayrsley Town Blvd, Ste 100","Portofino's Italian Restaurant","2011-06-04 00:00:00"
NC,Concord,,"8161 Concord Mills Blvd","VF Outlet","2011-06-03 00:00:00"
NC,Charlotte,,"1600 E Woodlawn Ave","Total Wine & More","2011-06-03 00:00:00"
NC,Charlotte,"Steele Creek","3607 Whitehall Park Dr, Ste X","Siam Garden","2011-05-31 00:00:00"
NC,Charlotte,Dilworth,"1531 East Blvd","Caribou Coffee","2011-05-30 00:00:00"
NC,Charlotte,Dilworth,"1531 East Blvd","Bruegger's Bagels","2011-05-30 00:00:00"
NC,Charlotte,"South Park","1607 Montford Dr","Jet's Pizza","2011-05-29 00:00:00"
NC,Charlotte,"Steele Creek","2127 Ayrsley Town Blvd","The Red Lion","2011-05-27 00:00:00"
NC,Huntersville,,"16516 Northcross Dr","Kabuto Japanese Steak House","2011-05-26 00:00:00"
NC,Pineville,,"9421 Pineville Matthews Rd","Olive Garden Italian Restaurant","2011-05-24 00:00:00"
NC,Charlotte,"South Park","6401 Morrison Blvd","Paco's Tacos & Tequila","2011-05-23 00:00:00"
NC,Charlotte,Dilworth,"1716 Kenilworth Ave, Ste 180","Drake Dentistry of Charlotte","2011-05-23 00:00:00"
NC,Charlotte,,"4323 Park Rd",Subway,"2011-05-23 00:00:00"
NC,Charlotte,,"4327 Park Rd","Caribou Coffee","2011-05-23 00:00:00"
NC,Charlotte,,"4327 Park Rd, Bldg 25","Bruegger's Bagels","2011-05-23 00:00:00"
NC,Charlotte,"South Park","4525 Cameron Valley Pkwy","Mecklenburg Medical Group","2011-05-16 00:00:00"
NC,Charlotte,"South Park","4400 Sharon Rd","Showmars South Park Mall","2011-05-16 00:00:00"
NC,Charlotte,"South Park","4400 Sharon Rd",SouthPark,"2011-05-16 00:00:00"
NC,Charlotte,,"4329 Park Rd","Mecklenburg ABC Liquor Store","2011-05-15 00:00:00"
SC,"Fort Mill",,"3490 Hwy 21",McDonald's,"2011-05-14 00:00:00"
NC,Charlotte,"First Ward","333 East Trade St","Spectrum Center","2011-05-13 00:00:00"
NC,Pineville,,"11425 Carolina Place Pkwy","Sam's Club","2011-05-13 00:00:00"
NC,Charlotte,"Fourth Ward","401 W 9th St","Alexander Michael's","2011-05-11 00:00:00"
NC,Matthews,,"13000 E Independence Blvd","Scott Clark Toyota","2011-05-08 00:00:00"
NC,Charlotte,"Myers Park","938 S Kings Dr","King's Drive Farmers Market","2011-05-07 00:00:00"
NC,Charlotte,Starmount,"6051 Tyvola Glen Cir","Truliant Federal Credit Union","2011-05-07 00:00:00"
NC,Charlotte,"First Ward","100 N Tryon St","Red's BBQ","2011-05-06 00:00:00"
SC,"Fort Mill",,"3620 Festival Dr","Papa Pino's","2011-05-02 00:00:00"
NC,Charlotte,"Steele Creek","8152 S Tryon St","Panera Bread","2011-05-01 00:00:00"
NC,Charlotte,,"1801 Yorkmont Rd","Charlotte Regional Farmers Market","2011-05-01 00:00:00"
NC,Charlotte,"Myers Park","1055 Metropolitan Ave, Ste 110","Zoës Kitchen","2011-04-30 00:00:00"
NC,Charlotte,Elizabeth,"1411 Elizabeth Ave","Cuisine Malaya","2011-04-29 00:00:00"
NC,Charlotte,"South Park","5110 Park Rd",DragonFly,"2011-04-26 00:00:00"
NC,Charlotte,Dilworth,"217 Iverson Way",Lowe's,"2011-04-25 00:00:00"
NC,Charlotte,"South End","2000 South Blvd, Ste 150","Big Ben British Restaurant & Pub","2011-04-22 00:00:00"
NC,Charlotte,"Steele Creek","7508 S Tryon St","Zaxby's Chicken Fingers & Buffalo Wings","2011-04-22 00:00:00"
NC,Charlotte,"Steele Creek","14192 Rivergate Pkwy","City Tavern","2011-04-20 00:00:00"
NC,Charlotte,Ballantyne,"12410 Johnston Rd","Sticky Fingers Smokehouse","2011-04-19 00:00:00"
NC,Charlotte,"Myers Park","1055 Metropolitan Ave","Best Buy","2011-04-16 00:00:00"
NC,Charlotte,,"2418 Park Rd",Fiamma,"2011-04-13 00:00:00"
NC,Charlotte,,"2517 Park Rd",Shell,"2011-04-13 00:00:00"
NC,Charlotte,"Steele Creek","2002 Westinghouse Blvd","John's Family Restaurant","2011-04-12 00:00:00"
NC,Charlotte,Dilworth,"1900 East Blvd","Freedom Park","2011-04-11 00:00:00"
NC,Charlotte,Elizabeth,"2700 E Independence Blvd","Bojangles' Coliseum","2011-04-10 00:00:00"
NC,Charlotte,,"122 W Woodlawn Rd","Tres Pesos Bar and Grill","2011-04-02 00:00:00"
NC,Charlotte,Ballantyne,"15105 John J Delaney Dr, Ste A","Bad Daddy's Burger Bar","2011-03-31 00:00:00"
NC,Charlotte,"University City","8300 Ikea Blvd",IKEA,"2011-03-30 00:00:00"
NC,Charlotte,Uptown,"200 S College St, Ste 500","Mecklenburg Medical Group","2011-03-30 00:00:00"
NC,Charlotte,"Plaza Midwood","2121 Shamrock Dr, Ste A","Foskoskies on Shamrock","2011-03-26 00:00:00"
NC,Charlotte,"Myers Park","2820 Selwyn Ave, Ste 100","Mellow Mushroom","2011-03-26 00:00:00"
NC,Pineville,,"321 S Polk St, Ste 2C","Parrot University","2011-03-26 00:00:00"
NC,Charlotte,,"8314 Pineville-Matthews Rd, Ste 901","Viet-Thai Noodle House","2011-03-23 00:00:00"
NC,Pineville,,"11059 Carolina Place Pkwy","Harper's Restaurant","2011-03-17 00:00:00"
NC,Charlotte,Uptown,"601 S Cedar St","Hartigan's Irish Pub","2011-03-14 00:00:00"
NC,Charlotte,"Myers Park","1133 Metropolitan Ave","Trader Joe's","2011-03-13 00:00:00"
NC,Charlotte,,"5215 South Blvd","Saigon Palace","2011-03-11 00:00:00"
NC,Charlotte,,"4109 Southstream Blvd","Jocks & Jills Sports Grille","2011-03-03 00:00:00"
NC,Charlotte,NoDa,"2424 N Davidson St, Ste 102","Amélie's French Bakery","2011-02-28 00:00:00"
NC,Charlotte,Elizabeth,"613 Providence Rd","Deejai Thai","2011-02-27 00:00:00"
NC,Charlotte,,"1404 W Morehead St","Savor Cafe & Catering","2011-02-03 00:00:00"
NC,Charlotte,"Steele Creek","8146 S Tryon St",IHOP,"2010-12-15 00:00:00"
NC,Charlotte,Ballantyne,"3415 Toringdon Way","Red Robin Gourmet Burgers","2010-09-06 00:00:00"
NC,Charlotte,,"7716 Rea Rd","Firebirds Wood Fired Grill","2010-05-16 00:00:00"
NC,Charlotte,"Plaza Midwood","1410 Central Ave","Cafe Central","2010-04-22 00:00:00"
