state,city,neighborhood,address,name,date
NV,"North Las Vegas",,"2517 E Craig Rd",Starbucks,"2017-07-14 00:00:00"
NV,"Las Vegas",Southeast,"8164 S Las Vegas Blvd, Ste 100",Starbucks,"2017-07-13 00:00:00"
NV,"Las Vegas",,"43 S Stephanie St, Ste 120, EOS Gym","Jozo Coffee Tea Boba House","2017-07-13 00:00:00"
NV,"Las Vegas",Northwest,"7065 W Ann Rd, Ste 130","The UPS Store","2017-07-11 00:00:00"
NV,Henderson,Anthem,"2511 Anthem Village Dr",Starbucks,"2017-07-11 00:00:00"
NV,"Las Vegas",Downtown,"1615 S Las Vegas Blvd","Bajamar Seafood & Tacos","2017-07-11 00:00:00"
NV,"Las Vegas",Chinatown,"3939 W Spring Mountain Rd","The Golden Tiki","2017-07-10 00:00:00"
NV,"Las Vegas",Downtown,"508 Fremont St","Evel Pie","2017-07-10 00:00:00"
NV,"Las Vegas","The Strip","3930 Las Vegas Blvd S, Ste 120","Slice of Vegas","2017-07-09 00:00:00"
NV,"Las Vegas",Downtown,"401 S Maryland Pkwy","The Gay & Lesbian Community Center of Southern Nevada","2017-07-08 00:00:00"
NV,"Las Vegas",,,"Mr. Cooker","2017-07-08 00:00:00"
NV,"Las Vegas","Spring Valley","6825 W Russell Rd, Ste 155","Illumilatte Brew Society","2017-07-07 00:00:00"
NV,"Las Vegas",Southwest,"8390 S Rainbow Blvd, Ste 100","Dirt Dog","2017-07-06 00:00:00"
NV,Henderson,,"1647 W Warm Springs Rd",Teason,"2017-07-06 00:00:00"
NV,"Las Vegas",Southwest,"8390 S Rainbow Blvd, Ste 100","Dirt Dog","2017-07-05 00:00:00"
NV,"Las Vegas",Southwest,"7965 S Rainbow Blvd, Ste 150","Coco Donuts","2017-07-03 00:00:00"
NV,"Las Vegas",Chinatown,"5115 W Spring Mountain Rd, Ste 208","Baan Thai Restaurant","2017-07-03 00:00:00"
NV,"Las Vegas","The Strip","3667 S Las Vegas Blvd","Gordie Brown","2017-07-03 00:00:00"
NV,"Las Vegas",Downtown,"707 E Fremont St, Ste 1300","ChillSpot by SasaSweets","2017-07-02 00:00:00"
NV,"Las Vegas","Spring Valley","10170 W Tropicana Ave, Ste 144","Anna Marie's Italian Cuisine","2017-07-02 00:00:00"
NV,"Las Vegas",,"3871 S Valley View Blvd, Ste 8","Blackout Dining in the Dark","2017-06-27 00:00:00"
NV,"Las Vegas",Downtown,"1025 1st St","First Friday","2017-06-27 00:00:00"
NV,"Las Vegas",Eastside,"3768 Maryland Pkwy, Ste 650","VeggiEAT Xpress","2017-06-27 00:00:00"
NV,"Las Vegas",Downtown,"124 S 6th St, Ste 160","Smooth Eats","2017-06-11 00:00:00"
NV,"Las Vegas",Southeast,"5757 Wayne Newton Blvd","McCarran Airport Terminal 3","2017-06-03 00:00:00"
NV,"Las Vegas",Eastside,"4865 S Pecos Rd, Ste 5","Pancho's Vegan Tacos","2017-06-02 00:00:00"
NV,"Las Vegas",Summerlin,"911 N Buffalo Dr, Ste 109","Chloe Spa","2017-06-01 00:00:00"
NV,"Las Vegas",Eastside,"Hard Rock Hotel & Casino, 4455 Paradise Rd","Fú Asian Kitchen","2017-05-31 00:00:00"
NV,"Las Vegas",Southeast,"3315 E Russell Rd, Ste 184 Ste A-4","GFY Burgers and Fries","2017-05-31 00:00:00"
NV,"Las Vegas",Sunrise,"4505 E Charleston Blvd",Starbucks,"2017-05-31 00:00:00"
NV,"Las Vegas",Downtown,"840 S Rancho Dr",Starbucks,"2017-05-31 00:00:00"
NV,"Las Vegas",,"770 Las Vegas Blvd N","Neon Museum","2017-05-31 00:00:00"
NV,"Las Vegas",Southwest,,SoClean,"2017-05-31 00:00:00"
NV,"Las Vegas",Sunrise,"4505 E Charleston Blvd",Starbucks,"2017-05-31 00:00:00"
NV,"Las Vegas",Southwest,,SoClean,"2017-05-30 00:00:00"
NV,"Las Vegas",Eastside,"4865 S Pecos Rd, Ste 5","Pancho's Vegan Tacos","2017-05-30 00:00:00"
NV,"Las Vegas",,"6110 W Flamingo Rd","Chickpeas Mediterranean Cafe","2017-05-30 00:00:00"
NV,"North Las Vegas",,"655 W Craig Rd, Ste 118","Poke Express","2017-05-28 00:00:00"
NV,"Las Vegas",Downtown,"1516 S Las Vegas Blvd","Puerto Rico Express","2017-05-24 00:00:00"
NV,"Las Vegas",Chinatown,"4801 Spring Mountain Rd","SF Supermarket","2017-05-23 00:00:00"
NV,"Las Vegas",Westside,"8975 W Charleston Blvd, Ste 140","Sharky's Woodfired Mexican Grill","2017-05-15 00:00:00"
NV,"Las Vegas",Downtown,"611 Fremont St","The Market","2017-05-14 00:00:00"
NV,"Las Vegas",Northwest,"4949 N Rancho Dr","Century 16 Santa Fe Station","2017-05-13 00:00:00"
NV,"Las Vegas",Southeast,"8520 S Maryland Pkwy, Ste 100","Grouchy John's Coffee","2017-05-13 00:00:00"
NV,"Las Vegas","Spring Valley","7000 W Post Rd","FedEx Ship Center","2017-05-13 00:00:00"
NV,"Las Vegas",Southeast,"500 E Windmill Ln, Ste 175","Joe Maxx Coffee","2017-05-13 00:00:00"
NV,"Las Vegas",Southeast,"7620 Las Vegas Blvd S, Ste 100","FedEx Office Print & Ship Center","2017-05-13 00:00:00"
NV,"Las Vegas",Westside,"4604 W Sahara Ave, Ste 6","Osi's Kitchen","2017-05-13 00:00:00"
NV,Henderson,,"671 Mall Ring Cir","FedEx Office Print & Ship Center","2017-05-13 00:00:00"
NV,"Las Vegas",Downtown,"1231 S Main St","Sin City Yoga","2017-05-10 00:00:00"
NV,"Las Vegas",,"833 Las Vegas Blvd N","Las Vegas-Clark County Library System - Las Vegas Library","2017-05-09 00:00:00"
NV,"Las Vegas",Westside,"4604 W Sahara Ave, Ste 6","Osi's Kitchen","2017-05-04 00:00:00"
NV,"Las Vegas",,"3990 W Russell Rd, Ste 1",OWL,"2017-05-04 00:00:00"
NV,"Las Vegas","Spring Valley","5875 S Rainbow Blvd, Ste 104","Go Vegan Cafe","2017-05-01 00:00:00"
NV,"Las Vegas",,"850 S Rancho Dr","Smith's Food & Drug Centers","2017-04-16 00:00:00"
NV,"Las Vegas",Westside,"750 S Rampart Blvd, Ste 15",Panacea,"2017-04-15 00:00:00"
NV,"Las Vegas",Centennial,"5613 Dunshee Vista Ave","Craig's Plumbing","2017-04-10 00:00:00"
NV,"North Las Vegas",Northwest,"4750 N Decatur Blvd","Decatur Autowash","2017-04-07 00:00:00"
NV,"Las Vegas","Spring Valley","6825 W Russell Rd, Ste 135","Fluff Ice","2017-04-06 00:00:00"
NV,"North Las Vegas",Northwest,"4750 N Decatur Blvd","Decatur Autowash","2017-04-05 00:00:00"
NV,"Las Vegas",,"840 S Rancho Dr, Ste 6","Greens & Grill","2017-03-28 00:00:00"
NV,"Las Vegas",Downtown,"1616 S Las Vegas Blvd, Ste 130","Art of Flavors","2017-03-27 00:00:00"
NV,"Las Vegas",,"840 S Rancho Dr, Ste 6","Greens & Grill","2017-03-27 00:00:00"
NV,"Las Vegas",Downtown,"1201 Las Vegas Blvd S","Ocha Thai Cuisine","2017-03-27 00:00:00"
NV,"Las Vegas",,"7175 W Lake Mead Blvd, Ste 180","The Joint Chiropractic - Rocksprings Plaza","2017-03-27 00:00:00"
NV,"Las Vegas",,"7175 W Lake Mead Blvd, Ste 180","The Joint Chiropractic - Rocksprings Plaza","2017-03-25 00:00:00"
NV,"Las Vegas",Westside,"5201 W Charleston Blvd, Ste 120-130","Pancho's Kitchen","2017-03-11 00:00:00"
NV,"Las Vegas",Westside,"5201 W Charleston Blvd, Ste 120-130","Pancho's Kitchen","2017-03-10 00:00:00"
NV,"Las Vegas",Downtown,"2202 W Charleston Blvd","Great Wall Chinese Restaurant","2017-03-06 00:00:00"
NV,"Las Vegas",Westside,"2101 S Decatur Blvd","Trader Joe's","2017-03-04 00:00:00"
NV,"Las Vegas",Downtown,"616 Carson Ave, Ste 120",VegeNation,"2017-02-19 00:00:00"
NV,"Las Vegas",,"3460 Cavaretta Ct","The Space","2017-02-16 00:00:00"
NV,"Las Vegas",Downtown,"222 S Martin L King Blvd","Costco Business Center","2017-02-16 00:00:00"
NV,"Las Vegas",Southwest,"7250 S Durango Dr, Ste 120","Design & Dine","2017-02-08 00:00:00"
NV,Henderson,,"2558 E Wigwam Pkwy, Ste B","Design & Dine","2017-02-08 00:00:00"
NV,"Las Vegas",,"3175 N Rainbow Blvd","Design & Dine","2017-02-08 00:00:00"
NV,"Las Vegas",,"Rock Springs Dr","Woofter Dog Park","2017-02-05 00:00:00"
NV,"Las Vegas",,"Rock Springs Dr","Woofter Dog Park","2017-02-04 00:00:00"
NV,"Las Vegas",Centennial,"6410 N Durango Dr",Vegeway,"2017-02-04 00:00:00"
NV,"Las Vegas",Southwest,"7790 S Jones Blvd",VegeWay,"2017-02-04 00:00:00"
NV,"Las Vegas",Downtown,"1114 S Casino Center Blvd","Vesta Coffee Roasters","2017-02-01 00:00:00"
NV,"Las Vegas","Spring Valley","9484 W Flamingo Rd, Ste 165","Rolled Ice Cream","2017-01-31 00:00:00"
NV,"Las Vegas",Downtown,"1616 S Las Vegas Blvd, Ste 130","Art of Flavors","2017-01-25 00:00:00"
NV,"Las Vegas",Centennial,"6446 N Durango Dr, Ste 140","The Perfect Scoop Ice Cream and Boba","2017-01-25 00:00:00"
NV,"Las Vegas",Centennial,"6446 N Durango Dr, Ste 140","The Perfect Scoop Ice Cream and Boba","2017-01-25 00:00:00"
NV,"Las Vegas",Chinatown,"4300 W Spring Mountain Rd, Ste 108","GO!KU J-Wraps & Ramen GOKU","2017-01-22 00:00:00"
NV,"Las Vegas",University,"1610 E Tropicana Ave","Pinball Hall Of Fame","2017-01-20 00:00:00"
NV,"Las Vegas",Downtown,"1225 S Main St",ReBAR,"2017-01-20 00:00:00"
NV,"Las Vegas",Downtown,"353 Bonneville Ave, Ste 115","Le Pho Vietnamese Kitchen","2017-01-19 00:00:00"
NV,"Las Vegas",Southeast,"9555 S Eastern Ave, Ste 125",ProteinHouse,"2017-01-17 00:00:00"
NV,"Las Vegas",Downtown,"611 Fremont St","Virgin V Cheese","2017-01-15 00:00:00"
NV,"Las Vegas","Spring Valley","3655 S Durango Dr, Ste 27","Paiz Latin & Vegan Food","2017-01-14 00:00:00"
NV,"Las Vegas",Downtown,"508 Fremont St","Evel Pie","2017-01-14 00:00:00"
AZ,Tempe,,"2240 N Scottsdale Rd","Green New American Vegetarian","2017-01-14 00:00:00"
NV,"Las Vegas",Downtown,"1675 Industrial Rd","Dish Function All Chefs","2017-01-13 00:00:00"
NV,"Las Vegas",Eastside,"4865 S Pecos Rd, Ste 5","Pancho's Vegan Tacos","2017-01-13 00:00:00"
NV,"Las Vegas",Downtown,"508 Fremont St","Evel Pie","2017-01-12 00:00:00"
NV,"Las Vegas","The Strip","3708 S Las Vegas Blvd","Milk Bar Las Vegas","2017-01-12 00:00:00"
NV,"Las Vegas",Southwest,"7790 S Jones Blvd",VegeWay,"2017-01-11 00:00:00"
NV,"Las Vegas",Downtown,"201 N 3rd St, Ste 120","Triple George Grill","2017-01-07 00:00:00"
NV,"Las Vegas",Downtown,"508 Fremont St","Evel Pie","2017-01-06 00:00:00"
NV,"Las Vegas",,"3990 W Russell Rd, Ste 1",OWL,"2016-12-25 00:00:00"
NV,"Las Vegas",Northwest,"6020 W Craig Rd, Ste 110",Starbucks,"2016-12-17 00:00:00"
NV,"Las Vegas",Southeast,"467 E Silverado Ranch, Unit 125","Teppan Bento","2016-12-17 00:00:00"
NV,"Las Vegas","The Lakes","2910 Lake E Dr","Go Raw Cafe","2016-12-13 00:00:00"
NV,"Las Vegas",Southwest,"8180 Blue Diamond Rd, Ste 120","Carpe Diem","2016-12-10 00:00:00"
NV,"Las Vegas",Centennial,"7870 W Tropical Pkwy","Michoacan Gourmet Mexican Restaurant","2016-12-06 00:00:00"
NV,"Las Vegas",Downtown,"515 Rose St","The Wax Genie","2016-12-06 00:00:00"
NV,"Las Vegas",Downtown,"1114 S Casino Center Blvd","Vesta Coffee Roasters","2016-12-04 00:00:00"
NV,"Las Vegas",Downtown,"124 S 6th St, Ste 140","Donut Bar","2016-12-02 00:00:00"
NV,"Las Vegas",Downtown,"1114 S Casino Center Blvd","Vesta Coffee Roasters","2016-12-02 00:00:00"
NV,"Las Vegas",Centennial,"7870 W Tropical Pkwy","Michoacan Gourmet Mexican Restaurant","2016-12-01 00:00:00"
NV,"Las Vegas","Spring Valley","9484 W Flamingo Rd, Ste 165","Rolled Ice Cream","2016-11-29 00:00:00"
NV,"Las Vegas",University,"730 E Flamingo Rd, Ste 10","Mint Indian Bistro","2016-11-21 00:00:00"
NV,"Las Vegas",Chinatown,"4725 Spring Mountain Rd","Honey Pig","2016-11-21 00:00:00"
NV,"Las Vegas",Chinatown,"4355 Spring Mountain Rd, Ste 101B","Sushi Kaya","2016-11-21 00:00:00"
NV,"Las Vegas",Downtown,"1225 S Main St",ReBAR,"2016-11-21 00:00:00"
NV,"Las Vegas",Eastside,"670 E Flamingo Rd","Desi Burrito","2016-11-21 00:00:00"
NV,"Las Vegas","The Strip","2000 S Las Vegas Blvd","Spy Escape & Evasion","2016-11-21 00:00:00"
NV,"Las Vegas",Downtown,"508 Fremont St","Evel Pie","2016-11-20 00:00:00"
NV,"Las Vegas",,"801 N Rancho Dr","Wells Fargo Bank","2016-11-18 00:00:00"
NV,"Las Vegas",,"801 N Rancho Dr","Wells Fargo Bank","2016-11-18 00:00:00"
NV,"Las Vegas","Spring Valley","9516 W Flamingo Rd, Ste 115","FedEx Office Print & Ship Center","2016-11-16 00:00:00"
NV,"Las Vegas",,"770 Las Vegas Blvd N","Neon Museum","2016-11-15 00:00:00"
NV,"Las Vegas",,"1500 W Bonanza Rd",Chevron,"2016-11-15 00:00:00"
NV,"Las Vegas",Westside,"8560 W Desert Inn Rd, Ste D5","Violette's Vegan","2016-11-14 00:00:00"
NV,Henderson,,"15 Via Bel Canto","Essence and Herbs","2016-11-12 00:00:00"
NV,"Las Vegas",Southwest,"7790 S Jones Blvd",VegeWay,"2016-11-12 00:00:00"
NV,"Las Vegas",,,Lyft,"2016-11-07 00:00:00"
NV,"Las Vegas",Downtown,,"Oso Ono Shave Ice","2016-11-05 00:00:00"
NV,"Las Vegas","Spring Valley","6500 Ikea Way",IKEA,"2016-10-30 00:00:00"
NV,"Las Vegas",Downtown,"518 E Fremont St",Therapy,"2016-10-27 00:00:00"
NV,"Las Vegas",Westside,"4750 W Sahara Ave, Ste 38","FedEx Office Print & Ship Center","2016-10-20 00:00:00"
NV,"Las Vegas","The Strip","2000 Fashion Show Dr","Trump International Hotel Las Vegas","2016-10-18 00:00:00"
NV,"Las Vegas",Chinatown,"3939 W Spring Mountain Rd","The Golden Tiki","2016-10-12 00:00:00"
NV,Henderson,Anthem,"10890 S Eastern Ave, Ste 108","Burger Joint","2016-10-09 00:00:00"
NV,"Las Vegas",Downtown,"1516 S Las Vegas Blvd","Pepito Shack","2016-10-09 00:00:00"
NV,"Las Vegas",Westside,"302 S Rampart","Rika Arepa Express","2016-10-08 00:00:00"
NV,"Las Vegas",Downtown,"600 S Rancho Dr","Thalgott S John, MD","2016-10-05 00:00:00"
NV,"Las Vegas",Chinatown,"3939 W Spring Mountain Rd","The Golden Tiki","2016-10-04 00:00:00"
NV,"Las Vegas",Downtown,"353 Bonneville Ave, Ste 115","Le Pho Vietnamese Kitchen","2016-09-30 00:00:00"
NV,"Las Vegas",Chinatown,"4355 Spring Mountain Rd, Ste 101B","Sushi Kaya","2016-09-27 00:00:00"
NV,"Las Vegas","The Strip","3799 Las Vegas Blvd S",Crush,"2016-09-26 00:00:00"
NV,"Las Vegas",Westside,"8560 W Desert Inn Rd, Ste D5","Violette's Vegan","2016-09-26 00:00:00"
NV,"Las Vegas",Downtown,"611 Fremont St","Bronze Cafe at The Market","2016-09-25 00:00:00"
NV,"Las Vegas",Summerlin,"1990 Village Center Cir, Ste 3","Nekter Juice Bar","2016-09-25 00:00:00"
NV,"Las Vegas",Southwest,"7790 S Jones Blvd",VegeWay,"2016-09-24 00:00:00"
NV,"Las Vegas","Spring Valley","4035 S Fort Apache Rd","Mcghie's Ski, Bike & Board","2016-09-15 00:00:00"
NV,Henderson,,"100 S Green Valley Pkwy","Whole Foods Market","2016-09-15 00:00:00"
NV,"North Las Vegas",,"6305 Simmons St","Natural Grocers","2016-09-15 00:00:00"
NV,"Las Vegas",,"850 Las Vegas Blvd N","Cashman Center","2016-09-12 00:00:00"
NV,"Las Vegas",Downtown,"10 E Charleston Blvd","Cornish Pasty","2016-09-11 00:00:00"
NV,"Las Vegas",Downtown,"840 S Rancho Dr, Ste 14","Stay Healthy","2016-09-10 00:00:00"
NV,"Las Vegas","Spring Valley","5035 S Fort Apache Rd, Ste 104","The Perfect Scoop & Boba Tea","2016-09-05 00:00:00"
NV,"Las Vegas",Southeast,"6360 McLeod Dr, Ste 26","J & J Window Wash","2016-09-05 00:00:00"
NV,"Las Vegas",Southwest,,"Worlds Best Corndogs","2016-08-30 00:00:00"
NV,"Las Vegas",Anthem,"2300 Paseo Verde Pkwy","Bottiglia Cucina & Enoteca","2016-08-23 00:00:00"
NV,"Las Vegas","South Summerlin","11011 W Charleston Blvd","Libre Mexican Cantina","2016-08-21 00:00:00"
NV,"Las Vegas",Southeast,"9845 S Maryland Pkwy, Ste A","Mama Depalma's Pizza & Bistro","2016-08-16 00:00:00"
NV,"Las Vegas","South Summerlin","11011 W Charleston Blvd","Yard House","2016-08-16 00:00:00"
NV,"Las Vegas",Chinatown,"3407 S Jones Blvd","Hong Kong Garden Seafood & BBQ Cafe","2016-08-16 00:00:00"
NV,"Las Vegas",Downtown,"316 E Bridger Ave, Ste 104","FedEx Office Print & Ship Center","2016-08-15 00:00:00"
NV,"Las Vegas",Westside,"1717 S Decatur Blvd","Fantastic Indoor Swapmeet","2016-08-15 00:00:00"
NV,"Las Vegas",Chinatown,"3755 Spring Mountain Rd, Ste 101","The Halal Guys","2016-08-10 00:00:00"
NV,"Las Vegas","Spring Valley","4165 S Grand Canyon Dr, Ste 103",Cinnaholic,"2016-08-07 00:00:00"
NV,"Las Vegas",Eastside,"4640 Paradise Rd","Double Down Saloon","2016-08-06 00:00:00"
NV,Henderson,Anthem,"2016 Via Firenze","Jolly Beans Cafe - Inspirada","2016-08-06 00:00:00"
NV,"Las Vegas",,"2103 Western Ave, Ste A","Daddy's Delights","2016-08-06 00:00:00"
NV,"Las Vegas",,"2103 Western Ave, Ste A","Daddy's Delights","2016-08-05 00:00:00"
NV,"Las Vegas",Eastside,"3824 Paradise Rd",Firefly,"2016-08-04 00:00:00"
NV,"Las Vegas",,"555 E Washington Ave, Ste 5200","Secretary of State","2016-08-03 00:00:00"
NV,"Las Vegas",Eastside,"3900 Paradise Rd, Ste A","Tacos & Beer","2016-07-30 00:00:00"
NV,"Las Vegas","Spring Valley","4165 S Grand Canyon Dr, Ste 103",Cinnaholic,"2016-07-30 00:00:00"
NV,"Las Vegas",,"4500 West Tropicana Ave","The Orleans Hotel & Casino","2016-07-28 00:00:00"
NV,"Las Vegas",Chinatown,"3939 W Spring Mountain Rd","The Golden Tiki","2016-07-27 00:00:00"
NV,Henderson,,"15 Via Bel Canto","Essence and Herbs","2016-07-22 00:00:00"
NV,"Las Vegas",Downtown,"1126 Fremont St",PublicUs,"2016-07-21 00:00:00"
NV,"Las Vegas",,"7481 West Lake Mead","Teriyaki Madness","2016-07-19 00:00:00"
NV,"Las Vegas","The Strip","2226 Paradise Rd","Thai Pepper","2016-07-19 00:00:00"
NV,"Las Vegas",Centennial,"5555 Painted Mirage Rd","Painted Desert Golf Club","2016-07-19 00:00:00"
NV,"Las Vegas",Downtown,"150 Las Vegas Blvd N, Ste 190",Oddfellows,"2016-07-19 00:00:00"
NV,"Las Vegas",Westside,"2101-14 S Decatur Blvd","Amber Unicorn Books","2016-07-15 00:00:00"
NV,"Las Vegas",Downtown,"900 S Las Vegas Blvd, Ste 140","Millennium Fandom Bar","2016-07-15 00:00:00"
NV,"Las Vegas",Downtown,"500 S Main St, Ste 110","Parking Services Office","2016-07-15 00:00:00"
NV,Henderson,,"12300 Las Vegas Blvd S","M Resort Spa Casino","2016-07-14 00:00:00"
NV,"Las Vegas",Eastside,"670 E Flamingo Rd","Desi Burrito","2016-07-13 00:00:00"
NV,"Las Vegas",Southeast,"5757 Wayne Newton Blvd","McCarran International Airport","2016-07-12 00:00:00"
NV,"Las Vegas",,"3343 W Washington Ave","Lorenzi Park","2016-07-12 00:00:00"
NV,"Las Vegas",Westside,"2170 South Rainbow Blvd","Jolly Beans Cafe-Rainbow","2016-07-11 00:00:00"
NV,"Las Vegas",Westside,"1717 S Decatur Blvd","Pierogi Cafe","2016-07-11 00:00:00"
NV,"Las Vegas",Downtown,"500 S Grand Central Pkwy","Clark County Government Center","2016-07-07 00:00:00"
NV,"Las Vegas",Westside,"5201 W Charleston Blvd, Ste 120-130","Pancho's Kitchen","2016-07-07 00:00:00"
NV,"Las Vegas",Downtown,"150 Las Vegas Blvd N","Bombshell Brazilian Waxing & Beauty Lounge","2016-07-07 00:00:00"
NV,"Las Vegas",Southwest,"7790 S Jones Blvd",VegeWay,"2016-07-07 00:00:00"
NV,"Las Vegas",,"5530 S Arville St, Ste B","Kaiser Garage Doors & Gates","2016-07-05 00:00:00"
NV,"Las Vegas",,"2341 N Rainbow Blvd","Pepe's Tacos","2016-07-04 00:00:00"
NV,"Las Vegas","Spring Valley","9275 W Russell Rd, Ste 160","Nohea Nails","2016-07-03 00:00:00"
NV,"Las Vegas",,"3990 W Russell Rd, Ste 1",OWL,"2016-07-02 00:00:00"
NV,"Las Vegas",Downtown,"901 S Rancho Dr, Ste 10","Art Cleaners","2016-07-01 00:00:00"
NV,"Las Vegas",,"840 S Rancho Dr, Ste 6","Greens & Grill","2016-07-01 00:00:00"
NV,"Las Vegas",Downtown,"150 Las Vegas Blvd N, Ste 100","Itsy Bitsy","2016-06-30 00:00:00"
NV,"Las Vegas","South Summerlin","10970 Rosemary Park Dr, Ste 100","MTO Café","2016-06-28 00:00:00"
NV,"Las Vegas",Southwest,"7790 S Jones Blvd","Great American Food","2016-06-27 00:00:00"
NV,"Las Vegas",Southwest,"7790 S Jones Blvd",VegeWay,"2016-06-27 00:00:00"
NV,"Las Vegas",Downtown,"707 Fremont St, Ste 1310","Simply Pure by Chef Stacey Dougan","2016-06-26 00:00:00"
NV,Henderson,Anthem,"2300 Paseo Verde Pkwy","Borracha Mexican Cantina","2016-06-26 00:00:00"
NV,"Las Vegas",Westside,"8125 W Sahara Ave, Ste 300","Paradise India","2016-06-25 00:00:00"
NV,"Las Vegas",Southwest,"8390 S Rainbow Blvd, Ste 100","Dirt Dog","2016-06-25 00:00:00"
NV,"Las Vegas",,"3990 W Russell Rd, Ste 1",OWL,"2016-06-24 00:00:00"
NV,Henderson,,"2708 N Green Valley Pkwy","Mothership Coffee Roasters","2016-06-23 00:00:00"
NV,"Las Vegas",Westside,"2170 South Rainbow Blvd","Jolly Beans Cafe-Rainbow","2016-06-23 00:00:00"
NV,Henderson,Anthem,"2016 Via Firenze","Jolly Beans Cafe - Inspirada","2016-06-20 00:00:00"
NV,"Las Vegas","The Strip","3708 Las Vegas Blvd S","The Cosmopolitan of Las Vegas","2016-06-15 00:00:00"
NV,"Las Vegas",Chinatown,"3939 W Spring Mountain Rd","The Golden Tiki","2016-06-14 00:00:00"
NV,"Las Vegas",,"3990 W Russell Rd, Ste 1",OWL,"2016-06-14 00:00:00"
NV,"Las Vegas",,"3343 W Washington Ave","Lorenzi Park","2016-06-14 00:00:00"
NV,"Las Vegas",,"7250 W Lake Mead Blvd","Whole Foods Market","2016-06-14 00:00:00"
NV,"Las Vegas",Downtown,"707 Fremont St","Downtown Container Park","2016-06-11 00:00:00"
NV,"Las Vegas",Downtown,"1025 1st St, Ste A",Artifice,"2016-06-09 00:00:00"
NV,"Las Vegas",Westside,"750 S Rampart Blvd, Ste 15",Panacea,"2016-06-09 00:00:00"
NV,"Las Vegas",Westside,"4300 Meadows Ln","Victoria's Secret Stores","2016-06-09 00:00:00"
NV,"Las Vegas",Westside,"4300 Meadows Ln","Meadows Mall","2016-06-09 00:00:00"
NV,"Las Vegas",Downtown,"124 S 6th St, Ste 160","Grass Roots Juice Bar","2016-06-07 00:00:00"
NV,"Las Vegas","The Strip","3940 Las Vegas Blvd S","Delano Las Vegas","2016-06-07 00:00:00"
NV,"Las Vegas","The Strip","8125 Eagle Clan Ct","Cordan Electric","2016-06-07 00:00:00"
NV,"Las Vegas",Downtown,"2621 E Sahara Ave","Department of Motor Vehicles - DMV","2016-06-07 00:00:00"
NV,"Las Vegas",,"3025 Sammy Davis Jr Dr","El Dorado Cantina","2016-06-07 00:00:00"
NV,"Las Vegas",Westside,"6400 West Sahara Ave","AutoNation Buick GMC West Sahara","2016-06-07 00:00:00"
NV,"Las Vegas",Westside,"1900 S Decatur Blvd","U-Haul Moving & Trailer Hitch Center of Las Vegas","2016-06-07 00:00:00"
NV,"Las Vegas",Downtown,"353 E Bonneville Ave, Ste 111","Classic Jewel","2016-06-07 00:00:00"
NV,"Las Vegas",Westside,"7615 W Sahara Ave","Honda West","2016-06-07 00:00:00"
NV,"Las Vegas",Westside,"4441 W Charleston Blvd","Herbally Grounded","2016-06-07 00:00:00"
NV,"Las Vegas",Southwest,"4830 Blue Diamond Rd, Ste 130","The Habit Burger Grill","2016-06-06 00:00:00"
NV,Henderson,,"261 Auto Mall Dr","BMW of Henderson","2016-06-04 00:00:00"
NV,"Las Vegas",Westside,"6900 W Sahara Ave","BMW of Las Vegas","2016-06-04 00:00:00"
NV,"Las Vegas",Westside,"8068 W Sahara Ave, Ste A","Michael D Bell, DDS","2016-06-03 00:00:00"
NV,"Las Vegas",Downtown,"1712 W Charleston Blvd","Frankie's Tiki Room","2016-06-03 00:00:00"
NV,"Las Vegas",Downtown,"1616 S Las Vegas Blvd, Ste 120","Viva Las Arepas","2016-06-03 00:00:00"
NV,"Las Vegas",,"850 S Rancho Dr","Smith's Food & Drug Centers","2016-06-02 00:00:00"
NV,"Las Vegas","The Strip","3663 Las Vegas Blvd S, Ste 360","Popovich Comedy Pet Theater","2016-06-02 00:00:00"
NV,"Las Vegas",Downtown,"508 E Fremont St","F Pigalle","2016-06-02 00:00:00"
NV,"Las Vegas","The Strip","3663 Las Vegas Blvd S, Ste 360","Popovich Comedy Pet Theater","2016-05-31 00:00:00"
NV,"Las Vegas",Downtown,"150 Las Vegas Blvd N, Ste 100","Itsy Bitsy","2016-05-31 00:00:00"
NV,"North Las Vegas",,"2101 Texas Star Ln","Texas Station Gambling Hall & Hotel","2016-05-29 00:00:00"
NV,Henderson,Anthem,"250 S Green Valley Pkwy","Henderson Multigenerational Center","2016-05-27 00:00:00"
NV,"Las Vegas",Downtown,"124 S 6th St, Ste 160","Grass Roots Juice Bar","2016-05-27 00:00:00"
NV,"Las Vegas",Chinatown,"4450 W Spring Mountain Rd",Macy's,"2016-05-25 00:00:00"
NV,"Las Vegas",Westside,"302 S Rampart Blvd","Garden Grill","2016-05-22 00:00:00"
NV,"Las Vegas",Downtown,"616 Carson Ave, Ste 120",VegeNation,"2016-05-22 00:00:00"
NV,"Las Vegas","Spring Valley","3455 S Durango Dr, Ste 114","Pho Vietnam Grille Express","2016-05-22 00:00:00"
NV,"Las Vegas","Spring Valley","3455 S Durango Dr, Ste 114","Pho Vietnam Grille Express","2016-05-22 00:00:00"
NV,"Las Vegas",Downtown,"425 Fremont St","Life is Beautiful Festival","2016-05-19 00:00:00"
NV,Henderson,,"2011 Paseo Verde Pkwy","Discovery Park","2016-05-14 00:00:00"
NV,"Las Vegas",Southeast,"6605 Las Vegas Blvd S, Ste 147","Kabuki Japanese Restaurant","2016-05-13 00:00:00"
NV,"Las Vegas",Westside,"6600 West Sahara Ave","Lexus Of Las Vegas","2016-05-11 00:00:00"
NV,Henderson,,"101 Montelago Blvd","Westin Lake Las Vegas","2016-05-11 00:00:00"
NV,"Las Vegas",Downtown,"1760 E Charelston Blvd",Albertsons,"2016-05-10 00:00:00"
NV,"Las Vegas",Eastside,"3900 Paradise Rd, Ste G","Urban Turban","2016-05-09 00:00:00"
NV,"Las Vegas",Downtown,"1100 E Sahara Ave, Ste 120","Rainbow's End Natural Foods","2016-05-07 00:00:00"
NV,"Las Vegas",Westside,"7135 W Sahara Ave, Ste 201","Foot, Ankle & Hand Center of Las Vegas","2016-05-07 00:00:00"
NV,"Las Vegas",Westside,"3233 West Charleston Blvd, Ste 107","ATI Physical Therapy","2016-05-07 00:00:00"
NV,"Las Vegas",Westside,"3233 West Charleston Blvd, Ste 107","ATI Physical Therapy","2016-05-07 00:00:00"
NV,"Las Vegas",Westside,"3233 West Charleston Blvd, Ste 107","ATI Physical Therapy","2016-05-07 00:00:00"
NV,"Las Vegas",Downtown,"217 Las Vegas Blvd N","Gold Spike","2016-05-04 00:00:00"
NV,"Las Vegas",,"546 N Eastern Ave, Ste 175","Heaven Can Wait Animal Society","2016-05-04 00:00:00"
NV,"Las Vegas",Downtown,"611 Fremont St","The Market","2016-05-03 00:00:00"
NV,"Las Vegas",,"4321 W Flamingo Rd","N9NE Steakhouse","2016-05-02 00:00:00"
NV,"Las Vegas",University,"1350 E Tropicana Ave","Crown & Anchor British Pub","2016-04-26 00:00:00"
NV,"Las Vegas","Spring Valley","6870 S Rainbow Blvd","Rocco's NY Pizzeria","2016-04-26 00:00:00"
NV,"Las Vegas",Westside,"8560 W Desert Inn Rd, Ste D5","Violette's Vegan","2016-04-25 00:00:00"
NV,"Las Vegas",Downtown,"500 S Grand Central Pkwy","Clark County Amphitheater","2016-04-23 00:00:00"
NV,"Las Vegas","Spring Valley","6090 S Rainbow Blvd, Ste 2","Jaburritos Sushi Burritos","2016-04-22 00:00:00"
NV,"Las Vegas","South Summerlin","11011 W Charleston Blvd","Red Rock Lanes","2016-04-21 00:00:00"
NV,"Las Vegas","The Strip","3300 S Las Vegas Blvd","Señor Frog's","2016-04-19 00:00:00"
NV,"Las Vegas",Downtown,"707 Fremont St","Downtown Container Park","2016-04-19 00:00:00"
NV,"Las Vegas","South Summerlin","10955 Oval Park Dr, Ste D3","Wolfgang Puck Bar & Grill Summerlin","2016-04-19 00:00:00"
NV,"Las Vegas",Chinatown,"5115 Spring Mountain Rd 203","Veggie House","2016-04-15 00:00:00"
NV,"Las Vegas",Downtown,"1126 Fremont St",PublicUs,"2016-04-15 00:00:00"
NV,"Las Vegas",Downtown,"124 S 6th St, Ste 140","Donut Bar","2016-04-15 00:00:00"
NV,"Las Vegas",Downtown,"517 Fremont St","Beauty Bar","2016-04-14 00:00:00"
NV,"Las Vegas",Westside,"302 S Rampart Blvd","fresh52 Farmers & Artisan Market","2016-04-14 00:00:00"
NV,"Las Vegas",Westside,"302 S Rampart Blvd","fresh52 Farmers & Artisan Market","2016-04-14 00:00:00"
NV,"Las Vegas",Downtown,"124 S 6th St, Ste 140","Donut Bar","2016-04-11 00:00:00"
NV,"Las Vegas",,"628 W Craig Rd","Craig Ranch Regional Park","2016-04-09 00:00:00"
NV,"Las Vegas",University,"4632 S Maryland Pkwy, Ste 17","Braddah's Island Style","2016-04-09 00:00:00"
NV,"Las Vegas",Downtown,"353 Bonneville Ave, Ste 115","Le Pho Vietnamese Kitchen","2016-04-06 00:00:00"
NV,"Las Vegas",Westside,"50 S Jones Blvd, Ste 102","LV Traffic Ticket Guy","2016-04-06 00:00:00"
NV,"Las Vegas",,"5530 S Arville St, Ste B","Kaiser Garage Doors & Gates","2016-04-05 00:00:00"
NV,"Las Vegas","The Strip","3708 Las Vegas Blvd S","The Cosmopolitan of Las Vegas","2016-04-05 00:00:00"
NV,"Las Vegas",Downtown,"1100 E Sahara Ave, Ste 120","Rainbow's End Natural Foods","2016-04-05 00:00:00"
NV,"Las Vegas",Downtown,"201 N 3rd St","Pizza Rock","2016-04-04 00:00:00"
NV,"Las Vegas",Westside,"4213 W Sahara Ave","The Phoenix Bar & Lounge","2016-04-04 00:00:00"
NV,"Las Vegas",Downtown,"1410 S Main St","Float Sanctuary","2016-04-04 00:00:00"
NV,"Las Vegas",Southeast,"3315 E Russell Rd, Ste 184 Ste A-4","GFY Burgers and Fries","2016-04-04 00:00:00"
NV,"Las Vegas",Downtown,"Fremont 9th","Life Cube Project","2016-04-04 00:00:00"
NV,"Las Vegas","Spring Valley","7345 Arroyo Crossing Pkwy, Ste 100","Sammy's Woodfired Pizza and Grill","2016-04-04 00:00:00"
NV,"Las Vegas",Downtown,"201 N 3rd St","Pizza Rock","2016-04-04 00:00:00"
NV,"Las Vegas",Westside,"333 S Valley View Blvd","Springs Preserve","2016-04-04 00:00:00"
NV,"Las Vegas",Westside,"5675 W Sahara Ave","Capo's Italian Cuisine","2016-04-02 00:00:00"
NV,Henderson,Anthem,"10890 S Eastern Ave, Ste 109","Thai Thai Restaurant","2016-04-02 00:00:00"
NV,"Las Vegas",,"5000 S Decatur Blvd","International Marketplace","2016-04-02 00:00:00"
NV,"Las Vegas",Downtown,"500 S Grand Central Pkwy","Clark County Amphitheater","2016-03-26 00:00:00"
NV,"Las Vegas",Southeast,"3315 E Russell Rd, Ste 184 Ste A-4","GFY Burgers and Fries","2016-03-26 00:00:00"
NV,"Las Vegas",Southeast,"3315 E Russell Rd, Ste 184 Ste A-4","GFY Burgers and Fries","2016-03-26 00:00:00"
NV,"Las Vegas",Southeast,"3315 E Russell Rd, Ste 184 Ste A-4","GFY Burgers and Fries","2016-03-26 00:00:00"
NV,"Las Vegas",,"201 Sands Ave","Sands Expo","2016-03-24 00:00:00"
NV,"Las Vegas",Summerlin,"11770 W Charleston Blvd, Ste 150",Krayvings,"2016-03-24 00:00:00"
NV,"Las Vegas",Downtown,"707 Fremont St","Downtown Container Park","2016-03-23 00:00:00"
NV,"Las Vegas","South Summerlin","11011 W Charleston Blvd","Hearthstone Kitchen & Cellar","2016-03-19 00:00:00"
NV,"Las Vegas",Chinatown,"3939 W Spring Mountain Rd","The Golden Tiki","2016-03-18 00:00:00"
NV,"Las Vegas",,"711 N Tonapah Dr","Vegas Roots Community Garden","2016-03-16 00:00:00"
NV,"Las Vegas",Chinatown,"3939 W Spring Mountain Rd","The Golden Tiki","2016-03-16 00:00:00"
NV,"Las Vegas","The Strip","The Cosmopolitan Of Las Vegas, 3708 Las Vegas Blvd S","Vesper Bar","2016-03-16 00:00:00"
NV,"Las Vegas",Chinatown,"3939 W Spring Mountain Rd","The Golden Tiki","2016-03-15 00:00:00"
NV,Henderson,,"12300 S Las Vegas Blvd","Studio B Buffet","2016-03-08 00:00:00"
NV,"Las Vegas",Westside,"5311 W Charleston Blvd","Moon Valley's Plant World Nursery","2016-03-08 00:00:00"
NV,Henderson,,"1381 W Sunset Rd",PizzaRev,"2016-03-03 00:00:00"
NV,"Las Vegas",Downtown,"600 S Tonopah Dr, Fl 3, Ste 350","MML Physical Therapy","2016-02-29 00:00:00"
NV,"Las Vegas",Westside,"3839 W Sahara Ave, Ste 9","Weera Thai","2016-02-27 00:00:00"
NV,"Las Vegas",Eastside,"3330 E Tropicana Ave","Tropicana Cinemas","2016-02-27 00:00:00"
NV,"Las Vegas",Southeast,"2840 E Tropicana Ave","Dutch Bros. Coffee","2016-02-27 00:00:00"
NV,"Las Vegas","South Summerlin","2120 Festival Plaza Dr","Lush Fresh Handmade Cosmetics","2016-02-26 00:00:00"
NV,"Las Vegas",,"831 W Bonanza Rd","Tenaya Creek Brewery","2016-02-23 00:00:00"
NV,"Las Vegas",Downtown,"1023 Fremont St","11th Street Records","2016-02-22 00:00:00"
NV,"Las Vegas",Southwest,"8020 S Rainbow Blvd, Ste 214","The Real Pooper Scoopers of Las Vegas","2016-02-22 00:00:00"
NV,"Las Vegas",Westside,"2101 S Decatur Blvd, Ste 10","Amena Bakery & Deli","2016-02-20 00:00:00"
NV,"Las Vegas",Sunrise,"4225 E Sahara Ave, Ste 1","Abuela's Tacos","2016-02-15 00:00:00"
NV,"Las Vegas",Downtown,"707 Fremont St, Ste 1310","Simply Pure by Chef Stacey Dougan","2016-02-15 00:00:00"
NV,"Las Vegas",,"4080 Boulder Hwy","Progressive Auto Insurance Claim Center","2016-02-10 00:00:00"
NV,"Las Vegas",Southeast,"6689 Las Vegas Blvd","Whole Foods Market","2016-02-06 00:00:00"
NV,"Las Vegas","South Summerlin","11011 W Charleston Blvd","Libre Mexican Cantina","2016-02-06 00:00:00"
NV,Henderson,,"2728 Green Valley Pkwy","LifeSource Water Systems","2016-02-01 00:00:00"
NV,"Las Vegas",Downtown,"1516 S Las Vegas Blvd",SLO-Boy,"2016-01-31 00:00:00"
NV,"Las Vegas",Downtown,"616 Carson Ave, Ste 120",VegeNation,"2016-01-30 00:00:00"
NV,"Las Vegas",Downtown,"600 S Rancho Dr","Thalgott S John, MD","2016-01-28 00:00:00"
NV,"Las Vegas","South Summerlin","10595 Discovery Dr., Ste 3","Red Rock Running Company","2016-01-22 00:00:00"
NV,"Las Vegas",Downtown,"506 Fremont St","Park on Fremont","2016-01-21 00:00:00"
NV,"Las Vegas",Downtown,"630 South Rancho Dr, Ste E","Las Vegas Skin & Cancer Clinics","2016-01-13 00:00:00"
NV,"Las Vegas",,"860 S Rancho Dr, Ste 2","Pad Thai Restaurant","2016-01-09 00:00:00"
NV,"North Las Vegas",,"6180 N Decatur","Greens & Proteins","2016-01-09 00:00:00"
NV,"North Las Vegas",,"6180 N Decatur","Greens & Proteins","2016-01-09 00:00:00"
NV,"Las Vegas",Downtown,"840 S Rancho Dr, Ste 16","New York Bagel Bakery","2016-01-09 00:00:00"
NV,"North Las Vegas",,"6180 N Decatur","Greens & Proteins","2016-01-09 00:00:00"
NV,"Las Vegas",Southeast,"246 Via Antonio Ave","Panevino Italian Grille","2016-01-08 00:00:00"
NV,"Las Vegas",Downtown,"217 Las Vegas Blvd N","Gold Spike","2016-01-06 00:00:00"
NV,"Las Vegas",,"2600 W Sahara Ave, Ste 115","Soho SushiBurrito","2016-01-05 00:00:00"
NV,"Las Vegas",,"2600 W Sahara Ave, Ste 115",Jaburritos,"2015-12-25 00:00:00"
NV,"Las Vegas",,"740 N Martin Luther King Blvd","UPS Customer Center","2015-12-24 00:00:00"
NV,"Las Vegas","South Summerlin","2120 Festival Plaza Dr","Lush Fresh Handmade Cosmetics","2015-12-23 00:00:00"
NV,"Las Vegas",Downtown,"124 S 11th St","Bunkhouse Saloon","2015-12-22 00:00:00"
NV,"Las Vegas",Southwest,"7775 S Rainbow Blvd, Ste 105","Soyo Korean Barstaurant","2015-12-19 00:00:00"
NV,"Las Vegas",Westside,"3401 W Sahara Ave","Enterprise Rent-A-Car","2015-12-17 00:00:00"
NV,"Las Vegas",Westside,"4700 Meadows Ln","Cardenas Market","2015-12-17 00:00:00"
NV,"Las Vegas",,"2901 S Highland Dr, Ste 10E","Exoticar Paintworks, Inc.","2015-12-17 00:00:00"
NV,"Las Vegas",Westside,"4505 W Sahara Ave","Rani's World Foods","2015-12-17 00:00:00"
NV,"Las Vegas",Downtown,"124 S 11th St","Bunkhouse Saloon","2015-12-14 00:00:00"
NV,"Las Vegas",Downtown,"701 Shadow Ln, Ste 170","Hyson Morton I, MD PC","2015-12-08 00:00:00"
NV,"Las Vegas",,"2901 S Highland Dr, Ste 10E","Exoticar Paintworks, Inc.","2015-12-04 00:00:00"
NV,"Las Vegas",Downtown,"901 S Rancho Dr, Ste 6","Sol Y Luna Beauty Studio","2015-12-04 00:00:00"
NV,"Las Vegas",Downtown,"630 South Rancho Dr, Ste E","Las Vegas Skin & Cancer Clinics","2015-12-02 00:00:00"
NV,"Las Vegas",,"751 N Rancho Dr, Ste 110",Starbucks,"2015-12-02 00:00:00"
NV,"Las Vegas",,"801 N Rancho Dr","Wells Fargo Bank","2015-12-02 00:00:00"
NV,"Las Vegas",,"2675 N Decatur Blvd","US Post Office","2015-12-01 00:00:00"
NV,"Las Vegas",,"2675 N Decatur Blvd","US Post Office","2015-12-01 00:00:00"
NV,"Las Vegas",,"2449 N Tenaya Way","US Post Office","2015-12-01 00:00:00"
NV,"Las Vegas",,"3131 Las Vegas Blvd S","Country Club","2015-11-24 00:00:00"
NV,"Las Vegas",Northwest,"6010 W Craig Rd, Ste 110","Great Links Brewhouse & Grill","2015-11-23 00:00:00"
NV,Henderson,,"1500 N Green Valley Pkwy, Ste 130","The Steamie Weenie","2015-11-22 00:00:00"
NV,"Las Vegas","The Strip","3799 S Las Vegas Blvd","Skylofts at MGM Grand","2015-11-21 00:00:00"
NV,"Las Vegas","The Strip","3799 Las Vegas Blvd S","Joël  Robuchon","2015-11-21 00:00:00"
NV,"Las Vegas",Downtown,"217 Las Vegas Blvd N","Gold Spike","2015-11-12 00:00:00"
NV,"Las Vegas",,"2600 W Sahara Ave, Ste 115",Jaburritos,"2015-11-12 00:00:00"
NV,"Las Vegas",Northwest,"3711 Thom Blvd","Aqua-Safe Unlimited","2015-11-11 00:00:00"
NV,"Las Vegas",,"4310 Losee Rd, Ste 1","BRL's Windows & Doors","2015-11-10 00:00:00"
NV,"Las Vegas",,"2600 W Sahara Ave, Ste 115",Jaburritos,"2015-11-10 00:00:00"
NV,"Las Vegas",Downtown,"105 W Charleston Blvd","Artistic Iron Works","2015-11-09 00:00:00"
AZ,Tempe,,"225 E Apache Blvd","Graduate Tempe","2015-11-09 00:00:00"
AZ,Phoenix,,"4505 N Rubicon Rd","David and Gladys Wright House","2015-11-08 00:00:00"
AZ,Tempe,,"225 E Apache Blvd","Graduate Tempe","2015-11-07 00:00:00"
AZ,Tempe,,"Graduate Tempe, 225 E Apache Blvd","The Normal","2015-11-07 00:00:00"
AZ,Tempe,,"740 S Mill Ave","Mellow Mushroom","2015-11-06 00:00:00"
NV,"Las Vegas",Northwest,"3674 N Rancho Dr, Ste 101","AllPro Painters","2015-11-03 00:00:00"
NV,Henderson,,"531 N Stephanie St",PetSmart,"2015-10-28 00:00:00"
NV,"Las Vegas",Centennial,"7145 West Ann Rd, Ste 130","Knives & More","2015-10-21 00:00:00"
NV,"Las Vegas",,"8876 S Eastern Ave, Ste 101","Veganbites Bakery & Espresso","2015-10-09 00:00:00"
NV,"Las Vegas",,"5530 S Arville St, Ste B","Kaiser Garage Doors & Gates","2015-10-08 00:00:00"
NV,"Las Vegas",Downtown,"707 Fremont St, Ste 1310","Simply Pure by Chef Stacey Dougan","2015-10-08 00:00:00"
NV,"Las Vegas",,"8876 S Eastern Ave, Ste 101","Veganbites Bakery & Espresso","2015-10-08 00:00:00"
NV,"Las Vegas",Downtown,"113 N 4th St","Nacho Daddy Downtown","2015-09-28 00:00:00"
NV,"Las Vegas",Southeast,"Terminal 3 Departures","Hudson News","2015-09-28 00:00:00"
NV,"Las Vegas",Southeast,"Terminal 3 Departures","Hudson News","2015-09-27 00:00:00"
NV,"Las Vegas",Southeast,"5757 Wayne Newton Blvd","McCarran International Airport","2015-09-27 00:00:00"
NV,"Las Vegas",Southeast,"5757 Wayne Newton Blvd","McCarran Airport Terminal 3","2015-09-27 00:00:00"
NV,"Las Vegas",Downtown,"206 N 3rd St","Mob Bar","2015-09-27 00:00:00"
NV,"Las Vegas",Downtown,"512 Fremont St","Insert Coins","2015-09-27 00:00:00"
NV,"Las Vegas",,"2100 N Rainbow Blvd","Bed Bath & Beyond","2015-09-22 00:00:00"
NV,"Las Vegas","Spring Valley","5875 S Rainbow Blvd, Ste 104","Go Vegan Cafe","2015-09-15 00:00:00"
NV,"Las Vegas","The Strip","3930 S Las Vegas Blvd, Ste 121B","Hussong's Cantina - Las Vegas","2015-09-14 00:00:00"
NV,"Las Vegas",Southeast,"8955 S Eastern Ave","Lucky Foo's Restaurant & Bar","2015-09-14 00:00:00"
NV,"Las Vegas",Downtown,"1112 S Commerce St","Rick's Restorations","2015-09-10 00:00:00"
NV,"Las Vegas",,"5095 S Decatur Blvd","Felipito's Mexican Food","2015-09-08 00:00:00"
NV,"Las Vegas",Southeast,"1325 E Tropicana Ave","Felipito's Mexican Food","2015-09-08 00:00:00"
NV,"Las Vegas",Southeast,"2840 E Tropicana Ave","Dutch Bros. Coffee","2015-09-08 00:00:00"
NV,"Las Vegas",Westside,"740 S Rampart Blvd, Ste 7","Hussong's Cantina Boca Park","2015-09-05 00:00:00"
NV,"Las Vegas",Downtown,"707 Fremont St, Ste 1310","Simply Pure by Chef Stacey Dougan","2015-09-04 00:00:00"
NV,"Las Vegas",,"770 Las Vegas Blvd N","Neon Museum","2015-09-03 00:00:00"
NV,"Las Vegas","Spring Valley",,"Dude Where's my Hotdog","2015-08-08 00:00:00"
NV,"Las Vegas",Downtown,"505 E Fremont St","Flippin' Good Burgers & Shakes","2015-08-08 00:00:00"
NV,"Las Vegas",Downtown,"450 Fremont St, Ste 135","Banger Brewing","2015-08-06 00:00:00"
NV,Henderson,,"7380 Eastgate Rd, Ste 110","Bad Beat Brewing","2015-08-06 00:00:00"
NV,"Las Vegas",Downtown,"124 S 6th St, Ste 160","Grass Roots Juice Bar","2015-08-06 00:00:00"
NV,"Las Vegas",,"3220 S. Nellis Blvd","Fresh & Easy","2015-08-04 00:00:00"
NV,"Las Vegas",Southeast,"4975 E Tropicana Ave","Fresh & Easy","2015-08-04 00:00:00"
NV,"Las Vegas",,"3025 Sammy Davis Jr Dr","El Dorado Cantina","2015-08-01 00:00:00"
NV,"Las Vegas",,"7290 W Lake Mead Blvd",Yogurtland,"2015-07-28 00:00:00"
NV,"Las Vegas",Downtown,"124 S 11th St","Bunkhouse Saloon","2015-07-20 00:00:00"
NV,"Las Vegas",Southeast,"6460 Windy Rd, Ste A","Civilian Clothing Headquarters","2015-07-20 00:00:00"
NV,"Las Vegas",Downtown,"707 Fremont St, Ste 1050","Cheffini's Hot Dogs","2015-07-17 00:00:00"
NV,"Las Vegas",Downtown,"616 Carson Ave, Ste 120",VegeNation,"2015-07-09 00:00:00"
NV,"Las Vegas",Downtown,"217 Las Vegas Blvd N","Gold Spike","2015-07-08 00:00:00"
NV,"Las Vegas",Westside,"5201 W Charleston Blvd, Ste 120-130","Pancho's Kitchen","2015-07-07 00:00:00"
NV,"Las Vegas",Westside,"3839 W Sahara Ave, Ste 9","Weera Thai","2015-07-06 00:00:00"
NV,"Las Vegas",,"655 N Mojave Rd","Animal Foundation","2015-07-01 00:00:00"
NV,"Las Vegas",Southeast,"500 E Windmill Ln, Ste 110","Detox Salon","2015-07-01 00:00:00"
NV,"Las Vegas",Westside,"410 S Rampart Blvd, Ste 120","Social Bistro & Wine Bar","2015-07-01 00:00:00"
NV,"Las Vegas","The Strip","3732 Las Vegas Blvd S",Sage,"2015-06-30 00:00:00"
NV,"Las Vegas",,"8876 S Eastern Ave, Ste 101","Veganbites Bakery & Espresso","2015-06-29 00:00:00"
NV,"Las Vegas","South Summerlin","1980 Festival Plz Dr, Ste 165",CREAM,"2015-06-29 00:00:00"
NV,"Las Vegas",,"750 N Rancho Dr","Cox Solutions Store","2015-06-29 00:00:00"
NV,"Las Vegas","South Summerlin","1980 Festival Plaza Dr","Downtown Summerlin Farmers Market","2015-06-27 00:00:00"
NV,"Las Vegas",Westside,"302 S Rampart Blvd","Garden Grill","2015-06-26 00:00:00"
NV,"Las Vegas",Southwest,"8022 S Rainbow Blvd, Ste 109","Poop Magician Pooper Scooper","2015-06-22 00:00:00"
NV,"Las Vegas",Westside,"8068 W Sahara Ave, Ste A","Michael D Bell, DDS","2015-06-19 00:00:00"
NV,"Las Vegas",Southeast,"6605 Las Vegas Blvd S","Town Square Las Vegas","2015-06-17 00:00:00"
NV,"Las Vegas",Westside,"1717 S Decatur Blvd","Fantastic Indoor Swapmeet","2015-06-16 00:00:00"
NV,"Las Vegas",Westside,"1717 S Decatur Blvd","Fantastic Indoor Swapmeet","2015-06-16 00:00:00"
NV,"Las Vegas",Downtown,"616 E Carson Ave, Ste 140","Zydeco Po-Boys","2015-06-16 00:00:00"
NV,"Las Vegas",Westside,"4616 W Sahara Ave, Ste 196","Las Vegas Poop 911","2015-06-15 00:00:00"
NV,"Las Vegas",Downtown,"616 Carson Ave, Ste 120",VegeNation,"2015-06-15 00:00:00"
NV,"Las Vegas",Westside,"4616 W Sahara Ave, Ste 196","Las Vegas Poop 911","2015-06-15 00:00:00"
NV,"Las Vegas","The Strip","3799 Las Vegas Blvd S","Joël  Robuchon","2015-06-14 00:00:00"
NV,"Las Vegas",Westside,"4604 W Sahara Ave, Ste 6","Osi's Kitchen","2015-06-10 00:00:00"
NV,"Las Vegas",Downtown,"616 Carson Ave, Ste 120",VegeNation,"2015-06-09 00:00:00"
NV,"Las Vegas",Westside,"4604 W Sahara Ave, Ste 6","Osi's Kitchen","2015-06-09 00:00:00"
NV,"Las Vegas",Downtown,"W Flamingo Rd","Sin City Yoga","2015-06-05 00:00:00"
NV,"Las Vegas",Downtown,"917 Fremont St","Atomic Liquors","2015-06-04 00:00:00"
NV,"Las Vegas",Downtown,"1025 1st St","First Friday","2015-06-03 00:00:00"
NV,"Las Vegas",,"9500 S Eastern Ave, Ste 110","Juice NV","2015-05-31 00:00:00"
NV,"Las Vegas",,"4248 W Reno Ave","Louie's Noodle","2015-05-30 00:00:00"
NV,"Las Vegas",Summerlin,"8851 Vegas Dr","Bruce Trent Park","2015-05-30 00:00:00"
NV,"Las Vegas",Westside,"8380 W Sahara Ave","Paymons Mediterranean Cafe & Hookah Lounge","2015-05-30 00:00:00"
NV,"Las Vegas","South Summerlin","10975 Sage Park Dr, Ste 100, Downtown Summerlin","Crazy Pita Rotisserie & Grill","2015-05-29 00:00:00"
NV,"Las Vegas",,,"Notary on Demand LV","2015-05-21 00:00:00"
NV,"North Las Vegas",,"2101 Texas Star Ln","Texas Station Gambling Hall & Hotel","2015-05-21 00:00:00"
NV,"Las Vegas",Westside,"3233 West Charleston Blvd, Ste 107","ATI Physical Therapy","2015-05-20 00:00:00"
NV,"Las Vegas",,"5010 S Decatur Blvd, Ste F","Enviro Safe Pest Control","2015-05-20 00:00:00"
NV,"Las Vegas",Downtown,"300 Stewart Ave","The Mob Museum","2015-05-20 00:00:00"
NV,"Las Vegas",Summerlin,"2620 Regatta Dr",Isabela's,"2015-05-17 00:00:00"
NV,"Las Vegas",Downtown,"500 S Rancho Dr, Ste 2","Continuum Advanced Healthcare","2015-05-11 00:00:00"
NV,"Las Vegas",Centennial,"6650 N Durango Dr",PetSmart,"2015-05-09 00:00:00"
NV,"Las Vegas",Downtown,"450 Fremont St, Ste 135","Banger Brewing","2015-04-27 00:00:00"
NV,"Las Vegas",Downtown,"616 Carson Ave, Ste 120",VegeNation,"2015-04-22 00:00:00"
NV,"Las Vegas",Westside,"8560 W Desert Inn Rd, Ste D5","Violette's Vegan","2015-04-22 00:00:00"
NV,"Las Vegas",,"4020 S Rainbow Blvd","Sprouts Farmers Market","2015-04-21 00:00:00"
NV,"Las Vegas",Westside,"7365 W Sahara Ave","Kinnaree Thai and Vegetarian","2015-04-20 00:00:00"
NV,"Las Vegas",,"860 N Rainbow Blvd","Sorrento Pizza","2015-04-18 00:00:00"
NV,"Las Vegas",,"5380 Cameron St, Ste 4","Eco Electric","2015-04-18 00:00:00"
NV,"Las Vegas",Westside,,"Fukuburger Truck","2015-04-17 00:00:00"
NV,"Las Vegas",Westside,"3909 W Sahara Ave, Ste 1","Island Style","2015-04-16 00:00:00"
NV,"Las Vegas",,"7260 W Lake Mead Blvd, Ste 1","Nature's Pet Market Las Vegas","2015-04-16 00:00:00"
NV,"Las Vegas",Summerlin,"10400 W Charleston Blvd","CVS Pharmacy","2015-04-16 00:00:00"
NV,"Las Vegas",,"840 S Rancho Dr, Ste 4","The UPS Store","2015-04-16 00:00:00"
NV,"Las Vegas","South Summerlin","2315 Summa Dr, Ste 100","Trader Joe's","2015-04-15 00:00:00"
NV,"Las Vegas",Downtown,"616 Carson Ave, Ste 120",VegeNation,"2015-04-12 00:00:00"
NV,"Las Vegas",Eastside,"1818 E Desert Inn Rd","Lok Acupuncture Clinic","2015-04-11 00:00:00"
NV,"C Las Vegas",Westside,"4625 W Charleston Blvd","Lowe's Home Improvement","2015-04-11 00:00:00"
NV,"Las Vegas",,"8876 S Eastern Ave, Ste 101","Veganbites Bakery & Espresso","2015-04-10 00:00:00"
NV,"Las Vegas",Eastside,"3150 Paradise Rd",CES,"2015-04-09 00:00:00"
NV,"Las Vegas",Westside,"7135 W Sahara Ave, Ste 201","Foot, Ankle & Hand Center of Las Vegas","2015-04-09 00:00:00"
NV,"Las Vegas",Sunrise,"171 N Nellis Blvd",PetSmart,"2015-04-09 00:00:00"
NV,"Las Vegas",Downtown,"2202 W Charleston Blvd, Ste 5","Mix Zone Cafe","2015-04-09 00:00:00"
NV,"Las Vegas",Downtown,"124 S 6th St","Bocho Sushi","2015-04-08 00:00:00"
NV,"Las Vegas",,"2675 N Decatur Blvd","US Post Office","2015-04-08 00:00:00"
NV,"Las Vegas",Downtown,"500 S Grand Central Pkwy","Las Vegas Mela - Indian Food and Cultural Festival","2015-04-07 00:00:00"
NV,"Las Vegas",Westside,"1251 S Decatur Blvd",Michaels,"2015-04-05 00:00:00"
NV,"Las Vegas",Sunrise,"171 N Nellis Blvd","Banfield Pet Hospital","2015-04-05 00:00:00"
NV,"Las Vegas",Downtown,"217 Las Vegas Blvd N","Gold Spike","2015-04-04 00:00:00"
NV,"Las Vegas",Downtown,"150 Las Vegas Blvd N, Ste 100","Itsy Bitsy","2015-04-04 00:00:00"
NV,"Las Vegas",Downtown,"150 Las Vegas Blvd N, Ste 100","Itsy Bitsy","2015-04-03 00:00:00"
NV,"Las Vegas",Downtown,"150 Las Vegas Blvd N, Ste 100","Itsy Bitsy","2015-04-03 00:00:00"
NV,"Las Vegas",Downtown,"707 Fremont St","Downtown Container Park","2015-04-02 00:00:00"
NV,"Las Vegas",Westside,"302 S Rampart Blvd","Garden Grill","2015-03-27 00:00:00"
NV,"Las Vegas",,"9480 S Eastern Ave",fresh52,"2015-03-26 00:00:00"
NV,"Las Vegas",Southeast,"6671 S Las Vegas Blvd, Ste 300",SolarCity,"2015-03-26 00:00:00"
NV,"Las Vegas",Westside,"5311 W Charleston Blvd","Moon Valley's Plant World Nursery","2015-03-25 00:00:00"
NV,"Las Vegas","South Summerlin","2010 Festival Park Dr, Ste 130","Gelato Messina","2015-03-25 00:00:00"
NV,"Las Vegas",Downtown,"506 Fremont St","Park on Fremont","2015-03-19 00:00:00"
NV,"Las Vegas",Downtown,"1126 Fremont St",PublicUs,"2015-03-19 00:00:00"
NV,"Las Vegas",Downtown,"124 S 11th St","Bunkhouse Saloon","2015-03-16 00:00:00"
NV,"Las Vegas",Westside,"333 S Valley View Blvd","Springs Preserve","2015-03-16 00:00:00"
NV,"Las Vegas",,"3053 N. Jones Blvd","Fresh & Easy","2015-03-12 00:00:00"
NV,"Las Vegas",Westside,"6500 W Sahara Ave","Sammy's Woodfired Pizza and Grill","2015-03-09 00:00:00"
NV,"Las Vegas",Westside,"333 S Valley View Blvd","Springs Preserve","2015-03-02 00:00:00"
NV,"Las Vegas","Spring Valley","4190 S Rainbow Blvd, Ste 1","Pepe's Tacos","2015-03-02 00:00:00"
NV,"Las Vegas",,"3025 Sammy Davis Jr Dr","El Dorado Cantina","2015-03-02 00:00:00"
NV,"Las Vegas","The Strip","3200 Las Vegas Blvd S, Ste 1132","RA Sushi Bar Restaurant","2015-03-01 00:00:00"
NV,"Las Vegas",Westside,"8380 W Sahara Ave","Paymons Mediterranean Cafe & Hookah Lounge","2015-02-24 00:00:00"
NV,"Las Vegas",Southeast,"9055 S Eastern Ave","Pho Saigon 8","2015-02-19 00:00:00"
NV,"Las Vegas",Downtown,"616 Carson Ave, Ste 120",VegeNation,"2015-02-19 00:00:00"
NV,"Las Vegas",Downtown,"707 E Fremont St","Trikke Las Vegas","2015-02-17 00:00:00"
NV,"Las Vegas",Southeast,"500 E Windmill Ln, Ste 110","Detox Salon","2015-02-17 00:00:00"
NV,"Las Vegas",Downtown,"201 N 3rd St","Pizza Rock","2015-02-15 00:00:00"
NV,"Las Vegas",,"8876 S Eastern Ave, Ste 101","Veganbites Bakery & Espresso","2015-02-15 00:00:00"
NV,"Las Vegas",Southeast,"6671 S Las Vegas Blvd, Ste 300",SolarCity,"2015-02-11 00:00:00"
NV,"Las Vegas","The Strip","The Linq Las Vegas, 3545 Las Vegas Blvd S, The Linq Las Vegas","High Roller","2015-02-09 00:00:00"
NV,"Las Vegas",Westside,"302 S Rampart Blvd","fresh52 Farmers & Artisan Market","2015-02-07 00:00:00"
NV,"Las Vegas",Summerlin,"10820 W Charleston Blvd","Distill - A Local Bar","2015-02-06 00:00:00"
NV,"Las Vegas",Summerlin,"9430 W Lake Mead Blvd, Ste 1","New York Chinese Restaurant","2015-01-28 00:00:00"
NV,"Las Vegas",Westside,"9941 W Charelston Blvd","The Pint","2015-01-28 00:00:00"
NV,"Las Vegas",Downtown,"1 S Main St","Pop Up Pizza","2015-01-24 00:00:00"
NV,"Las Vegas","The Lakes","9475 W Desert Inn Rd","Fresh & Easy","2015-01-15 00:00:00"
NV,"Las Vegas",Downtown,"10 E Charleston Blvd","Cornish Pasty","2015-01-15 00:00:00"
NV,"Las Vegas",,"8876 S Eastern Ave, Ste 101","Veganbites Bakery & Espresso","2015-01-14 00:00:00"
NV,"Las Vegas",Downtown,"300 Stewart Ave","The Mob Museum","2015-01-13 00:00:00"
NV,"Las Vegas",Downtown,"501 Fremont St",Inspire,"2015-01-12 00:00:00"
NV,"Las Vegas",,"3025 Sammy Davis Jr Dr","El Dorado Cantina","2015-01-12 00:00:00"
NV,"Las Vegas",Downtown,"616 Carson Ave, Ste 120",VegeNation,"2015-01-12 00:00:00"
NV,"Las Vegas",Downtown,"2202 W Charleston Blvd","Great Wall Chinese Restaurant","2015-01-11 00:00:00"
NV,"Las Vegas",,"3025 Sammy Davis Jr Dr","El Dorado Cantina","2015-01-05 00:00:00"
NV,"Las Vegas",,"4790 Polaris Ave","Windy City Wash and Wax","2015-01-05 00:00:00"
NV,"Las Vegas",Westside,"6810 W Sahara Ave","LV Dog Resort","2015-01-03 00:00:00"
NV,"Las Vegas",,"3025 Sammy Davis Jr Dr","El Dorado Cantina","2014-12-30 00:00:00"
NV,"Las Vegas",Southwest,"11930 Southern Highlands Pkwy","Sean Patrick's Pub","2014-12-16 00:00:00"
NV,"Las Vegas",,"3025 Sammy Davis Jr Dr","El Dorado Cantina","2014-12-15 00:00:00"
NV,"Las Vegas","The Lakes","9475 W Desert Inn Rd","Fresh & Easy","2014-12-10 00:00:00"
NV,"Las Vegas",,"3025 Sammy Davis Jr Dr","El Dorado Cantina","2014-12-08 00:00:00"
NV,"Las Vegas",Downtown,"1020 Fremont St","The Writer's Block","2014-12-05 00:00:00"
NV,"Las Vegas",Downtown,"707 Fremont St, Ste 1050","Cheffini's Hot Dogs","2014-12-03 00:00:00"
NV,"Las Vegas",,"3025 Sammy Davis Jr Dr","El Dorado Cantina","2014-12-01 00:00:00"
NV,"Las Vegas",Downtown,"616 Carson Ave, Ste 120",VegeNation,"2014-11-29 00:00:00"
NV,"Las Vegas",Southwest,"7202 S Jones Blvd",Yamaha,"2014-11-27 00:00:00"
NV,"Las Vegas","The Strip","3200 Las Vegas Blvd S, Ste 1132","RA Sushi Bar Restaurant","2014-11-26 00:00:00"
NV,"Las Vegas",Downtown,"600 S Rancho Dr, Ste 113","Pain Institute of Nevada","2014-11-25 00:00:00"
NV,"Las Vegas",Downtown,"600 S Rancho Dr, Ste 113","Pain Institute of Nevada","2014-11-25 00:00:00"
NV,"Las Vegas",Downtown,"707 Freemont St, Ste 3340","Blue Raven Boutique","2014-11-25 00:00:00"
NV,"Las Vegas",Downtown,"W Flamingo Rd","Sin City Yoga","2014-11-24 00:00:00"
NV,"Las Vegas",Downtown,"707 Freemont St, Ste 3340","Blue Raven Boutique","2014-11-24 00:00:00"
NV,"Las Vegas","The Strip","The Linq Las Vegas, 3545 Las Vegas Blvd S, The Linq Las Vegas","High Roller","2014-11-24 00:00:00"
NV,"Las Vegas",Downtown,"707 Freemont St, Ste 1170","Kappa Toys","2014-11-24 00:00:00"
NV,"Las Vegas",Southeast,"5757 Wayne Newton Blvd","McCarran International Airport","2014-11-23 00:00:00"
NV,"Las Vegas",Chinatown,"3711 S Valley View","Pho Bosa","2014-11-16 00:00:00"
NV,"Las Vegas",Southeast,"246 Via Antonio Ave","Panevino Italian Grille","2014-11-15 00:00:00"
NV,"Las Vegas",Chinatown,"3711 S Valley View","Pho Bosa","2014-11-15 00:00:00"
NV,"Las Vegas",Downtown,"124 S 11th St","Bunkhouse Saloon","2014-11-14 00:00:00"
NV,"Las Vegas","The Strip","3752 Las Vegas Blvd S","MOzen Bistro","2014-11-13 00:00:00"
NV,"Las Vegas","The Strip","3752 Las Vegas Blvd S","Twist by Pierre Gagnaire","2014-11-13 00:00:00"
NV,"Las Vegas",Westside,"4750 W Sahara Ave, Ste 38","FedEx Office Print & Ship Center","2014-11-12 00:00:00"
NV,"Las Vegas",Westside,"4750 W Sahara Ave, Ste 38","FedEx Office Print & Ship Center","2014-11-11 00:00:00"
NV,"Las Vegas",,"7250 W Lake Mead Blvd","Whole Foods Market","2014-11-11 00:00:00"
NV,"Las Vegas",,"7260 W Lake Mead Blvd, Ste 1","Nature's Pet Market Las Vegas","2014-11-11 00:00:00"
NV,"Las Vegas",,"3025 Sammy Davis Jr Dr","El Dorado Cantina","2014-11-10 00:00:00"
NV,"Las Vegas",,"3053 N. Jones Blvd","Fresh & Easy","2014-11-10 00:00:00"
NV,"Las Vegas",,"3053 N. Jones Blvd","Fresh & Easy","2014-11-09 00:00:00"
NV,"Las Vegas",Downtown,"707 Fremont St, Unit 1090","Winky Designs","2014-11-09 00:00:00"
NV,"Las Vegas",Westside,"7875 W Sahara Ave, Ste 103","Red Velvet Cafe","2014-11-09 00:00:00"
NV,"Las Vegas",,"4650 S Decatur Blvd","Avanti Door Group","2014-11-09 00:00:00"
NV,"North Las Vegas",,"2121 E Craig Rd","Galaxy Cannery Theatre","2014-11-09 00:00:00"
NV,"Las Vegas",Downtown,"1616 S Las Vegas Blvd, Ste 130","Art of Flavors","2014-11-09 00:00:00"
NV,"Las Vegas",Downtown,"707 E Fremont St","Trikke Las Vegas","2014-11-09 00:00:00"
NV,"Las Vegas",Southeast,"2601 E Sunset Rd","Sunset Park","2014-11-08 00:00:00"
NV,"Las Vegas",,"3025 Sammy Davis Jr Dr","El Dorado Cantina","2014-11-08 00:00:00"
NV,"Las Vegas",Westside,"400 S Rampart","Tivoli Village","2014-11-07 00:00:00"
NV,"Las Vegas",Westside,"400 S Rampart Blvd, Ste 190","Kabuki Japanese Restaurant","2014-11-07 00:00:00"
NV,"North Las Vegas",,"2101 Texas Star Ln","Texas Station Gambling Hall & Hotel","2014-11-02 00:00:00"
NV,"Las Vegas",,"4262 Blue Diamond Rd, 156-375","Sin City Dogs","2014-11-02 00:00:00"
NV,"Las Vegas",Westside,"6900 W Sahara Ave","BMW of Las Vegas","2014-10-29 00:00:00"
NV,"Las Vegas",Downtown,"201 Las Vegas Blvd S, Ste 100","US Post Office","2014-10-29 00:00:00"
NV,"Las Vegas","Spring Valley","4124 S Rainbow Blvd","Best Foot Spa","2014-10-27 00:00:00"
NV,"Las Vegas",Chinatown,"3504 Wynn Rd","Veggie Delight","2014-10-26 00:00:00"
NV,"Las Vegas",,"4640 Polaris Ave","Amateur Electronic Supply","2014-10-25 00:00:00"
NV,"Las Vegas","The Lakes","2910 Lake E Dr","Go Raw Cafe","2014-10-22 00:00:00"
NV,"Las Vegas",,"4053 Fossil Ridge Rd","Cowboy Trail Rides","2014-10-22 00:00:00"
NV,"Las Vegas",,"4790 Polaris Ave","Windy City Wash and Wax","2014-10-20 00:00:00"
NV,"Las Vegas",,"3025 Sammy Davis Jr Dr","El Dorado Cantina","2014-10-15 00:00:00"
NV,"Las Vegas",,"3025 Sammy Davis Jr Dr","El Dorado Cantina","2014-10-15 00:00:00"
NV,"Las Vegas",Westside,"440 S Rampart Blvd","Bite Vegan Bakery","2014-10-13 00:00:00"
NV,"Las Vegas",Southeast,"5757 Wayne Newton Blvd","Delta Air Lines","2014-10-10 00:00:00"
NV,"Las Vegas",Downtown,"611 Fremont St","The Market","2014-10-10 00:00:00"
NV,"Las Vegas",Chinatown,"3504 Wynn Rd","Veggie Delight","2014-10-02 00:00:00"
NV,"Las Vegas",Westside,"5181 W Charleston Blvd, Ste 110","Hot Dog On a Stick","2014-09-25 00:00:00"
NV,"Las Vegas",Westside,"5181 W Charleston Blvd, Ste 110","Hot Dog On a Stick","2014-09-25 00:00:00"
NV,"Las Vegas",Downtown,"124 S 11th St","Bunkhouse Saloon","2014-09-23 00:00:00"
NV,"Las Vegas",Downtown,"Downtown Container Park, 707 Fremont St","The Perch","2014-09-23 00:00:00"
NV,Henderson,,"2920 N Green Valley Pkwy, Ste 6","Elixir - A Local Lounge","2014-09-21 00:00:00"
NV,"Las Vegas",Westside,"6500 W Sahara Ave","Sammy's Woodfired Pizza and Grill","2014-09-21 00:00:00"
NV,"Las Vegas",Downtown,"124 S 11th St","Bunkhouse Saloon","2014-09-17 00:00:00"
NV,"Las Vegas",Downtown,"217 Las Vegas Blvd","Oasis at Gold Spike","2014-09-17 00:00:00"
NV,"Las Vegas",Downtown,"217 Las Vegas Blvd","Oasis at Gold Spike","2014-09-16 00:00:00"
NV,Henderson,,"2728 Green Valley Pkwy","LifeSource Water Systems","2014-09-16 00:00:00"
NV,"Las Vegas",Southeast,"6671 S Las Vegas Blvd, Ste 300",SolarCity,"2014-09-16 00:00:00"
NV,"Las Vegas","The Strip","3667 Las Vegas Blvd S","Gordon Ramsay BurGR","2014-09-13 00:00:00"
NV,"Las Vegas",Westside,"5225 W Charleston Blvd","Leslie's Swimming Pool Supplies","2014-09-13 00:00:00"
NV,"Las Vegas",Downtown,"124 S 11th St","Bunkhouse Saloon","2014-09-13 00:00:00"
NV,"Las Vegas",Westside,"8470 W Desert Inn Rd, Ste H-1","MadHouse Coffee","2014-09-11 00:00:00"
NV,"Las Vegas","The Strip","3752 Las Vegas Blvd S","MOzen Bistro","2014-09-07 00:00:00"
NV,"Las Vegas",Downtown,"401 S Maryland Pkwy","Bronze Cafe at The Center","2014-09-06 00:00:00"
NV,"Las Vegas",Westside,"302 S Rampart Blvd","Veg Out","2014-09-05 00:00:00"
NV,"Las Vegas",Chinatown,"4600 Spring Mountain Rd","Ronald's Donuts","2014-09-05 00:00:00"
NV,"Las Vegas",Southeast,"6671 S Las Vegas Blvd, Ste 300",SolarCity,"2014-08-28 00:00:00"
NV,"Las Vegas",Downtown,"1616 S Las Vegas Blvd, Ste 130","Art of Flavors","2014-08-21 00:00:00"
NV,"Las Vegas",Westside,"1191 S Decatur Ave","Anna's Linens","2014-08-21 00:00:00"
NV,"Las Vegas",Downtown,"1700 Las Vegas Blvd","White Cross Market","2014-08-20 00:00:00"
NV,"Las Vegas",Downtown,"1780 S Mojave Rd","Capitol North American","2014-08-19 00:00:00"
NV,"Las Vegas",Downtown,"1780 S Mojave Rd","Capitol North American","2014-08-16 00:00:00"
NV,"Las Vegas",Northwest,"5840 W Craig Rd, Ste 120","Allergy Cleaning Specialists","2014-08-14 00:00:00"
NV,"Las Vegas",,"4650 S Decatur Blvd","Avanti Door Group","2014-08-13 00:00:00"
NV,"Las Vegas",,"751 N Rancho Dr, Ste 110",Starbucks,"2014-08-13 00:00:00"
NV,"Las Vegas",Downtown,"840 S Rancho Dr, Ste 14","Stay Healthy","2014-08-12 00:00:00"
NV,"Las Vegas",Downtown,"840 S Rancho Dr, Ste 14","Stay Healthy","2014-08-12 00:00:00"
NV,"Las Vegas",,"900 N Rancho Dr",Walgreens,"2014-08-12 00:00:00"
NV,"Las Vegas",Downtown,"501 Fremont St",Inspire,"2014-08-08 00:00:00"
NV,"Las Vegas",Westside,"5225 W Charleston Blvd","Leslie's Swimming Pool Supplies","2014-08-07 00:00:00"
NV,"Las Vegas",,"9500 S Eastern Ave, Ste 110","Juice NV","2014-08-07 00:00:00"
NV,"Las Vegas",Downtown,"840 S Rancho Dr, Ste 14","Stay Healthy","2014-08-04 00:00:00"
NV,"Las Vegas",Westside,"1121 S Decatur Blvd, Ste 110","Jamba Juice","2014-08-04 00:00:00"
NV,"Las Vegas",Eastside,"2675 S Eastern Ave, Ste 400","Jamba Juice","2014-08-04 00:00:00"
NV,"Las Vegas",Downtown,"1218 S Main St","Velveteen Rabbit","2014-07-31 00:00:00"
NV,"Las Vegas",Downtown,"616 Carson Ave, Ste 120",VegeNation,"2014-07-31 00:00:00"
NV,"Las Vegas",Westside,"1291 S Decatur Blvd","Sally Beauty Supply","2014-07-29 00:00:00"
NV,"Las Vegas",Downtown,"840 S Rancho Dr, Ste 16","New York Bagel Bakery","2014-07-29 00:00:00"
NV,"Las Vegas",Westside,"1291 S Decatur Blvd","Sally Beauty Supply","2014-07-29 00:00:00"
NV,"Las Vegas",,"2103 Western Ave, Ste A","Daddy's Delights","2014-07-15 00:00:00"
NV,"Las Vegas",Downtown,"701 Bridger Ave, Ste 150","Turntable Health","2014-07-13 00:00:00"
NV,"Las Vegas",,"9500 S Eastern Ave, Ste 110","Juice NV","2014-07-08 00:00:00"
NV,"Las Vegas",Chinatown,"3504 Wynn Rd","Veggie Delight","2014-07-07 00:00:00"
NV,"Las Vegas",Westside,"420 S Rampart Blvd, Ste 150","View Wine Bar & Kitchen","2014-07-03 00:00:00"
NV,"Las Vegas",Eastside,"4065 S Maryland Pkwy, Ste C","The Joint ...the chiropractic place","2014-07-03 00:00:00"
NV,"Las Vegas",Eastside,"4065 S Maryland Pkwy, Ste C","The Joint ...the chiropractic place","2014-07-02 00:00:00"
NV,"Las Vegas",Downtown,"124 S 11th St","Bunkhouse Saloon","2014-07-01 00:00:00"
NV,"Las Vegas",Westside,"302 S Rampart","Rika Arepa Express","2014-07-01 00:00:00"
NV,"Las Vegas",Southeast,"9550 S Eastern Ave, Ste 253","GSI Las Vegas Home Inspections","2014-07-01 00:00:00"
NV,"Las Vegas",Southeast,"9550 S Eastern Ave, Ste 253","GSI Las Vegas Home Inspections","2014-06-30 00:00:00"
NV,"Las Vegas",Downtown,"109 N 9th St","Hydrant Club","2014-06-30 00:00:00"
NV,"Las Vegas",,"6335 Dean Martin Dr","Bugsy's Blinds and Custom Shutters","2014-06-30 00:00:00"
NV,"Las Vegas",,"3025 Sammy Davis Jr Dr","El Dorado Cantina","2014-06-23 00:00:00"
NV,"Las Vegas",Downtown,"523 Fremont St","Le Thai","2014-06-19 00:00:00"
NV,"Las Vegas",Downtown,"520 Fremont St","Cheffinis Hot Dogs","2014-06-18 00:00:00"
NV,"Las Vegas",Downtown,"707 Fremont St","Downtown Container Park","2014-06-18 00:00:00"
NV,"Las Vegas","The Strip","3545 S Las Vegas Blvd","Sprinkles Cupcakes and Ice Cream","2014-06-18 00:00:00"
NV,"Las Vegas","The Strip","3545 S Las Vegas Blvd","Sprinkles Cupcakes and Ice Cream","2014-06-18 00:00:00"
NV,"Las Vegas",Downtown,"124 S 6th St, Ste 160","Grass Roots Juice Bar","2014-06-18 00:00:00"
NV,"Las Vegas",Eastside,"953 E Sahara Ave","Komol Restaurant","2014-06-18 00:00:00"
NV,"Las Vegas",Downtown,"520 Fremont St","Cheffinis Hot Dogs","2014-06-17 00:00:00"
NV,"Las Vegas",Southwest,"7745 S Rainbow Blvd","Rice Trax Teriyaki Grill","2014-06-17 00:00:00"
NV,"Las Vegas",Downtown,"707 Fremont St","Downtown Container Park","2014-06-14 00:00:00"
NV,"Las Vegas",Southwest,"7645 S Rainbow Blvd, Ste 101","The Birthday Suit","2014-06-11 00:00:00"
NV,"Las Vegas",Downtown,"109 N 9th St","Hydrant Club","2014-06-10 00:00:00"
NV,"Las Vegas","The Strip","3131 Las Vegas Blvd S","SW Steakhouse","2014-06-10 00:00:00"
NV,"Las Vegas",Downtown,"124 S 6th St, Ste 140","O Face Doughnuts","2014-06-06 00:00:00"
NV,Henderson,,"661 Marks St, Ste A",Starbucks,"2014-06-06 00:00:00"
NV,"Las Vegas",Downtown,"124 S 6th St, Ste 140","O Face Doughnuts","2014-06-06 00:00:00"
NV,"Las Vegas",Downtown,"109 N 9th St","Hydrant Club","2014-06-03 00:00:00"
NV,"Las Vegas",Downtown,"1 S Main St","Pop Up Pizza","2014-05-31 00:00:00"
NV,"Las Vegas",Downtown,"500 S Main St","MTO Café","2014-05-31 00:00:00"
NV,"Las Vegas",Downtown,"500 S Main St","MTO Café","2014-05-31 00:00:00"
NV,"Las Vegas",Downtown,"707 Fremont St, Ste 1310","Simply Pure by Chef Stacey Dougan","2014-05-07 00:00:00"
NV,"Las Vegas",Chinatown,"5650 Spring Mountain Rd","Pho Saigon 8","2014-05-03 00:00:00"
NV,"Las Vegas",Southeast,"5006 S Maryland Pkwy, Ste 7","India Market","2014-04-07 00:00:00"
NV,"Las Vegas",Downtown,"520 Fremont St","The Beat Coffeehouse & Records","2014-04-07 00:00:00"
NV,"Las Vegas",Downtown,"401 S Maryland Pkwy","Bronze Cafe at The Center","2014-04-07 00:00:00"
NV,"Las Vegas",Eastside,"3961 Maryland Pkwy","Tiabi Coffee & Waffle","2014-04-07 00:00:00"
NV,"Las Vegas",Southeast,"6460 Windy Rd, Ste A","Civilian Clothing Headquarters","2014-03-31 00:00:00"
NV,"Las Vegas",Southeast,"6460 Windy Rd, Ste A","Civilian Clothing Headquarters","2014-03-30 00:00:00"
NV,"Las Vegas",Westside,"8975 W Charleston Blvd, Ste 160","Relax the Back","2014-03-20 00:00:00"
NV,"Las Vegas",Downtown,"10 E Charleston Blvd","Cornish Pasty","2014-03-19 00:00:00"
NV,"Las Vegas",Southwest,"7815 S Rainbow Blvd, Ste 102","Pot Tea Social House","2014-03-18 00:00:00"
NV,"Las Vegas","Spring Valley","6260 W Badura Ave","Tesla - Las Vegas","2014-03-15 00:00:00"
NV,"Las Vegas",Westside,"302 S Rampart","Rika Arepa Express","2014-03-15 00:00:00"
NV,"Las Vegas","Spring Valley","6260 W Badura Ave","Tesla - Las Vegas","2014-03-15 00:00:00"
NV,"Las Vegas",Westside,"302 S Rampart","Rika Arepa Express","2014-03-11 00:00:00"
NV,"Las Vegas",Westside,"302 S Rampart Blvd","Garden Grill","2014-03-11 00:00:00"
NV,"Las Vegas",Westside,"302 S Rampart Blvd","Garden Grill","2014-03-11 00:00:00"
NV,"Las Vegas",Westside,"9785 W Charleston Blvd","Dom DeMarco's Pizzeria & Bar","2014-03-04 00:00:00"
NV,"Las Vegas",Southeast,"2275 E Sunset Rd","Pizza Company","2014-02-07 00:00:00"
NV,"Las Vegas",Downtown,"129 E Fremont St","Bar 46","2014-02-01 00:00:00"
NV,"Las Vegas",Downtown,"1236 Western Ave","Pura Vida Bakery & Bystro","2014-01-19 00:00:00"
NV,"Las Vegas","Spring Valley","7290 Arroyo Crossing Pkwy, Ste 160","Optic Gallery","2014-01-18 00:00:00"
NV,"Las Vegas",Westside,"302 S Rampart Blvd","Veg Out","2014-01-18 00:00:00"
NV,"Las Vegas","Spring Valley","7925 W Russell Rd","US Post Office","2014-01-18 00:00:00"
NV,"Las Vegas",,"4248 W Reno Ave","Louie's Noodle","2014-01-17 00:00:00"
NV,"Las Vegas",Southeast,"2081 E Eldorado Ln","V Animal's Sanctuary","2014-01-16 00:00:00"
NV,"Las Vegas",Southwest,"7537 S Rainbow Blvd","Viet My Asian Market","2014-01-16 00:00:00"
NV,"Las Vegas",Southeast,"2081 E Eldorado Ln","V Animal's Sanctuary","2014-01-15 00:00:00"
NV,"Las Vegas","Spring Valley","6450 Medical Center St, Ste 100","Abrams Eye Institute","2014-01-13 00:00:00"
NV,"Las Vegas",Eastside,"800 Karen Ave","Las Vegas Roller Hockey Center","2014-01-12 00:00:00"
NV,"Las Vegas",Southwest,"9275 S Buffalo Dr","Exploration Park","2014-01-12 00:00:00"
NV,"Las Vegas",Southeast,"9890 S Maryland Pkwy","Tokyo Discount","2014-01-11 00:00:00"
NV,"Las Vegas",Eastside,"3150 Paradise Rd",CES,"2014-01-07 00:00:00"
NV,"Las Vegas",Downtown,"501 Fremont St",Inspire,"2014-01-06 00:00:00"
NV,"Las Vegas",Downtown,"400 Stewart Ave","Zappos Tour Experience","2014-01-06 00:00:00"
NV,"Las Vegas",Chinatown,"3429 S Jones Blvd","Fresh Cup","2014-01-04 00:00:00"
NV,"Las Vegas",Downtown,"150 N Las Vegas Blvd, Ste 120",WILD,"2014-01-04 00:00:00"
NV,"Las Vegas",Downtown,"707 Fremont St, Ste 1080","JoJo's Jerky","2014-01-04 00:00:00"
NV,"Las Vegas",Downtown,"707 Fremont St","Downtown Container Park","2014-01-04 00:00:00"
NV,"Las Vegas",Downtown,"150 N Las Vegas Blvd, Ste 120",WILD,"2014-01-04 00:00:00"
NV,"Las Vegas",,"6115 W. Tropicana Ave","Fresh & Easy","2014-01-02 00:00:00"
NV,"Las Vegas",Eastside,"953 E Desert Inn Rd",Midtown,"2013-12-31 00:00:00"
NV,"Las Vegas","Spring Valley","5875 S Rainbow Blvd, Ste 104","Fresh Mama","2013-12-19 00:00:00"
NV,"Las Vegas","Spring Valley","6925 S Rainbow Blvd","Jamba Juice","2013-12-19 00:00:00"
NV,"Las Vegas",Southeast,"2601 E Sunset Rd","Sunset Park","2013-12-18 00:00:00"
NV,"Las Vegas",Westside,"6600 West Sahara Ave","Lexus Of Las Vegas","2013-12-18 00:00:00"
NV,"Las Vegas","Spring Valley","6925 S Rainbow Blvd","Jamba Juice","2013-12-17 00:00:00"
NV,"Las Vegas",Southeast,"2601 E Sunset Rd","Sunset Park","2013-12-16 00:00:00"
NV,"Las Vegas",Chinatown,"5115 Spring Mountain Rd 203","Veggie House","2013-12-15 00:00:00"
NV,"Las Vegas",Southwest,"7377 S Jones Blvd, Ste 115","The Perfect Scoop & Boba Tea","2013-12-15 00:00:00"
NV,"Las Vegas",,"4262 Blue Diamond Rd, 156-375","Sin City Dogs","2013-12-15 00:00:00"
NV,"Las Vegas",University,"730 E Flamingo Rd, Ste 10","Mint Indian Bistro","2013-12-15 00:00:00"
NV,"Las Vegas","The Strip","2985 Las Vegas Blvd S","The Peppermill Restaurant & Fireside Lounge","2013-12-12 00:00:00"
NV,"Las Vegas",Southwest,"7920 S Rainbow Blvd, Ste 115","Patty's Closet","2013-11-27 00:00:00"
NV,"Las Vegas",Northwest,"7350 W Cheyenne Ave, Ste 106","Red Rock Running Company","2013-11-26 00:00:00"
NV,"Las Vegas",Southwest,"7377 S Jones Blvd, Ste 115","The Perfect Scoop & Boba Tea","2013-11-18 00:00:00"
NV,"Las Vegas",Southwest,"7377 S Jones Blvd, Ste 115","The Perfect Scoop & Boba Tea","2013-11-14 00:00:00"
NV,"Las Vegas",Southwest,"8310 S Rainbow Blvd, Ste 100","The Sparklings","2013-11-14 00:00:00"
NV,"Las Vegas",Southwest,"7377 S Jones Blvd, Ste 115","The Perfect Scoop & Boba Tea","2013-11-14 00:00:00"
NV,"Las Vegas",Downtown,"1236 Western Ave","Pura Vida Bakery & Bystro","2013-11-14 00:00:00"
NV,"Las Vegas",Southwest,"7920 S Rainbow Blvd, Ste 100",Serenade,"2013-11-13 00:00:00"
NV,"Las Vegas","Spring Valley","9097 W Post Rd, Ste 100","Thomas Dermatology","2013-11-13 00:00:00"
NV,"Las Vegas",Westside,"750 S Rampart Blvd, Ste 9","Sambalatte Torrefazione","2013-11-13 00:00:00"
NV,"Las Vegas",,"5111 Boulder Hwy","Sam's Town Hotel & Gambling Hall","2013-11-13 00:00:00"
NV,"North Las Vegas",,"2121 E Craig Rd","Cannery Casino and Hotel","2013-11-13 00:00:00"
NV,"Las Vegas","Spring Valley","9097 W Post Rd, Ste 100","Thomas Dermatology","2013-11-12 00:00:00"
NV,"Las Vegas",Southeast,"6605 Las Vegas Blvd S, Ste 147","Kabuki Japanese Restaurant","2013-11-05 00:00:00"
NV,"Las Vegas",Southeast,"6689 Las Vegas Blvd","Whole Foods Market","2013-10-22 00:00:00"
NV,"Las Vegas",Westside,"7365 W Sahara Ave","Kinnaree Thai and Vegetarian","2013-10-21 00:00:00"
NV,"Las Vegas",Westside,"2330 S Rainbow Blvd","Braddah's Island Style","2013-10-20 00:00:00"
NV,"Las Vegas",Southwest,"7377 S Jones Blvd, Ste 116","Ambrosia Café","2013-10-19 00:00:00"
NV,"Las Vegas",Westside,"7365 W Sahara Ave","Kinnaree Thai and Vegetarian","2013-10-19 00:00:00"
NV,"Las Vegas",Southwest,"3333 Blue Diamond Rd","Twin Creeks","2013-10-16 00:00:00"
NV,Henderson,,"4500 E Sunset Rd, Unit 10","Galaxy Green Valley Luxury + Theatre","2013-10-07 00:00:00"
NV,"Las Vegas",Southeast,"5757 Wayne Newton Blvd","Spirit Airlines","2013-10-02 00:00:00"
NV,"Las Vegas","The Strip","3131 Las Vegas Blvd South","Society Cafe Encore","2013-10-02 00:00:00"
NV,"Las Vegas",,"7331 W Lake Mead Blvd, Ste 105","Yummy Grill & Sushi","2013-10-01 00:00:00"
NV,"Las Vegas",Westside,"3111 S Valley View Blvd, Ste L-115","Clean The World","2013-10-01 00:00:00"
NV,"Las Vegas",Southwest,"4150 Blue Diamond Rd, Ste 107","The Joint Chiropractic","2013-09-28 00:00:00"
NV,"Las Vegas","Spring Valley","7015 Arroyo Crossing Pkwy","The Home Depot","2013-09-27 00:00:00"
NV,"Las Vegas",Eastside,"3025 E Sahara Ave","United Nissan","2013-09-24 00:00:00"
NV,"Las Vegas","Spring Valley","7175 Arroyo Crossing Pkwy","Bed Bath & Beyond","2013-09-24 00:00:00"
NV,"Las Vegas","Spring Valley","5447 S Rainbow Blvd",Pizzalicious,"2013-09-20 00:00:00"
NV,Henderson,,"7736 Eastgate Rd","Lexus of Henderson","2013-09-20 00:00:00"
NV,"Las Vegas","Spring Valley","9295 W Flamingo Rd, Ste 100","Brooksy's Bar & Grill","2013-09-19 00:00:00"
NV,"Las Vegas","Spring Valley","9295 W Flamingo Rd, Ste 100","Brooksy's Bar & Grill","2013-09-18 00:00:00"
NV,"Las Vegas","Spring Valley","4124 S Rainbow Blvd","Best Foot Spa","2013-09-15 00:00:00"
NV,Henderson,,"7736 Eastgate Rd","Lexus of Henderson","2013-09-11 00:00:00"
NV,"Las Vegas",Southeast,"246 Via Antonio Ave","Panevino Italian Grille","2013-09-10 00:00:00"
NV,"Las Vegas","The Strip","3500 Las Vegas Blvd S","Jimmy Choo","2013-09-08 00:00:00"
NV,"Las Vegas",Southeast,"246 Via Antonio Ave","Panevino Italian Grille","2013-09-06 00:00:00"
NV,"Las Vegas","Spring Valley","8855 West Flamingo Rd, Ste 101","Four Seasons Dental Spa","2013-09-06 00:00:00"
NV,"Las Vegas",Downtown,"201 N 3rd St, Ste 120","Triple George Grill","2013-09-06 00:00:00"
NV,"Las Vegas",Southeast,"246 Via Antonio Ave","Panevino Italian Grille","2013-09-05 00:00:00"
NV,"Las Vegas",Downtown,"201 N 3rd St, Ste 120","Triple George Grill","2013-09-05 00:00:00"
NV,"Las Vegas","The Strip","3131 Las Vegas Blvd South","Society Cafe Encore","2013-09-05 00:00:00"
NV,"Las Vegas",Downtown,"1236 Western Ave","Pura Vida Bakery & Bystro","2013-09-05 00:00:00"
NV,"Las Vegas",Southwest,"3333 Blue Diamond Rd","Silverton Casino","2013-07-16 00:00:00"
NV,"Las Vegas",Southeast,"9620 S Las Vegas Blvd","The Liquor Outlet","2013-07-16 00:00:00"
NV,"Las Vegas",Southeast,"9777 S Las Vegas Blvd","Century 16 South Point","2013-07-16 00:00:00"
NV,"Las Vegas",Downtown,"525 E Fremont St","The Laundry Room","2013-07-16 00:00:00"
NV,Henderson,,"400 N Stephanie St, Ste 100","U.S. Bank","2013-07-16 00:00:00"
NV,"Las Vegas",Downtown,"401 S Maryland Pkwy","The Gay & Lesbian Community Center of Southern Nevada","2013-07-16 00:00:00"
NV,"Las Vegas",Southwest,"7645 S Rainbow Blvd, Ste 101","The Birthday Suit","2013-07-16 00:00:00"
NV,"Las Vegas","Spring Valley","5035 S Fort Apache Rd, Ste 104","The Perfect Scoop & Boba Tea","2013-07-16 00:00:00"
NV,"Las Vegas",Westside,"9400 W Sahara Ave","Regal Cinemas Village Square 18","2013-07-16 00:00:00"
NV,"Las Vegas","The Strip","2000 Las Vegas Blvd S","107 SkyLounge","2013-07-16 00:00:00"
NV,"Las Vegas","The Strip","2985 Las Vegas Blvd S","The Peppermill Restaurant & Fireside Lounge","2013-07-16 00:00:00"
NV,"Las Vegas",Westside,"1735 S Rainbow Blvd","Juice 'N' Go","2013-07-16 00:00:00"
NV,"Las Vegas","Spring Valley","5035 S Fort Apache Rd, Ste 104","The Perfect Scoop & Boba Tea","2013-07-10 00:00:00"
NV,"Las Vegas","The Strip","2880 S Las Vegas Blvd","Circus Circus Las Vegas Hotel and Casino","2013-07-02 00:00:00"
NV,"Las Vegas","The Strip","3131 Las Vegas Blvd S","Parasol Up / Parasol Down","2013-07-02 00:00:00"
NV,"Las Vegas",Southwest,"7780 S Jones Blvd","Rice Trax Teriyaki Grill","2013-07-02 00:00:00"
NV,"Las Vegas","The Strip","3732 Las Vegas Blvd S",Sage,"2013-07-02 00:00:00"
NV,"Las Vegas",Southwest,"7060 W Windmill Ln","Las Vegas-Clark County Library System - Windmill Library","2013-07-02 00:00:00"
NV,"Las Vegas","The Strip","3930 Las Vegas Blvd S, Ste 120","Slice of Vegas","2013-07-02 00:00:00"
NV,"Las Vegas","The Strip","2000 Las Vegas Blvd","Pin Up","2013-07-02 00:00:00"
NV,"Las Vegas",Eastside,"2880 S Las Vegas Blvd, Circus Circus","Carousel Bar","2013-07-02 00:00:00"
NV,"Las Vegas",Eastside,"2880 S Las Vegas Blvd, Circus Circus","Carousel Bar","2013-06-22 00:00:00"
NV,"Las Vegas",Southeast,"9620 S Las Vegas Blvd","The Liquor Outlet","2013-06-15 00:00:00"
NV,"Las Vegas","The Strip","3732 Las Vegas Blvd S",Sage,"2013-06-13 00:00:00"
NV,"Las Vegas",Southeast,"3130 E Sunset Rd, Ste A","Sunrise Coffee","2013-06-11 00:00:00"
NV,"Las Vegas",Southwest,"7729 South Rainbow Blvd","I Design 3D Nail Studio","2013-06-11 00:00:00"
NV,"Las Vegas",Southeast,"6689 Las Vegas Blvd","Whole Foods Market","2013-06-11 00:00:00"
NV,Henderson,,"4 Sunset Way, Ste A-3","Pulmonary Associates","2013-05-14 00:00:00"
NV,"Las Vegas","Spring Valley","8359 W Sunset Rd, Ste 100","Baguette Cafe","2013-05-09 00:00:00"
NV,"Las Vegas",Southwest,"3333 Blue Diamond Rd","Mermaid Restaurant & Lounge","2013-05-09 00:00:00"
NV,"Las Vegas",Southwest,"3333 Blue Diamond Rd","Silverton Casino","2013-05-03 00:00:00"
NV,"Las Vegas",Westside,"6145 W Sahara Ave, Ste 1","21 Restaurant & Lounge","2013-05-03 00:00:00"
NV,"Las Vegas","The Strip","The Cosmopolitan Of Las Vegas, 3708 Las Vegas Blvd S","Queue Bar","2013-05-03 00:00:00"
NV,"Las Vegas",Westside,"1735 S Rainbow Blvd","Juice 'N' Go","2013-05-02 00:00:00"
NV,"Las Vegas","Spring Valley","7285 Arroyo Crossing Pkwy, Ste 130","Party City","2013-05-01 00:00:00"
NV,"Las Vegas",Downtown,"401 S Maryland Pkwy","Bronze Cafe at The Center","2013-05-01 00:00:00"
NV,"Las Vegas","Spring Valley","4950 S Rainbow Blvd, Ste 120b","Russo's Pizza Kitchen","2013-05-01 00:00:00"
NV,"Las Vegas",Chinatown,"5115 Spring Mountain Rd 203","Veggie House","2013-05-01 00:00:00"
NV,"Las Vegas",Downtown,"520 Fremont St","The Beat Coffeehouse & Records","2013-05-01 00:00:00"
NV,"Las Vegas",Downtown,"1712 W Charleston Blvd","Frankie's Tiki Room","2013-05-01 00:00:00"
NV,"Las Vegas",Southeast,"9777 S Las Vegas Blvd","Century 16 South Point","2013-04-28 00:00:00"
NV,"Las Vegas",Downtown,"520 Fremont St","The Beat Coffeehouse & Records","2013-04-27 00:00:00"
NV,"Las Vegas",Southwest,"4280 Blue Diamond","Massage Envy - Blue Diamond Crossing","2013-04-24 00:00:00"
NV,"Las Vegas",Southwest,"7260 S Rainbow Blvd",Starbucks,"2013-04-24 00:00:00"
NV,"Las Vegas",Downtown,"401 S Maryland Pkwy","Bronze Cafe at The Center","2013-04-23 00:00:00"
NV,"Las Vegas",Southwest,"8390 S Rainbow Blvd, Ste 110","Pho Aimie","2013-04-20 00:00:00"
NV,"Las Vegas",Chinatown,"5115 Spring Mountain Rd 203","Veggie House","2013-04-08 00:00:00"
NV,Henderson,,"4 Sunset Way, Ste A-3","Pulmonary Associates","2013-04-06 00:00:00"
NV,"Las Vegas",Southwest,"Corner Of Jones And Cactus","CJ Dog Park","2013-04-04 00:00:00"
NV,"Las Vegas",Southwest,"7780 S Jones Blvd","Rice Trax Teriyaki Grill","2013-04-02 00:00:00"
NV,"Las Vegas",Downtown,"506 Fremont St","Park on Fremont","2013-04-02 00:00:00"
NV,"Las Vegas",Downtown,"505 Fremont St","Uncle Joe's Pizza","2013-04-01 00:00:00"
NV,"Las Vegas",Southwest,"8645 S Rainbow Blvd","The Liquor Outlet","2013-04-01 00:00:00"
NV,"Las Vegas",Downtown,,"Oso Ono Shave Ice","2013-04-01 00:00:00"
NV,"Las Vegas",Southwest,"4830 Blue Diamond Rd, Ste 130","Beanz Coffee Cafe","2013-04-01 00:00:00"
NV,"Las Vegas","Spring Valley","10082 W Flamingo Rd","Lindo Michoacan","2013-04-01 00:00:00"
NV,"Las Vegas",Southeast,"6593 Las Vegas Blvd S","Yard House","2013-03-18 00:00:00"
NV,"Las Vegas",Southwest,"4360 Blue Diamond Rd, Ste 104","Facelogic Spa","2013-03-08 00:00:00"
NV,"Las Vegas",Westside,"2101-14 S Decatur Blvd","Amber Unicorn Books","2013-03-04 00:00:00"
NV,"Las Vegas",Westside,"5117 W Charleston Blvd",Dita's,"2013-03-03 00:00:00"
NV,"Las Vegas",Southwest,"9135 S Durango","Montana Meat Company - Durango","2013-03-03 00:00:00"
NV,"Las Vegas",Southwest,"7075 Mardon Ave","Nevada Trails Park","2013-03-03 00:00:00"
NV,"Las Vegas",Southwest,"7920 S Rainbow Blvd, Ste 115","Patty's Closet","2013-03-03 00:00:00"
NV,"Las Vegas",Southeast,"6593 Las Vegas Blvd S","Yard House","2013-03-03 00:00:00"
NV,"Las Vegas",Southwest,"7380 S Rainbow Blvd, Ste 101",Cefiore,"2013-03-03 00:00:00"
NV,"Las Vegas",University,"Swenson & Thomas and Mack Dr","Thomas & Mack Center","2013-03-03 00:00:00"
NV,"Las Vegas",Southeast,"4860 S Eastern Ave, Ste 2","Fukumimi Ramen","2013-03-03 00:00:00"
NV,"Las Vegas",Southwest,"3333 Blue Diamond Rd","Mi Casa Grill Cantina","2013-03-03 00:00:00"
NV,"Las Vegas",Southwest,"7380 S Rainbow Blvd, Ste 101",Cefiore,"2013-03-02 00:00:00"
NV,"Las Vegas","The Strip","Palazzo Waterfall Atrium, 3325 S Las Vegas Boulevard","Espressamente illy","2013-02-28 00:00:00"
NV,"Las Vegas",Southwest,"7925 Virtue Ct","Chaiya Meditation Monastery Monthly Food Fair","2013-02-28 00:00:00"
NV,"Las Vegas",Southwest,"8390 S Rainbow Blvd, Ste 110","Pho Aimie","2013-02-26 00:00:00"
NV,"Las Vegas","The Strip","3327 Las Vegas Blvd S","SUSHISAMBA - Las Vegas","2013-02-25 00:00:00"
NV,"Las Vegas",Southwest,"7925 Virtue Ct","Chaiya Meditation Monastery Monthly Food Fair","2013-02-24 00:00:00"
NV,"Las Vegas",Southwest,"7155 S Rainbow Blvd, Ste 125","Grimaldi's Pizzeria","2013-02-22 00:00:00"
NV,"Las Vegas",Southwest,"7925 Virtue Ct","Chaiya Meditation Monastery Monthly Food Fair","2013-02-22 00:00:00"
NV,"Las Vegas","The Strip","3355 Las Vegas Blvd S, Venezia Tower, 10th floor","Bouchon at the Venezia Tower","2013-02-20 00:00:00"
NV,"Las Vegas","The Strip","3131 Las Vegas Blvd S","The Buffet","2013-02-20 00:00:00"
NV,"Las Vegas","Spring Valley","5875 S Rainbow Blvd, Ste 100","Wise Chiropractic","2013-02-20 00:00:00"
NV,"Las Vegas",Westside,"2260 S Rainbow Blvd","Red Rock Harley-Davidson","2013-02-20 00:00:00"
NV,"Las Vegas","Spring Valley","6115 S Rainbow Blvd, Ste 101","The Coffee Bean & Tea Leaf","2013-02-20 00:00:00"
NV,"Las Vegas",Southeast,"6587 Las Vegas Blvd S","AMC Town Square 18","2013-02-20 00:00:00"
NV,"Las Vegas",Southwest,"7537 S Rainbow Blvd","Viet My Asian Market","2013-02-17 00:00:00"
NV,"Las Vegas",Southwest,"7260 S Cimarron Rd","Born And Raised","2013-02-17 00:00:00"
NV,"Las Vegas",,"9500 S Eastern Ave, Ste 150","Crêpe Expectations","2013-02-13 00:00:00"
NV,"Las Vegas",,"4321 W Flamingo Rd","Pearl Concert Theater At Palms Casino Resort","2013-02-13 00:00:00"
NV,"Las Vegas","Spring Valley","6870 S Rainbow Blvd, Ste 116","Drago Sisters Bakery","2013-02-05 00:00:00"
NV,"Las Vegas","Spring Valley","5875 S Rainbow Blvd, Ste 104","Fresh Mama","2013-02-05 00:00:00"
NV,"Las Vegas",Southwest,"4150 Blue Diamond Rd, Ste 107","The Joint Chiropractic","2013-02-03 00:00:00"
NV,"Las Vegas",,"6115 W. Tropicana Ave","Fresh & Easy","2013-01-30 00:00:00"
NV,"Las Vegas","Spring Valley","6965 S Rainbow Blvd, Ste 104","Capriotti's Sandwich Shop","2013-01-30 00:00:00"
NV,"Las Vegas",Southwest,"7260 S Cimarron Rd","Born And Raised","2013-01-30 00:00:00"
NV,"Las Vegas",Southwest,"9265 S Cimarron Rd, Ste 115","Holley's Cuppa","2013-01-30 00:00:00"
NV,"Las Vegas",Westside,"6810 W Sahara Ave","LV Dog Resort","2013-01-30 00:00:00"
NV,"Las Vegas","Spring Valley","6345 S Rainbow Blvd, Ste 100","Archi's Thai Bistro","2013-01-30 00:00:00"
NV,"Las Vegas",Eastside,"855 E Twain Ave, Ste 120","Harrie's Bagelmania","2013-01-30 00:00:00"
NV,"Las Vegas",Eastside,"3910 S Maryland Pkwy",Wingstop,"2013-01-30 00:00:00"
NV,"Las Vegas",Westside,"6810 W Sahara Ave","LV Dog Resort","2013-01-29 00:00:00"
NV,"Las Vegas","Spring Valley","6950 Arroyo Crossing Pkwy","Best Buy","2013-01-27 00:00:00"
NV,"Las Vegas",Eastside,"3910 S Maryland Pkwy",Wingstop,"2013-01-27 00:00:00"
NV,"Las Vegas","Spring Valley","7345 Arroyo Crossing Pkwy, Ste 100","Sammy's Woodfired Pizza and Grill","2013-01-24 00:00:00"
NV,"Las Vegas","The Strip","3708 Las Vegas Blvd S","Estiatorio Milos","2013-01-14 00:00:00"
NV,"Las Vegas",Westside,,"Fukuburger Truck","2013-01-09 00:00:00"
NV,"Las Vegas","The Strip","3600 S Las Vegas Blvd","Conservatory & Botanical Garden","2013-01-06 00:00:00"
NV,"Las Vegas",Southwest,"4830 Blue Diamond Rd","Sonoma Coffee Cafe","2013-01-06 00:00:00"
NV,"Las Vegas","Spring Valley","6496 Medical Center St, Ste 102","Tipsy Coffee House","2013-01-05 00:00:00"
NV,"Las Vegas","Spring Valley","6265 S Rainbow Blvd","Hi-Tech Dental Care","2013-01-05 00:00:00"
NV,"Las Vegas",,"4305 W Post Rd, Ste 7","Union Plumbing","2013-01-05 00:00:00"
NV,"Las Vegas",Chinatown,"3553 S Rainbow Blvd","Viva Mercado's","2013-01-01 00:00:00"
NV,"Las Vegas",Chinatown,"3553 S Rainbow Blvd","Viva Mercado's","2012-12-31 00:00:00"
NV,"Las Vegas","Spring Valley","6265 S Rainbow Blvd","Hi-Tech Dental Care","2012-12-31 00:00:00"
NV,"Las Vegas","Spring Valley","4950 S Rainbow Blvd, Ste 130","Presto Cafe","2012-12-31 00:00:00"
NV,"Las Vegas",Southwest,"7835 S Rainbow Blvd, Ste 4","UR Mailbox Business Center","2012-12-31 00:00:00"
NV,"Las Vegas","Spring Valley","9580 W Flamingo Rd","Sedona Lounge","2012-12-31 00:00:00"
NV,"Las Vegas",,"4020 S Rainbow Blvd","Sprouts Farmers Market","2012-12-31 00:00:00"
NV,"Las Vegas","Spring Valley","5400 S Rainbow Blvd","Spring Valley Hospital Medical Center","2012-12-31 00:00:00"
NV,"Las Vegas","Spring Valley","9050 W Post Rd","Paparazzi Grill","2012-12-31 00:00:00"
NV,"Las Vegas",Southwest,"8050 S Rainbow Blvd",Smith's,"2012-12-31 00:00:00"
NV,"Las Vegas","Spring Valley","6496 Medical Center St, Ste 102","Tipsy Coffee House","2012-12-30 00:00:00"
NV,Henderson,Anthem,"2235 Village Walk Dr, Ste 147","Al's Garage","2012-12-29 00:00:00"
NV,"Las Vegas","Spring Valley","5400 S Rainbow Blvd","Spring Valley Hospital Medical Center","2012-12-25 00:00:00"
NV,"Las Vegas","Spring Valley","4124 S Rainbow Blvd","Best Foot Spa","2012-12-24 00:00:00"
NV,"Las Vegas",Westside,"6475 W Charleston Blvd","Wing King","2012-12-24 00:00:00"
NV,"Las Vegas",Chinatown,"3401 S Jones Blvd","Wendy's Noodle Cafe","2012-12-24 00:00:00"
NV,"Las Vegas",Southwest,"7835 S Rainbow Blvd, Ste 22","Lazy Joe's Fish & Chips","2012-12-22 00:00:00"
NV,"Las Vegas","Spring Valley","6870 S Rainbow Blvd","Rocco's NY Pizzeria","2012-12-22 00:00:00"
NV,"Las Vegas",Southwest,"9285 Cimarron Rd, Ste 105","Papa John's Pizza","2012-12-21 00:00:00"
NV,"Las Vegas",Southwest,"7835 S Rainbow Blvd, Ste 22","Lazy Joe's Fish & Chips","2012-12-21 00:00:00"
NV,"Las Vegas",Chinatown,"3401 S Jones Blvd","Wendy's Noodle Cafe","2012-12-21 00:00:00"
NV,"Las Vegas","Spring Valley","6870 S Rainbow Blvd","Rocco's NY Pizzeria","2012-12-20 00:00:00"
NV,"Las Vegas","Spring Valley","4825 S Rainbow Blvd, Ste 204-205","Long Jin Chinese Cuisine","2012-12-20 00:00:00"
NV,"Las Vegas",Southwest,"7920 S Rainbow Blvd, Ste 105","Polecats Aerial Fitness","2012-12-19 00:00:00"
NV,"Las Vegas",Southwest,"8020 S Rainbow Blvd, Ste 105","Vegas Eye Care","2012-12-17 00:00:00"
NV,"Las Vegas",Southwest,"7537 S Rainbow Blvd, Ste 109","Anytime Fitness","2012-12-17 00:00:00"
NV,"Las Vegas",Downtown,"129 E Fremont St","Vic & Anthony's Steakhouse","2012-12-17 00:00:00"
NV,"Las Vegas",Southwest,"8020 S Rainbow Blvd, Ste 100","The UPS Store","2012-12-17 00:00:00"
NV,"Las Vegas",Southwest,"7925 Virtue Ct","Chaiya Meditation Monastery","2012-12-17 00:00:00"
NV,"Las Vegas",Downtown,"10 Main St","Golden Nugget Hotel & Casino","2012-12-17 00:00:00"
NV,"Las Vegas",Chinatown,"4355 Spring Mountain Rd, Ste 101","Anime Ramen & Teriyaki","2012-12-17 00:00:00"
NV,"Las Vegas","Spring Valley","5875 S Rainbow Blvd, Ste 206","Vegas Hot! Yoga & Pilates Studio","2012-12-17 00:00:00"
NV,"Las Vegas","Spring Valley","5875 S Rainbow Blvd, Ste 206","Vegas Hot! Yoga & Pilates Studio","2012-12-16 00:00:00"
NV,"Las Vegas",Southwest,"7925 Virtue Ct","Chaiya Meditation Monastery","2012-12-16 00:00:00"
NV,"Las Vegas",Southwest,"7155 S Rainbow Blvd",Hooters,"2012-12-12 00:00:00"
NV,"Las Vegas",Southwest,"8095 S Rainbow Blvd","Choice Sinclair","2012-12-11 00:00:00"
NV,"Las Vegas",Southwest,"7155 S Rainbow Blvd, Ste 125","Grimaldi's Pizzeria","2012-12-10 00:00:00"
NV,"Las Vegas",Southwest,"7815 S Rainbow Blvd, Ste 102","New Day Cafe","2012-12-10 00:00:00"
NV,"Las Vegas",Southwest,"7350 S Rainbow Blvd",Albertsons,"2012-12-10 00:00:00"
NV,"Las Vegas",Southwest,"3333 Blue Diamond Rd","2nd Annual Asian Food Festival","2012-12-10 00:00:00"
NV,"Las Vegas","Spring Valley","6435 S Decatur Blvd","Rhythm Kitchen","2012-12-10 00:00:00"
NV,"Las Vegas","Spring Valley","7315 Arroyo Crossing Pkwy","Mimi's Cafe","2012-12-09 00:00:00"
NV,"Las Vegas",Downtown,"111 Las Vegas Blvd S","Downtown Cocktail Room","2012-12-09 00:00:00"
NV,"Las Vegas","Spring Valley","9730 W Tropicana Ave, Ste 140","Rustica Pizzeria","2012-12-09 00:00:00"
NV,"Las Vegas",Southwest,"7575 S Rainbow Blvd","Brothers Italian Bistro","2012-12-09 00:00:00"
NV,"Las Vegas",Westside,"5675 W Sahara Ave","Capo's Italian Cuisine","2012-12-09 00:00:00"
NV,"Las Vegas",Westside,"2260 S Rainbow Blvd","Red Rock Harley-Davidson","2012-12-08 00:00:00"
NV,"Las Vegas",Southwest,"7435 S Durango Dr","808 Sushi","2012-12-07 00:00:00"
NV,"Las Vegas",Southwest,"8595 S Decatur Blvd, Ste 104","Ohjah Japanese Steakhouse Sushi & Hibachi","2012-12-07 00:00:00"
NV,"Las Vegas",Southwest,"7575 S Rainbow Blvd","Brothers Italian Bistro","2012-12-02 00:00:00"
NV,Henderson,Southeast,"3195 St Rose Pkwy, Ste 210","Ear, Nose and Throat Consultants of Nevada","2012-12-01 00:00:00"
NV,Henderson,Southeast,"3195 St Rose Pkwy, Ste 210","Ear, Nose and Throat Consultants of Nevada","2012-11-30 00:00:00"
NV,"Las Vegas",Southwest,"8595 S Decatur Blvd, Ste 104","Ohjah Japanese Steakhouse Sushi & Hibachi","2012-11-28 00:00:00"
NV,"Las Vegas",,"6115 W. Tropicana Ave","Fresh & Easy","2012-11-18 00:00:00"
NV,Henderson,,"Green Valley Ranch Resort, 2309 Paseo Verde Pkwy","Terra Verde","2012-11-16 00:00:00"
NV,"Las Vegas","Spring Valley","7020 Arroyo Crossing Pkwy","Babies R US","2012-11-15 00:00:00"
NV,"Las Vegas",Southwest,"7537 S Rainbow Blvd","Don Tortaco","2012-11-14 00:00:00"
NV,"Las Vegas",Southwest,"7950 S Rainbow Blvd","Dotty's 39","2012-11-11 00:00:00"
NV,"Las Vegas","Spring Valley","5335 S Fort Apache Rd","The Human Bean","2012-11-11 00:00:00"
NV,"Las Vegas","Spring Valley","6115 S Rainbow Blvd, Ste 101","The Coffee Bean & Tea Leaf","2012-11-09 00:00:00"
NV,"Las Vegas",Southwest,"7835 S Rainbow Blvd, Ste 4","UR Mailbox Business Center","2012-11-09 00:00:00"
NV,"Las Vegas","Spring Valley","5335 S Fort Apache Rd","The Human Bean","2012-11-09 00:00:00"
NV,"Las Vegas","Spring Valley","6496 Medical Center St, Ste 102","Tipsy Coffee House","2012-11-07 00:00:00"
NV,"Las Vegas","Spring Valley","7070 S. Jones Blvd.","Tire Works Total Car Care","2012-11-05 00:00:00"
NV,"Las Vegas","Spring Valley","7145 S Rainbow Blvd","Big O Tires","2012-11-05 00:00:00"
NV,"Las Vegas",Southwest,"8095 S Rainbow Blvd","Choice Sinclair","2012-11-03 00:00:00"
NV,"Las Vegas","The Strip","Flamingo Rd",Absinthe,"2012-11-02 00:00:00"
NV,"Las Vegas",Southwest,"7835 S Rainbow Blvd, Ste 4","Far East Foot Massage","2012-11-02 00:00:00"
NV,"Las Vegas","The Strip","3600 S Las Vegas Blvd","Conservatory & Botanical Garden","2012-11-02 00:00:00"
NV,"Las Vegas","Spring Valley","6870 S Rainbow Blvd","Green World Cleaners","2012-11-01 00:00:00"
NV,"Las Vegas",Southwest,"7625 S Rainbow Blvd, Ste 100","Baidu China Bistro","2012-11-01 00:00:00"
NV,"Las Vegas",Southwest,"8390 S Rainbow Blvd, Ste 110","Pho Aimie","2012-11-01 00:00:00"
NV,"Las Vegas","The Strip","3752 Las Vegas Blvd S","Twist by Pierre Gagnaire","2012-11-01 00:00:00"
NV,"Las Vegas",Southwest,"7260 S Cimarron Rd","Born And Raised","2012-10-25 00:00:00"
NV,"Las Vegas",Southwest,"3333 Blue Diamond Rd","2nd Annual Asian Food Festival","2012-10-21 00:00:00"
NV,"Las Vegas",Southwest,"3333 Blue Diamond Rd","2nd Annual Asian Food Festival","2012-10-20 00:00:00"
NV,"Las Vegas",Southwest,"3333 Blue Diamond Rd","2nd Annual Asian Food Festival","2012-10-20 00:00:00"
NV,Henderson,,"531 N Stephanie St",PetSmart,"2012-10-19 00:00:00"
NV,"Las Vegas",Southwest,"7965 S Rainbow Blvd, Ste 125","The Butcher Block","2012-10-19 00:00:00"
NV,"Las Vegas",Southwest,"7775 S Rainbow Blvd, Ste 110","Elite Eye Care","2012-10-19 00:00:00"
NV,"Las Vegas","Spring Valley","4950 S Rainbow Blvd, Ste 100","Elements Fine Casual Dining & Cocktails","2012-10-16 00:00:00"
NV,"Las Vegas",Southeast,"Mccarran International Airport, 5757 Wayne Newton Blvd, Terminal 3","Virgin America","2012-10-16 00:00:00"
NV,"Las Vegas",Southwest,"7835 S Rainbow Blvd, Ste 20","Fausto's Mexican Grill","2012-10-16 00:00:00"
NV,"Las Vegas",Southwest,"8095 S Rainbow Blvd","Choice Sinclair","2012-10-16 00:00:00"
NV,"Las Vegas","The Strip","3950 S Las Vegas Blvd","Burger Bar","2012-10-16 00:00:00"
NV,"Las Vegas",Southwest,"7775 S Rainbow Blvd, Ste 110","Elite Eye Care","2012-10-15 00:00:00"
NV,"Las Vegas",Downtown,"900 Las Vegas Blvd S, Ste 140","The Lady Silvia","2012-10-15 00:00:00"
NV,"Las Vegas",Southwest,"7377 S Jones Blvd, Ste 116","Ambrosia Café","2012-10-15 00:00:00"
NV,"Las Vegas",Southwest,"7815 S Rainbow Blvd, Ste 102","New Day Cafe","2012-10-14 00:00:00"
NV,"Las Vegas",Southwest,"3333 Blue Diamond Rd","Twin Creeks","2012-09-28 00:00:00"
NV,"Las Vegas",Southwest,"7685 S Rainbow Blvd",Walgreens,"2012-09-28 00:00:00"
NV,"Las Vegas",Northwest,"7385 W Sahara Ave","Huntington Jewelers","2012-09-28 00:00:00"
NV,"Las Vegas",Southwest,"7835 S Rainbow Blvd, Ste 20","Fausto's Mexican Grill","2012-09-27 00:00:00"
NV,"Las Vegas","Spring Valley","6870 S Rainbow Blvd","Green World Cleaners","2012-09-27 00:00:00"
NV,"Las Vegas",Northwest,"7385 W Sahara Ave","Huntington Jewelers","2012-09-25 00:00:00"
NV,"Las Vegas",Southwest,"7575 S Rainbow Blvd","Village Pub & Poker","2012-09-24 00:00:00"
NV,"Las Vegas",Southwest,"7835 S Rainbow Blvd","Pin Kaow Thai","2012-09-24 00:00:00"
NV,"Las Vegas",Southwest,"7835 S Rainbow Blvd, Ste 24","Eyebrow Envy","2012-09-24 00:00:00"
NV,"Las Vegas",Eastside,"4455 Paradise Rd","35 Steaks + Martinis","2012-09-24 00:00:00"
NV,"Las Vegas",Chinatown,"4300 Spring Mountain Rd, Ste 101","Kinh Do","2012-09-24 00:00:00"
NV,"Las Vegas",Downtown,"1204 S Main St","Casa Don Juan Restaurant","2012-09-24 00:00:00"
NV,"Las Vegas","Spring Valley","6910 S Rainbow Blvd","Xpress Cuts","2012-09-24 00:00:00"
NV,"Las Vegas","Spring Valley","9050 W Post Rd","Angelina's Pizzeria","2012-09-24 00:00:00"
NV,"Las Vegas","Spring Valley","6910 S Rainbow Blvd, Ste 103","Rapunzel Reinvented","2012-09-24 00:00:00"
NV,"Las Vegas",Southwest,"7345 S Durango Dr, Ste 118-121","Buffalo Wild Wings","2012-09-24 00:00:00"
NV,"Las Vegas",Southwest,"7835 S Rainbow Blvd, Ste 27","Vegas Express Sushi","2012-09-24 00:00:00"
NV,"Las Vegas",University,"4800 S Maryland Pkwy, Ste A","Stake Out Bar & Grill","2012-09-24 00:00:00"
NV,"Las Vegas",Southwest,"7377 S Jones Blvd, Ste 116","Ambrosia Café","2012-09-17 00:00:00"
NV,"Las Vegas",Southwest,"7345 S Durango Dr, Ste 118-121","Buffalo Wild Wings","2012-09-16 00:00:00"
NV,"Las Vegas",Eastside,"4455 Paradise Rd","35 Steaks + Martinis","2012-09-15 00:00:00"
NV,"Las Vegas","Spring Valley","6945 S Rainbow Blvd","Putter's Bar & Grill","2012-09-13 00:00:00"
NV,"Las Vegas",Chinatown,"3620 S Jones Blvd","Pho 87","2012-09-11 00:00:00"
NV,"Las Vegas",Chinatown,"3620 S Jones Blvd","Pho 87","2012-09-11 00:00:00"
NV,"Las Vegas",Southeast,"Mccarran International Airport, 5757 Wayne Newton Blvd, Terminal 3","Virgin America","2012-09-08 00:00:00"
NV,"Las Vegas",Southeast,"901-999 E Landing Strip Ave","Village Pub & Grill","2012-09-06 00:00:00"
NV,"Las Vegas","The Strip","3950 S Las Vegas Blvd","Burger Bar","2012-09-04 00:00:00"
NV,"Las Vegas","The Strip","3950 S Las Vegas Blvd","Burger Bar","2012-09-04 00:00:00"
NV,"Las Vegas","Spring Valley","6910 S Rainbow Blvd, Ste 103","Rapunzel Reinvented","2012-09-04 00:00:00"
NV,"Las Vegas","Spring Valley","6910 S Rainbow Blvd","Xpress Cuts","2012-09-04 00:00:00"
NV,"Las Vegas","Spring Valley","4950 S Rainbow Blvd, Ste 100","Elements Fine Casual Dining & Cocktails","2012-09-04 00:00:00"
NV,"Las Vegas","Spring Valley","6965 S Rainbow Blvd","Pigs & Pomps","2012-09-04 00:00:00"
NV,"Las Vegas",Southwest,"7575 S Rainbow Blvd, Ste 107","Polished Nails & Spa","2012-09-04 00:00:00"
NV,"Las Vegas",Southwest,"7155 S Rainbow Blvd, Ste 125","Grimaldi's Pizzeria","2012-09-04 00:00:00"
NV,"Las Vegas","Spring Valley","7050 Arroyo Crossing Pkwy",PetSmart,"2012-09-03 00:00:00"
NV,"Las Vegas","Spring Valley","7050 Arroyo Crossing Pkwy",PetSmart,"2012-09-01 00:00:00"
NV,"Las Vegas","Spring Valley","9097 W Post Rd, Ste 100","Thomas Dermatology","2012-08-27 00:00:00"
NV,"Las Vegas",Southwest,"7835 S Rainbow Blvd, Ste 24","Eyebrow Envy","2012-08-26 00:00:00"
NV,"Las Vegas",Chinatown,"4029 Spring Mountain Rd","Pho Kim Long","2012-08-24 00:00:00"
NV,"Las Vegas",Southwest,"9325 S Cimarron Rd, Ste 145","Barking Dogs Self-Wash & Grooming","2012-08-24 00:00:00"
NV,"Las Vegas",Westside,"2320 Paseo Del Prado, Ste B204","Helping Hands of Vegas Valley","2012-08-24 00:00:00"
NV,"Las Vegas","Spring Valley","7050 Arroyo Crossing Pkwy",PetSmart,"2012-08-24 00:00:00"
NV,"Las Vegas","The Strip","3732 Las Vegas Blvd S",Sage,"2012-08-21 00:00:00"
NV,Henderson,,"531 N Stephanie St",PetSmart,"2012-08-20 00:00:00"
NV,"Las Vegas",Westside,"2320 Paseo Del Prado, Ste B204","Helping Hands of Vegas Valley","2012-08-18 00:00:00"
NV,"Las Vegas",Southwest,"7575 S Rainbow Blvd, Ste 107","Polished Nails & Spa","2012-08-02 00:00:00"
NV,"Las Vegas","The Strip","3708 Las Vegas Blvd S","D.O.C.G. Enoteca","2012-08-02 00:00:00"
NV,"Las Vegas","The Strip","3708 Las Vegas Blvd S","D.O.C.G. Enoteca","2012-08-01 00:00:00"
NV,"Las Vegas","Spring Valley","9670 W Tropicana Ave, Ste 110","Southern Nevada Chiropractic","2012-07-29 00:00:00"
NV,"Las Vegas",Southwest,"8310 S Rainbow Blvd, Ste 100","Nagoya Japanese Restaurant & Korean BBQ","2011-01-07 00:00:00"
NV,"Las Vegas",Southwest,"4785 Blue Diamond Rd","Home Plate Grill & Bar","2011-01-07 00:00:00"
NV,"Las Vegas",Southwest,"8390 S Rainbow Blvd","Cheeburger Cheeburger","2010-04-06 00:00:00"
